{
  "type": "FeatureCollection",
  "features": [
    {
      "type": "Feature",
      "properties": {
        "lat": 35.693799,
        "lon": 139.753281,
        "name": "A1-01.千代田区役所",
        "capacity": 8,
        "region_id": "1",
        "station_id": "00010001"
      },
      "geometry": {
        "type": "Point",
        "coordinates": [
          139.753281,
          35.693799
        ]
      }
    },
    {
      "type": "Feature",
      "properties": {
        "lat": 35.701073,
        "lon": 139.747525,
        "name": "A1-03.東京区政会館（メトロA5出口）",
        "capacity": 13,
        "region_id": "1",
        "station_id": "00010003"
      },
      "geometry": {
        "type": "Point",
        "coordinates": [
          139.747525,
          35.701073
        ]
      }
    },
    {
      "type": "Feature",
      "properties": {
        "lat": 35.699187,
        "lon": 139.746348,
        "name": "A1-05.富士見出張所",
        "capacity": 8,
        "region_id": "1",
        "station_id": "00010005"
      },
      "geometry": {
        "type": "Point",
        "coordinates": [
          139.746348,
          35.699187
        ]
      }
    },
    {
      "type": "Feature",
      "properties": {
        "lat": 35.699132,
        "lon": 139.74462,
        "name": "A1-08.飯田橋サクラテラス（早稲田通り）",
        "capacity": 13,
        "region_id": "1",
        "station_id": "00010036"
      },
      "geometry": {
        "type": "Point",
        "coordinates": [
          139.74462,
          35.699132
        ]
      }
    },
    {
      "type": "Feature",
      "properties": {
        "lat": 35.696449,
        "lon": 139.750784,
        "name": "A1-10.ヒューリック九段ビル",
        "capacity": 6,
        "region_id": "1",
        "station_id": "00010138"
      },
      "geometry": {
        "type": "Point",
        "coordinates": [
          139.750784,
          35.696449
        ]
      }
    },
    {
      "type": "Feature",
      "properties": {
        "lat": 35.695515,
        "lon": 139.750213,
        "name": "A1-12.北の丸スクエア",
        "capacity": 8,
        "region_id": "1",
        "station_id": "00010265"
      },
      "geometry": {
        "type": "Point",
        "coordinates": [
          139.750213,
          35.695515
        ]
      }
    },
    {
      "type": "Feature",
      "properties": {
        "lat": 35.697167,
        "lon": 139.745629,
        "name": "A1-15.富士見みらい館",
        "capacity": 10,
        "region_id": "1",
        "station_id": "00010735"
      },
      "geometry": {
        "type": "Point",
        "coordinates": [
          139.745629,
          35.697167
        ]
      }
    },
    {
      "type": "Feature",
      "properties": {
        "lat": 35.692605,
        "lon": 139.755761,
        "name": "A1-17.雉子橋集積所",
        "capacity": 6,
        "region_id": "1",
        "station_id": "00001294"
      },
      "geometry": {
        "type": "Point",
        "coordinates": [
          139.755761,
          35.692605
        ]
      }
    },
    {
      "type": "Feature",
      "properties": {
        "lat": 35.696202,
        "lon": 139.752351,
        "name": "A1-18.東京区政会館別館(特別区研修所)",
        "capacity": 5,
        "region_id": "1",
        "station_id": "00001061"
      },
      "geometry": {
        "type": "Point",
        "coordinates": [
          139.752351,
          35.696202
        ]
      }
    },
    {
      "type": "Feature",
      "properties": {
        "lat": 35.694065,
        "lon": 139.751801,
        "name": "A1-19.九段会館テラス",
        "capacity": 4,
        "region_id": "1",
        "station_id": "00001147"
      },
      "geometry": {
        "type": "Point",
        "coordinates": [
          139.751801,
          35.694065
        ]
      }
    },
    {
      "type": "Feature",
      "properties": {
        "lat": 35.693021,
        "lon": 139.740317,
        "name": "A1-20.菱和パレス九段",
        "capacity": 7,
        "region_id": "1",
        "station_id": "00002402"
      },
      "geometry": {
        "type": "Point",
        "coordinates": [
          139.740317,
          35.693021
        ]
      }
    },
    {
      "type": "Feature",
      "properties": {
        "lat": 35.699885,
        "lon": 139.749825,
        "name": "A1-21.東京しごとセンター",
        "capacity": 8,
        "region_id": "1",
        "station_id": "00003603"
      },
      "geometry": {
        "type": "Point",
        "coordinates": [
          139.749825,
          35.699885
        ]
      }
    },
    {
      "type": "Feature",
      "properties": {
        "lat": 35.695762,
        "lon": 139.761585,
        "name": "A2-01.神田駿河台下",
        "capacity": 39,
        "region_id": "1",
        "station_id": "00010008"
      },
      "geometry": {
        "type": "Point",
        "coordinates": [
          139.761585,
          35.695762
        ]
      }
    },
    {
      "type": "Feature",
      "properties": {
        "lat": 35.698591,
        "lon": 139.755113,
        "name": "A2-02.西神田公園（北側）",
        "capacity": 16,
        "region_id": "1",
        "station_id": "00010009"
      },
      "geometry": {
        "type": "Point",
        "coordinates": [
          139.755113,
          35.698591
        ]
      }
    },
    {
      "type": "Feature",
      "properties": {
        "lat": 35.698338,
        "lon": 139.754876,
        "name": "A2-03.西神田公園（西側）",
        "capacity": 11,
        "region_id": "1",
        "station_id": "00010010"
      },
      "geometry": {
        "type": "Point",
        "coordinates": [
          139.754876,
          35.698338
        ]
      }
    },
    {
      "type": "Feature",
      "properties": {
        "lat": 35.6915,
        "lon": 139.7621,
        "name": "A2-04.ちよだプラットフォームスクウェア",
        "capacity": 9,
        "region_id": "1",
        "station_id": "00010011"
      },
      "geometry": {
        "type": "Point",
        "coordinates": [
          139.7621,
          35.6915
        ]
      }
    },
    {
      "type": "Feature",
      "properties": {
        "lat": 35.689665,
        "lon": 139.764091,
        "name": "A2-05.神田橋公園",
        "capacity": 10,
        "region_id": "1",
        "station_id": "00010012"
      },
      "geometry": {
        "type": "Point",
        "coordinates": [
          139.764091,
          35.689665
        ]
      }
    },
    {
      "type": "Feature",
      "properties": {
        "lat": 35.700568,
        "lon": 139.76013,
        "name": "A2-08.KDX御茶ノ水ビル",
        "capacity": 11,
        "region_id": "1",
        "station_id": "00010034"
      },
      "geometry": {
        "type": "Point",
        "coordinates": [
          139.76013,
          35.700568
        ]
      }
    },
    {
      "type": "Feature",
      "properties": {
        "lat": 35.6931,
        "lon": 139.7599,
        "name": "A2-09.テラススクエア",
        "capacity": 8,
        "region_id": "1",
        "station_id": "00010038"
      },
      "geometry": {
        "type": "Point",
        "coordinates": [
          139.7599,
          35.6931
        ]
      }
    },
    {
      "type": "Feature",
      "properties": {
        "lat": 35.694532,
        "lon": 139.760695,
        "name": "A2-12.神保町三井ビルディング",
        "capacity": 21,
        "region_id": "1",
        "station_id": "00010042"
      },
      "geometry": {
        "type": "Point",
        "coordinates": [
          139.760695,
          35.694532
        ]
      }
    },
    {
      "type": "Feature",
      "properties": {
        "lat": 35.692269,
        "lon": 139.759391,
        "name": "A2-14.興和一橋ビル",
        "capacity": 17,
        "region_id": "1",
        "station_id": "00010485"
      },
      "geometry": {
        "type": "Point",
        "coordinates": [
          139.759391,
          35.692269
        ]
      }
    },
    {
      "type": "Feature",
      "properties": {
        "lat": 35.692396,
        "lon": 139.75639,
        "name": "A2-17.竹橋ビル",
        "capacity": 8,
        "region_id": "1",
        "station_id": "00010716"
      },
      "geometry": {
        "type": "Point",
        "coordinates": [
          139.75639,
          35.692396
        ]
      }
    },
    {
      "type": "Feature",
      "properties": {
        "lat": 35.698654,
        "lon": 139.759762,
        "name": "A2-18.猿楽町SSビル東",
        "capacity": 6,
        "region_id": "1",
        "station_id": "00010835"
      },
      "geometry": {
        "type": "Point",
        "coordinates": [
          139.759762,
          35.698654
        ]
      }
    },
    {
      "type": "Feature",
      "properties": {
        "lat": 35.698641,
        "lon": 139.759306,
        "name": "A2-19.猿楽町SSビル西",
        "capacity": 6,
        "region_id": "1",
        "station_id": "00010836"
      },
      "geometry": {
        "type": "Point",
        "coordinates": [
          139.759306,
          35.698641
        ]
      }
    },
    {
      "type": "Feature",
      "properties": {
        "lat": 35.693408,
        "lon": 139.762809,
        "name": "A2-20.神田スクエア",
        "capacity": 22,
        "region_id": "1",
        "station_id": "00010900"
      },
      "geometry": {
        "type": "Point",
        "coordinates": [
          139.762809,
          35.693408
        ]
      }
    },
    {
      "type": "Feature",
      "properties": {
        "lat": 35.694578,
        "lon": 139.754434,
        "name": "A2-21.神田神保町3丁目",
        "capacity": 7,
        "region_id": "1",
        "station_id": "00010935"
      },
      "geometry": {
        "type": "Point",
        "coordinates": [
          139.754434,
          35.694578
        ]
      }
    },
    {
      "type": "Feature",
      "properties": {
        "lat": 35.696147,
        "lon": 139.753709,
        "name": "A2-22.専修大学",
        "capacity": 6,
        "region_id": "1",
        "station_id": "00010634"
      },
      "geometry": {
        "type": "Point",
        "coordinates": [
          139.753709,
          35.696147
        ]
      }
    },
    {
      "type": "Feature",
      "properties": {
        "lat": 35.696126,
        "lon": 139.763297,
        "name": "A2-23.axle御茶ノ水",
        "capacity": 7,
        "region_id": "1",
        "station_id": "00010969"
      },
      "geometry": {
        "type": "Point",
        "coordinates": [
          139.763297,
          35.696126
        ]
      }
    },
    {
      "type": "Feature",
      "properties": {
        "lat": 35.702271,
        "lon": 139.752619,
        "name": "A2-24.水道橋駅西口前",
        "capacity": 6,
        "region_id": "1",
        "station_id": "00011016"
      },
      "geometry": {
        "type": "Point",
        "coordinates": [
          139.752619,
          35.702271
        ]
      }
    },
    {
      "type": "Feature",
      "properties": {
        "lat": 35.698991,
        "lon": 139.76091,
        "name": "A2-25.プラウド神田駿河台",
        "capacity": 13,
        "region_id": "1",
        "station_id": "00000168"
      },
      "geometry": {
        "type": "Point",
        "coordinates": [
          139.76091,
          35.698991
        ]
      }
    },
    {
      "type": "Feature",
      "properties": {
        "lat": 35.690958,
        "lon": 139.759876,
        "name": "A2-27.丸紅ビル",
        "capacity": 29,
        "region_id": "1",
        "station_id": "00000490"
      },
      "geometry": {
        "type": "Point",
        "coordinates": [
          139.759876,
          35.690958
        ]
      }
    },
    {
      "type": "Feature",
      "properties": {
        "lat": 35.6915,
        "lon": 139.75685,
        "name": "A2-28.NTTコミュニケーションズ一ツ橋ビル駐車場",
        "capacity": 9,
        "region_id": "1",
        "station_id": "00001082"
      },
      "geometry": {
        "type": "Point",
        "coordinates": [
          139.75685,
          35.6915
        ]
      }
    },
    {
      "type": "Feature",
      "properties": {
        "lat": 35.697131,
        "lon": 139.758828,
        "name": "A2-29.mirio神保町",
        "capacity": 4,
        "region_id": "1",
        "station_id": "00003671"
      },
      "geometry": {
        "type": "Point",
        "coordinates": [
          139.758828,
          35.697131
        ]
      }
    },
    {
      "type": "Feature",
      "properties": {
        "lat": 35.700685,
        "lon": 139.757391,
        "name": "A2-30.VORT 水道橋Ⅲ",
        "capacity": 3,
        "region_id": "1",
        "station_id": "00003921"
      },
      "geometry": {
        "type": "Point",
        "coordinates": [
          139.757391,
          35.700685
        ]
      }
    },
    {
      "type": "Feature",
      "properties": {
        "lat": 35.691456,
        "lon": 139.762228,
        "name": "A2-31.ちよだプラットフォームスクウェア（道路側）",
        "capacity": 11,
        "region_id": "1",
        "station_id": "00005045"
      },
      "geometry": {
        "type": "Point",
        "coordinates": [
          139.762228,
          35.691456
        ]
      }
    },
    {
      "type": "Feature",
      "properties": {
        "lat": 35.692983,
        "lon": 139.76773,
        "name": "A3-01.神田児童公園（西側交番横）",
        "capacity": 6,
        "region_id": "1",
        "station_id": "00010013"
      },
      "geometry": {
        "type": "Point",
        "coordinates": [
          139.76773,
          35.692983
        ]
      }
    },
    {
      "type": "Feature",
      "properties": {
        "lat": 35.689575,
        "lon": 139.767848,
        "name": "A3-02.絶滅メディア博物館（楓ビル）",
        "capacity": 8,
        "region_id": "1",
        "station_id": "00010014"
      },
      "geometry": {
        "type": "Point",
        "coordinates": [
          139.767848,
          35.689575
        ]
      }
    },
    {
      "type": "Feature",
      "properties": {
        "lat": 35.697642,
        "lon": 139.774867,
        "name": "A3-04.秋葉原公園",
        "capacity": 18,
        "region_id": "1",
        "station_id": "00010016"
      },
      "geometry": {
        "type": "Point",
        "coordinates": [
          139.774867,
          35.697642
        ]
      }
    },
    {
      "type": "Feature",
      "properties": {
        "lat": 35.698817,
        "lon": 139.778898,
        "name": "A3-05.和泉公園（西側入口）",
        "capacity": 6,
        "region_id": "1",
        "station_id": "00010017"
      },
      "geometry": {
        "type": "Point",
        "coordinates": [
          139.778898,
          35.698817
        ]
      }
    },
    {
      "type": "Feature",
      "properties": {
        "lat": 35.696942,
        "lon": 139.767302,
        "name": "A3-07.淡路公園",
        "capacity": 7,
        "region_id": "1",
        "station_id": "00010035"
      },
      "geometry": {
        "type": "Point",
        "coordinates": [
          139.767302,
          35.696942
        ]
      }
    },
    {
      "type": "Feature",
      "properties": {
        "lat": 35.702299,
        "lon": 139.768342,
        "name": "A3-08.神田明神（神田神社）",
        "capacity": 12,
        "region_id": "1",
        "station_id": "00010020"
      },
      "geometry": {
        "type": "Point",
        "coordinates": [
          139.768342,
          35.702299
        ]
      }
    },
    {
      "type": "Feature",
      "properties": {
        "lat": 35.701978,
        "lon": 139.7698,
        "name": "A3-10.芳林公園（北側）",
        "capacity": 9,
        "region_id": "1",
        "station_id": "00010021"
      },
      "geometry": {
        "type": "Point",
        "coordinates": [
          139.7698,
          35.701978
        ]
      }
    },
    {
      "type": "Feature",
      "properties": {
        "lat": 35.703735,
        "lon": 139.770629,
        "name": "A3-11.練成公園",
        "capacity": 9,
        "region_id": "1",
        "station_id": "00010022"
      },
      "geometry": {
        "type": "Point",
        "coordinates": [
          139.770629,
          35.703735
        ]
      }
    },
    {
      "type": "Feature",
      "properties": {
        "lat": 35.70111,
        "lon": 139.772855,
        "name": "A3-12.秋葉原UDX北側駐輪場前",
        "capacity": 15,
        "region_id": "1",
        "station_id": "00010032"
      },
      "geometry": {
        "type": "Point",
        "coordinates": [
          139.772855,
          35.70111
        ]
      }
    },
    {
      "type": "Feature",
      "properties": {
        "lat": 35.700486,
        "lon": 139.774254,
        "name": "A3-13.富士ソフトビル（駐車場入口横）",
        "capacity": 19,
        "region_id": "1",
        "station_id": "00010037"
      },
      "geometry": {
        "type": "Point",
        "coordinates": [
          139.774254,
          35.700486
        ]
      }
    },
    {
      "type": "Feature",
      "properties": {
        "lat": 35.691069,
        "lon": 139.775376,
        "name": "A3-16.地蔵橋東児童遊園",
        "capacity": 5,
        "region_id": "1",
        "station_id": "00010141"
      },
      "geometry": {
        "type": "Point",
        "coordinates": [
          139.775376,
          35.691069
        ]
      }
    },
    {
      "type": "Feature",
      "properties": {
        "lat": 35.69703,
        "lon": 139.779928,
        "name": "A3-18.美倉橋北児童遊園",
        "capacity": 8,
        "region_id": "1",
        "station_id": "00010143"
      },
      "geometry": {
        "type": "Point",
        "coordinates": [
          139.779928,
          35.69703
        ]
      }
    },
    {
      "type": "Feature",
      "properties": {
        "lat": 35.694904,
        "lon": 139.772712,
        "name": "A3-19.神田ふれあい通り第１",
        "capacity": 5,
        "region_id": "1",
        "station_id": "00010170"
      },
      "geometry": {
        "type": "Point",
        "coordinates": [
          139.772712,
          35.694904
        ]
      }
    },
    {
      "type": "Feature",
      "properties": {
        "lat": 35.695005,
        "lon": 139.772747,
        "name": "A3-20.神田ふれあい通り第２",
        "capacity": 2,
        "region_id": "1",
        "station_id": "00010171"
      },
      "geometry": {
        "type": "Point",
        "coordinates": [
          139.772747,
          35.695005
        ]
      }
    },
    {
      "type": "Feature",
      "properties": {
        "lat": 35.695176,
        "lon": 139.772832,
        "name": "A3-21.神田ふれあい通り第３",
        "capacity": 14,
        "region_id": "1",
        "station_id": "00010172"
      },
      "geometry": {
        "type": "Point",
        "coordinates": [
          139.772832,
          35.695176
        ]
      }
    },
    {
      "type": "Feature",
      "properties": {
        "lat": 35.693234,
        "lon": 139.779702,
        "name": "A3-22.龍閑児童公園",
        "capacity": 7,
        "region_id": "1",
        "station_id": "00010173"
      },
      "geometry": {
        "type": "Point",
        "coordinates": [
          139.779702,
          35.693234
        ]
      }
    },
    {
      "type": "Feature",
      "properties": {
        "lat": 35.69441,
        "lon": 139.777715,
        "name": "A3-24.岩本町ほほえみプラザ",
        "capacity": 8,
        "region_id": "1",
        "station_id": "00010175"
      },
      "geometry": {
        "type": "Point",
        "coordinates": [
          139.777715,
          35.69441
        ]
      }
    },
    {
      "type": "Feature",
      "properties": {
        "lat": 35.698986,
        "lon": 139.774099,
        "name": "A3-27.秋葉原駅中央口（ヨドバシカメラ前）",
        "capacity": 21,
        "region_id": "1",
        "station_id": "00010302"
      },
      "geometry": {
        "type": "Point",
        "coordinates": [
          139.774099,
          35.698986
        ]
      }
    },
    {
      "type": "Feature",
      "properties": {
        "lat": 35.699173,
        "lon": 139.772629,
        "name": "A3-28.秋葉原駅電気街口(西側交通広場)",
        "capacity": 7,
        "region_id": "1",
        "station_id": "00010303"
      },
      "geometry": {
        "type": "Point",
        "coordinates": [
          139.772629,
          35.699173
        ]
      }
    },
    {
      "type": "Feature",
      "properties": {
        "lat": 35.695737,
        "lon": 139.78162,
        "name": "A3-37.ポータル秋葉原",
        "capacity": 5,
        "region_id": "1",
        "station_id": "00010600"
      },
      "geometry": {
        "type": "Point",
        "coordinates": [
          139.78162,
          35.695737
        ]
      }
    },
    {
      "type": "Feature",
      "properties": {
        "lat": 35.69497,
        "lon": 139.76945,
        "name": "A3-38.パークホームズ千代田淡路町",
        "capacity": 4,
        "region_id": "1",
        "station_id": "00010645"
      },
      "geometry": {
        "type": "Point",
        "coordinates": [
          139.76945,
          35.69497
        ]
      }
    },
    {
      "type": "Feature",
      "properties": {
        "lat": 35.694834,
        "lon": 139.780333,
        "name": "A3-39.トーシン東神田ビル",
        "capacity": 4,
        "region_id": "1",
        "station_id": "00010672"
      },
      "geometry": {
        "type": "Point",
        "coordinates": [
          139.780333,
          35.694834
        ]
      }
    },
    {
      "type": "Feature",
      "properties": {
        "lat": 35.698917,
        "lon": 139.771856,
        "name": "A3-41.秋葉原ダイビル",
        "capacity": 16,
        "region_id": "1",
        "station_id": "00010874"
      },
      "geometry": {
        "type": "Point",
        "coordinates": [
          139.771856,
          35.698917
        ]
      }
    },
    {
      "type": "Feature",
      "properties": {
        "lat": 35.692599,
        "lon": 139.770109,
        "name": "A3-42.内神田3丁目",
        "capacity": 37,
        "region_id": "1",
        "station_id": "00010909"
      },
      "geometry": {
        "type": "Point",
        "coordinates": [
          139.770109,
          35.692599
        ]
      }
    },
    {
      "type": "Feature",
      "properties": {
        "lat": 35.69474,
        "lon": 139.77929,
        "name": "A3-43.unito CHIYODA",
        "capacity": 2,
        "region_id": "1",
        "station_id": "00010949"
      },
      "geometry": {
        "type": "Point",
        "coordinates": [
          139.77929,
          35.69474
        ]
      }
    },
    {
      "type": "Feature",
      "properties": {
        "lat": 35.694679,
        "lon": 139.779504,
        "name": "A3-44.THE WAVES AKIHABARA",
        "capacity": 4,
        "region_id": "1",
        "station_id": "00011026"
      },
      "geometry": {
        "type": "Point",
        "coordinates": [
          139.779504,
          35.694679
        ]
      }
    },
    {
      "type": "Feature",
      "properties": {
        "lat": 35.691578,
        "lon": 139.77138,
        "name": "A3-45.鍛冶町2丁目",
        "capacity": 19,
        "region_id": "1",
        "station_id": "00001335"
      },
      "geometry": {
        "type": "Point",
        "coordinates": [
          139.77138,
          35.691578
        ]
      }
    },
    {
      "type": "Feature",
      "properties": {
        "lat": 35.695457,
        "lon": 139.772972,
        "name": "A3-46.神田須田町2丁目",
        "capacity": 2,
        "region_id": "1",
        "station_id": "00001336"
      },
      "geometry": {
        "type": "Point",
        "coordinates": [
          139.772972,
          35.695457
        ]
      }
    },
    {
      "type": "Feature",
      "properties": {
        "lat": 35.690602,
        "lon": 139.766916,
        "name": "A3-47.ホテルヴィラフォンテーヌ東京大手町",
        "capacity": 14,
        "region_id": "1",
        "station_id": "00002401"
      },
      "geometry": {
        "type": "Point",
        "coordinates": [
          139.766916,
          35.690602
        ]
      }
    },
    {
      "type": "Feature",
      "properties": {
        "lat": 35.696066,
        "lon": 139.777521,
        "name": "A3-48.VORT秋葉原Ｖ",
        "capacity": 5,
        "region_id": "1",
        "station_id": "00003627"
      },
      "geometry": {
        "type": "Point",
        "coordinates": [
          139.777521,
          35.696066
        ]
      }
    },
    {
      "type": "Feature",
      "properties": {
        "lat": 35.696711,
        "lon": 139.776471,
        "name": "A3-49.プルータスビル1",
        "capacity": 6,
        "region_id": "1",
        "station_id": "00003987"
      },
      "geometry": {
        "type": "Point",
        "coordinates": [
          139.776471,
          35.696711
        ]
      }
    },
    {
      "type": "Feature",
      "properties": {
        "lat": 35.69218,
        "lon": 139.76919,
        "name": "A3-51.VORT内神田",
        "capacity": 4,
        "region_id": "1",
        "station_id": "00004661"
      },
      "geometry": {
        "type": "Point",
        "coordinates": [
          139.76919,
          35.69218
        ]
      }
    },
    {
      "type": "Feature",
      "properties": {
        "lat": 35.702304,
        "lon": 139.768581,
        "name": "A3-52.ISM御茶ノ水",
        "capacity": 2,
        "region_id": "1",
        "station_id": "00004793"
      },
      "geometry": {
        "type": "Point",
        "coordinates": [
          139.768581,
          35.702304
        ]
      }
    },
    {
      "type": "Feature",
      "properties": {
        "lat": 35.694623,
        "lon": 139.77433,
        "name": "A3-53.リパーク神田東松下町第２",
        "capacity": 32,
        "region_id": "1",
        "station_id": "00004792"
      },
      "geometry": {
        "type": "Point",
        "coordinates": [
          139.77433,
          35.694623
        ]
      }
    },
    {
      "type": "Feature",
      "properties": {
        "lat": 35.704554,
        "lon": 139.770117,
        "name": "A3-54.外神田6丁目",
        "capacity": 64,
        "region_id": "1",
        "station_id": "00005413"
      },
      "geometry": {
        "type": "Point",
        "coordinates": [
          139.770117,
          35.704554
        ]
      }
    },
    {
      "type": "Feature",
      "properties": {
        "lat": 35.680514,
        "lon": 139.764002,
        "name": "A4-01.丸ビル（南側駐輪場）",
        "capacity": 12,
        "region_id": "1",
        "station_id": "00010023"
      },
      "geometry": {
        "type": "Point",
        "coordinates": [
          139.764002,
          35.680514
        ]
      }
    },
    {
      "type": "Feature",
      "properties": {
        "lat": 35.686847,
        "lon": 139.765151,
        "name": "A4-02.東京サンケイビル",
        "capacity": 21,
        "region_id": "1",
        "station_id": "00010033"
      },
      "geometry": {
        "type": "Point",
        "coordinates": [
          139.765151,
          35.686847
        ]
      }
    },
    {
      "type": "Feature",
      "properties": {
        "lat": 35.675843,
        "lon": 139.763329,
        "name": "A4-03.東京国際フォーラム（メトロD5出口）",
        "capacity": 9,
        "region_id": "1",
        "station_id": "00010024"
      },
      "geometry": {
        "type": "Point",
        "coordinates": [
          139.763329,
          35.675843
        ]
      }
    },
    {
      "type": "Feature",
      "properties": {
        "lat": 35.685938,
        "lon": 139.764886,
        "name": "A4-05.大手町タワー",
        "capacity": 58,
        "region_id": "1",
        "station_id": "00010041"
      },
      "geometry": {
        "type": "Point",
        "coordinates": [
          139.764886,
          35.685938
        ]
      }
    },
    {
      "type": "Feature",
      "properties": {
        "lat": 35.686037,
        "lon": 139.764472,
        "name": "A4-06.大手町ファーストスクエア",
        "capacity": 15,
        "region_id": "1",
        "station_id": "00010148"
      },
      "geometry": {
        "type": "Point",
        "coordinates": [
          139.764472,
          35.686037
        ]
      }
    },
    {
      "type": "Feature",
      "properties": {
        "lat": 35.684349,
        "lon": 139.766958,
        "name": "A4-08.永代通り（大手町駅B2c出口前）",
        "capacity": 25,
        "region_id": "1",
        "station_id": "00010197"
      },
      "geometry": {
        "type": "Point",
        "coordinates": [
          139.766958,
          35.684349
        ]
      }
    },
    {
      "type": "Feature",
      "properties": {
        "lat": 35.680753,
        "lon": 139.762069,
        "name": "A4-11.二重橋前駅(メトロ4番出口)",
        "capacity": 5,
        "region_id": "1",
        "station_id": "00010513"
      },
      "geometry": {
        "type": "Point",
        "coordinates": [
          139.762069,
          35.680753
        ]
      }
    },
    {
      "type": "Feature",
      "properties": {
        "lat": 35.674274,
        "lon": 139.759111,
        "name": "A4-12.東京ミッドタウン日比谷",
        "capacity": 3,
        "region_id": "1",
        "station_id": "00010530"
      },
      "geometry": {
        "type": "Point",
        "coordinates": [
          139.759111,
          35.674274
        ]
      }
    },
    {
      "type": "Feature",
      "properties": {
        "lat": 35.68557,
        "lon": 139.766929,
        "name": "A4-13.アーバンネット大手町ビル",
        "capacity": 7,
        "region_id": "1",
        "station_id": "00010851"
      },
      "geometry": {
        "type": "Point",
        "coordinates": [
          139.766929,
          35.68557
        ]
      }
    },
    {
      "type": "Feature",
      "properties": {
        "lat": 35.675739,
        "lon": 139.763712,
        "name": "A4-14.東京国際フォーラム（有楽町駅ガード側）",
        "capacity": 7,
        "region_id": "1",
        "station_id": "00000491"
      },
      "geometry": {
        "type": "Point",
        "coordinates": [
          139.763712,
          35.675739
        ]
      }
    },
    {
      "type": "Feature",
      "properties": {
        "lat": 35.673723,
        "lon": 139.739536,
        "name": "A5-02.山王パークタワー",
        "capacity": 9,
        "region_id": "1",
        "station_id": "00010019"
      },
      "geometry": {
        "type": "Point",
        "coordinates": [
          139.739536,
          35.673723
        ]
      }
    },
    {
      "type": "Feature",
      "properties": {
        "lat": 35.677763,
        "lon": 139.74271,
        "name": "A5-03.参議院第二別館（永田町駅2番出口）",
        "capacity": 18,
        "region_id": "1",
        "station_id": "00010025"
      },
      "geometry": {
        "type": "Point",
        "coordinates": [
          139.74271,
          35.677763
        ]
      }
    },
    {
      "type": "Feature",
      "properties": {
        "lat": 35.671514,
        "lon": 139.753952,
        "name": "A5-04.日比谷パークフロント前　日比谷公園南面向い歩道上",
        "capacity": 12,
        "region_id": "1",
        "station_id": "00010553"
      },
      "geometry": {
        "type": "Point",
        "coordinates": [
          139.753952,
          35.671514
        ]
      }
    },
    {
      "type": "Feature",
      "properties": {
        "lat": 35.674468,
        "lon": 139.741328,
        "name": "A5-06.APA HOTEL PRIDE 赤坂国会議事堂前",
        "capacity": 10,
        "region_id": "1",
        "station_id": "00010758"
      },
      "geometry": {
        "type": "Point",
        "coordinates": [
          139.741328,
          35.674468
        ]
      }
    },
    {
      "type": "Feature",
      "properties": {
        "lat": 35.670452,
        "lon": 139.75557,
        "name": "A5-07.富国生命ビル",
        "capacity": 9,
        "region_id": "1",
        "station_id": "00010776"
      },
      "geometry": {
        "type": "Point",
        "coordinates": [
          139.75557,
          35.670452
        ]
      }
    },
    {
      "type": "Feature",
      "properties": {
        "lat": 35.689879,
        "lon": 139.740178,
        "name": "A6-01.東郷元帥記念公園（南側）",
        "capacity": 5,
        "region_id": "1",
        "station_id": "00010026"
      },
      "geometry": {
        "type": "Point",
        "coordinates": [
          139.740178,
          35.689879
        ]
      }
    },
    {
      "type": "Feature",
      "properties": {
        "lat": 35.687031,
        "lon": 139.739327,
        "name": "A6-02.いきいきプラザ一番町（西側駐輪場）",
        "capacity": 8,
        "region_id": "1",
        "station_id": "00010027"
      },
      "geometry": {
        "type": "Point",
        "coordinates": [
          139.739327,
          35.687031
        ]
      }
    },
    {
      "type": "Feature",
      "properties": {
        "lat": 35.685966,
        "lon": 139.736328,
        "name": "A6-07.二番町センタービル",
        "capacity": 2,
        "region_id": "1",
        "station_id": "00010043"
      },
      "geometry": {
        "type": "Point",
        "coordinates": [
          139.736328,
          35.685966
        ]
      }
    },
    {
      "type": "Feature",
      "properties": {
        "lat": 35.685489,
        "lon": 139.734562,
        "name": "A6-08.二番町ガーデン",
        "capacity": 5,
        "region_id": "1",
        "station_id": "00010044"
      },
      "geometry": {
        "type": "Point",
        "coordinates": [
          139.734562,
          35.685489
        ]
      }
    },
    {
      "type": "Feature",
      "properties": {
        "lat": 35.682902,
        "lon": 139.736494,
        "name": "A6-09.紀尾井町ビル（北側）",
        "capacity": 6,
        "region_id": "1",
        "station_id": "00010125"
      },
      "geometry": {
        "type": "Point",
        "coordinates": [
          139.736494,
          35.682902
        ]
      }
    },
    {
      "type": "Feature",
      "properties": {
        "lat": 35.682516,
        "lon": 139.736494,
        "name": "A6-10.紀尾井町ビル（西側）",
        "capacity": 12,
        "region_id": "1",
        "station_id": "00010126"
      },
      "geometry": {
        "type": "Point",
        "coordinates": [
          139.736494,
          35.682516
        ]
      }
    },
    {
      "type": "Feature",
      "properties": {
        "lat": 35.67962,
        "lon": 139.7364,
        "name": "A6-11.東京ガーデンテラス紀尾井町",
        "capacity": 24,
        "region_id": "1",
        "station_id": "00010039"
      },
      "geometry": {
        "type": "Point",
        "coordinates": [
          139.7364,
          35.67962
        ]
      }
    },
    {
      "type": "Feature",
      "properties": {
        "lat": 35.689131,
        "lon": 139.733071,
        "name": "A6-13.番町会館",
        "capacity": 6,
        "region_id": "1",
        "station_id": "00010426"
      },
      "geometry": {
        "type": "Point",
        "coordinates": [
          139.733071,
          35.689131
        ]
      }
    },
    {
      "type": "Feature",
      "properties": {
        "lat": 35.690861,
        "lon": 139.736393,
        "name": "A6-14.MG市ヶ谷ビルディング",
        "capacity": 2,
        "region_id": "1",
        "station_id": "00010571"
      },
      "geometry": {
        "type": "Point",
        "coordinates": [
          139.736393,
          35.690861
        ]
      }
    },
    {
      "type": "Feature",
      "properties": {
        "lat": 35.688929,
        "lon": 139.7358,
        "name": "A6-15.東急番町ビル",
        "capacity": 8,
        "region_id": "1",
        "station_id": "00010572"
      },
      "geometry": {
        "type": "Point",
        "coordinates": [
          139.7358,
          35.688929
        ]
      }
    },
    {
      "type": "Feature",
      "properties": {
        "lat": 35.688351,
        "lon": 139.744321,
        "name": "A6-16.一番町第二TGビル",
        "capacity": 4,
        "region_id": "1",
        "station_id": "00010601"
      },
      "geometry": {
        "type": "Point",
        "coordinates": [
          139.744321,
          35.688351
        ]
      }
    },
    {
      "type": "Feature",
      "properties": {
        "lat": 35.680431,
        "lon": 139.738203,
        "name": "A6-17.東京ガーデンテラス紀尾井町（プリンス通り側）",
        "capacity": 11,
        "region_id": "1",
        "station_id": "00010613"
      },
      "geometry": {
        "type": "Point",
        "coordinates": [
          139.738203,
          35.680431
        ]
      }
    },
    {
      "type": "Feature",
      "properties": {
        "lat": 35.685578,
        "lon": 139.732078,
        "name": "A6-19.番町麹町ビルディング",
        "capacity": 10,
        "region_id": "1",
        "station_id": "00010642"
      },
      "geometry": {
        "type": "Point",
        "coordinates": [
          139.732078,
          35.685578
        ]
      }
    },
    {
      "type": "Feature",
      "properties": {
        "lat": 35.68369,
        "lon": 139.736936,
        "name": "A6-20.紀尾井町PREX",
        "capacity": 6,
        "region_id": "1",
        "station_id": "00010768"
      },
      "geometry": {
        "type": "Point",
        "coordinates": [
          139.736936,
          35.68369
        ]
      }
    },
    {
      "type": "Feature",
      "properties": {
        "lat": 35.684584,
        "lon": 139.734442,
        "name": "A6-21.日本工営ビル",
        "capacity": 5,
        "region_id": "1",
        "station_id": "00010919"
      },
      "geometry": {
        "type": "Point",
        "coordinates": [
          139.734442,
          35.684584
        ]
      }
    },
    {
      "type": "Feature",
      "properties": {
        "lat": 35.683433,
        "lon": 139.740756,
        "name": "A6-22.半蔵門PREX South",
        "capacity": 15,
        "region_id": "1",
        "station_id": "00010906"
      },
      "geometry": {
        "type": "Point",
        "coordinates": [
          139.740756,
          35.683433
        ]
      }
    },
    {
      "type": "Feature",
      "properties": {
        "lat": 35.689466,
        "lon": 139.745316,
        "name": "A6-23.セブン-イレブン 千代田三番町店",
        "capacity": 3,
        "region_id": "1",
        "station_id": "00010922"
      },
      "geometry": {
        "type": "Point",
        "coordinates": [
          139.745316,
          35.689466
        ]
      }
    },
    {
      "type": "Feature",
      "properties": {
        "lat": 35.682218,
        "lon": 139.743292,
        "name": "A6-24.国立劇場",
        "capacity": 14,
        "region_id": "1",
        "station_id": "00010936"
      },
      "geometry": {
        "type": "Point",
        "coordinates": [
          139.743292,
          35.682218
        ]
      }
    },
    {
      "type": "Feature",
      "properties": {
        "lat": 35.679192,
        "lon": 139.74019,
        "name": "A6-25.麹町仮住宅",
        "capacity": 3,
        "region_id": "1",
        "station_id": "00011036"
      },
      "geometry": {
        "type": "Point",
        "coordinates": [
          139.74019,
          35.679192
        ]
      }
    },
    {
      "type": "Feature",
      "properties": {
        "lat": 35.683378,
        "lon": 139.743189,
        "name": "A6-26.相互半蔵門ビル",
        "capacity": 12,
        "region_id": "1",
        "station_id": "00001223"
      },
      "geometry": {
        "type": "Point",
        "coordinates": [
          139.743189,
          35.683378
        ]
      }
    },
    {
      "type": "Feature",
      "properties": {
        "lat": 35.683869,
        "lon": 139.734759,
        "name": "A6-27.麹町弘済ビルディング",
        "capacity": 12,
        "region_id": "1",
        "station_id": "00004925"
      },
      "geometry": {
        "type": "Point",
        "coordinates": [
          139.734759,
          35.683869
        ]
      }
    },
    {
      "type": "Feature",
      "properties": {
        "lat": 35.682946,
        "lon": 139.7389,
        "name": "A6-28.VORT麹町Ⅱ",
        "capacity": 5,
        "region_id": "1",
        "station_id": "00005084"
      },
      "geometry": {
        "type": "Point",
        "coordinates": [
          139.7389,
          35.682946
        ]
      }
    },
    {
      "type": "Feature",
      "properties": {
        "lat": 35.691058,
        "lon": 139.777915,
        "name": "B1-01.十思公園",
        "capacity": 10,
        "region_id": "2",
        "station_id": "00010047"
      },
      "geometry": {
        "type": "Point",
        "coordinates": [
          139.777915,
          35.691058
        ]
      }
    },
    {
      "type": "Feature",
      "properties": {
        "lat": 35.688405,
        "lon": 139.770068,
        "name": "B1-03.常盤公園（北側）",
        "capacity": 11,
        "region_id": "2",
        "station_id": "00010049"
      },
      "geometry": {
        "type": "Point",
        "coordinates": [
          139.770068,
          35.688405
        ]
      }
    },
    {
      "type": "Feature",
      "properties": {
        "lat": 35.694164,
        "lon": 139.787057,
        "name": "B1-04.産業会館",
        "capacity": 7,
        "region_id": "2",
        "station_id": "00010050"
      },
      "geometry": {
        "type": "Point",
        "coordinates": [
          139.787057,
          35.694164
        ]
      }
    },
    {
      "type": "Feature",
      "properties": {
        "lat": 35.687624,
        "lon": 139.777125,
        "name": "B1-06.伊場仙ビル",
        "capacity": 5,
        "region_id": "2",
        "station_id": "00010052"
      },
      "geometry": {
        "type": "Point",
        "coordinates": [
          139.777125,
          35.687624
        ]
      }
    },
    {
      "type": "Feature",
      "properties": {
        "lat": 35.688038,
        "lon": 139.786561,
        "name": "B1-08.明治座",
        "capacity": 7,
        "region_id": "2",
        "station_id": "00010064"
      },
      "geometry": {
        "type": "Point",
        "coordinates": [
          139.786561,
          35.688038
        ]
      }
    },
    {
      "type": "Feature",
      "properties": {
        "lat": 35.686101,
        "lon": 139.776089,
        "name": "B1-09.スマイルホテル日本橋三越前",
        "capacity": 8,
        "region_id": "2",
        "station_id": "00010130"
      },
      "geometry": {
        "type": "Point",
        "coordinates": [
          139.776089,
          35.686101
        ]
      }
    },
    {
      "type": "Feature",
      "properties": {
        "lat": 35.680833,
        "lon": 139.784267,
        "name": "B1-10.箱崎川第二公園",
        "capacity": 9,
        "region_id": "2",
        "station_id": "00010137"
      },
      "geometry": {
        "type": "Point",
        "coordinates": [
          139.784267,
          35.680833
        ]
      }
    },
    {
      "type": "Feature",
      "properties": {
        "lat": 35.684158,
        "lon": 139.787649,
        "name": "B1-11.浜町川緑道",
        "capacity": 51,
        "region_id": "2",
        "station_id": "00010139"
      },
      "geometry": {
        "type": "Point",
        "coordinates": [
          139.787649,
          35.684158
        ]
      }
    },
    {
      "type": "Feature",
      "properties": {
        "lat": 35.687786,
        "lon": 139.78205,
        "name": "B1-12.ファミリーマート堀留町二丁目店",
        "capacity": 9,
        "region_id": "2",
        "station_id": "00010123"
      },
      "geometry": {
        "type": "Point",
        "coordinates": [
          139.78205,
          35.687786
        ]
      }
    },
    {
      "type": "Feature",
      "properties": {
        "lat": 35.682332,
        "lon": 139.78722,
        "name": "B1-15.ロイヤルパークホテル",
        "capacity": 6,
        "region_id": "2",
        "station_id": "00010226"
      },
      "geometry": {
        "type": "Point",
        "coordinates": [
          139.78722,
          35.682332
        ]
      }
    },
    {
      "type": "Feature",
      "properties": {
        "lat": 35.683695,
        "lon": 139.780043,
        "name": "B1-16.小網町児童遊園",
        "capacity": 6,
        "region_id": "2",
        "station_id": "00010316"
      },
      "geometry": {
        "type": "Point",
        "coordinates": [
          139.780043,
          35.683695
        ]
      }
    },
    {
      "type": "Feature",
      "properties": {
        "lat": 35.681352,
        "lon": 139.781436,
        "name": "B1-18.セブン-イレブン 日本橋小網町店",
        "capacity": 3,
        "region_id": "2",
        "station_id": "00010447"
      },
      "geometry": {
        "type": "Point",
        "coordinates": [
          139.781436,
          35.681352
        ]
      }
    },
    {
      "type": "Feature",
      "properties": {
        "lat": 35.688301,
        "lon": 139.768958,
        "name": "B1-20.竜閑さくら橋際街角広場",
        "capacity": 19,
        "region_id": "2",
        "station_id": "00010551"
      },
      "geometry": {
        "type": "Point",
        "coordinates": [
          139.768958,
          35.688301
        ]
      }
    },
    {
      "type": "Feature",
      "properties": {
        "lat": 35.680861,
        "lon": 139.774493,
        "name": "B1-21.日本橋二丁目街角広場",
        "capacity": 10,
        "region_id": "2",
        "station_id": "00010564"
      },
      "geometry": {
        "type": "Point",
        "coordinates": [
          139.774493,
          35.680861
        ]
      }
    },
    {
      "type": "Feature",
      "properties": {
        "lat": 35.679616,
        "lon": 139.784341,
        "name": "B1-23.NANAEI日本橋",
        "capacity": 8,
        "region_id": "2",
        "station_id": "00010828"
      },
      "geometry": {
        "type": "Point",
        "coordinates": [
          139.784341,
          35.679616
        ]
      }
    },
    {
      "type": "Feature",
      "properties": {
        "lat": 35.68973,
        "lon": 139.77598,
        "name": "B1-27.日本橋本町4丁目",
        "capacity": 30,
        "region_id": "2",
        "station_id": "00000712"
      },
      "geometry": {
        "type": "Point",
        "coordinates": [
          139.77598,
          35.68973
        ]
      }
    },
    {
      "type": "Feature",
      "properties": {
        "lat": 35.684502,
        "lon": 139.77906,
        "name": "B1-28.アイルイムーブル日本橋",
        "capacity": 10,
        "region_id": "2",
        "station_id": "00001083"
      },
      "geometry": {
        "type": "Point",
        "coordinates": [
          139.77906,
          35.684502
        ]
      }
    },
    {
      "type": "Feature",
      "properties": {
        "lat": 35.685504,
        "lon": 139.790817,
        "name": "B1-29.ASTILE日本橋浜町",
        "capacity": 8,
        "region_id": "2",
        "station_id": "00002210"
      },
      "geometry": {
        "type": "Point",
        "coordinates": [
          139.790817,
          35.685504
        ]
      }
    },
    {
      "type": "Feature",
      "properties": {
        "lat": 35.685385,
        "lon": 139.790221,
        "name": "B1-30.菱和パレス日本橋浜町",
        "capacity": 2,
        "region_id": "2",
        "station_id": "00003373"
      },
      "geometry": {
        "type": "Point",
        "coordinates": [
          139.790221,
          35.685385
        ]
      }
    },
    {
      "type": "Feature",
      "properties": {
        "lat": 35.690331,
        "lon": 139.784909,
        "name": "B1-31.久松歩道橋",
        "capacity": 7,
        "region_id": "2",
        "station_id": "00003476"
      },
      "geometry": {
        "type": "Point",
        "coordinates": [
          139.784909,
          35.690331
        ]
      }
    },
    {
      "type": "Feature",
      "properties": {
        "lat": 35.684304,
        "lon": 139.78515,
        "name": "B1-32.タカオビル",
        "capacity": 17,
        "region_id": "2",
        "station_id": "00003787"
      },
      "geometry": {
        "type": "Point",
        "coordinates": [
          139.78515,
          35.684304
        ]
      }
    },
    {
      "type": "Feature",
      "properties": {
        "lat": 35.683483,
        "lon": 139.790844,
        "name": "B1-33.アイフェリーク日本橋",
        "capacity": 4,
        "region_id": "2",
        "station_id": "00003955"
      },
      "geometry": {
        "type": "Point",
        "coordinates": [
          139.790844,
          35.683483
        ]
      }
    },
    {
      "type": "Feature",
      "properties": {
        "lat": 35.693091,
        "lon": 139.786238,
        "name": "B1-34.エピック東日本橋レジデンス",
        "capacity": 2,
        "region_id": "2",
        "station_id": "00004362"
      },
      "geometry": {
        "type": "Point",
        "coordinates": [
          139.786238,
          35.693091
        ]
      }
    },
    {
      "type": "Feature",
      "properties": {
        "lat": 35.685338,
        "lon": 139.777825,
        "name": "B1-35.Daiwa terrace日本橋",
        "capacity": 3,
        "region_id": "2",
        "station_id": "00005044"
      },
      "geometry": {
        "type": "Point",
        "coordinates": [
          139.777825,
          35.685338
        ]
      }
    },
    {
      "type": "Feature",
      "properties": {
        "lat": 35.69195,
        "lon": 139.78532,
        "name": "B1-36.リパーク東日本橋2丁目第3",
        "capacity": 39,
        "region_id": "2",
        "station_id": "00005317"
      },
      "geometry": {
        "type": "Point",
        "coordinates": [
          139.78532,
          35.69195
        ]
      }
    },
    {
      "type": "Feature",
      "properties": {
        "lat": 35.690669,
        "lon": 139.782264,
        "name": "B1-37.日本橋３",
        "capacity": 0,
        "region_id": "2",
        "station_id": "00005344"
      },
      "geometry": {
        "type": "Point",
        "coordinates": [
          139.782264,
          35.690669
        ]
      }
    },
    {
      "type": "Feature",
      "properties": {
        "lat": 35.681912,
        "lon": 139.785168,
        "name": "B1-38.ラヴェンナ日本橋",
        "capacity": 10,
        "region_id": "2",
        "station_id": "00005363"
      },
      "geometry": {
        "type": "Point",
        "coordinates": [
          139.785168,
          35.681912
        ]
      }
    },
    {
      "type": "Feature",
      "properties": {
        "lat": 35.686419,
        "lon": 139.791602,
        "name": "B1-39.アパホテル〈日本橋浜町南〉",
        "capacity": 6,
        "region_id": "2",
        "station_id": "00005461"
      },
      "geometry": {
        "type": "Point",
        "coordinates": [
          139.791602,
          35.686419
        ]
      }
    },
    {
      "type": "Feature",
      "properties": {
        "lat": 35.67224,
        "lon": 139.779348,
        "name": "B2-01.鉄砲洲児童公園（西側）",
        "capacity": 9,
        "region_id": "2",
        "station_id": "00010053"
      },
      "geometry": {
        "type": "Point",
        "coordinates": [
          139.779348,
          35.67224
        ]
      }
    },
    {
      "type": "Feature",
      "properties": {
        "lat": 35.676393,
        "lon": 139.768319,
        "name": "B2-02.柳通り（東京スクエアガーデン前）",
        "capacity": 26,
        "region_id": "2",
        "station_id": "00010054"
      },
      "geometry": {
        "type": "Point",
        "coordinates": [
          139.768319,
          35.676393
        ]
      }
    },
    {
      "type": "Feature",
      "properties": {
        "lat": 35.673923,
        "lon": 139.778671,
        "name": "B2-03.男女平等センター（ブーケ21）",
        "capacity": 20,
        "region_id": "2",
        "station_id": "00010055"
      },
      "geometry": {
        "type": "Point",
        "coordinates": [
          139.778671,
          35.673923
        ]
      }
    },
    {
      "type": "Feature",
      "properties": {
        "lat": 35.676119,
        "lon": 139.772895,
        "name": "B2-04.清水建設本社（都営地下鉄宝町駅 Ａ８出口）",
        "capacity": 20,
        "region_id": "2",
        "station_id": "00010056"
      },
      "geometry": {
        "type": "Point",
        "coordinates": [
          139.772895,
          35.676119
        ]
      }
    },
    {
      "type": "Feature",
      "properties": {
        "lat": 35.670674,
        "lon": 139.775993,
        "name": "B2-05.ＮＴＴ東日本築地ビル",
        "capacity": 7,
        "region_id": "2",
        "station_id": "00010057"
      },
      "geometry": {
        "type": "Point",
        "coordinates": [
          139.775993,
          35.670674
        ]
      }
    },
    {
      "type": "Feature",
      "properties": {
        "lat": 35.680864,
        "lon": 139.779331,
        "name": "B2-07.東京証券会館（北側）",
        "capacity": 5,
        "region_id": "2",
        "station_id": "00010066"
      },
      "geometry": {
        "type": "Point",
        "coordinates": [
          139.779331,
          35.680864
        ]
      }
    },
    {
      "type": "Feature",
      "properties": {
        "lat": 35.681012,
        "lon": 139.778569,
        "name": "B2-08.共同ビル（茅場町交差点前）",
        "capacity": 13,
        "region_id": "2",
        "station_id": "00010067"
      },
      "geometry": {
        "type": "Point",
        "coordinates": [
          139.778569,
          35.681012
        ]
      }
    },
    {
      "type": "Feature",
      "properties": {
        "lat": 35.680203,
        "lon": 139.778679,
        "name": "B2-09.茅場町一丁目平和ビル",
        "capacity": 11,
        "region_id": "2",
        "station_id": "00010068"
      },
      "geometry": {
        "type": "Point",
        "coordinates": [
          139.778679,
          35.680203
        ]
      }
    },
    {
      "type": "Feature",
      "properties": {
        "lat": 35.675702,
        "lon": 139.785229,
        "name": "B2-10.東京ダイヤビルディング（北側）",
        "capacity": 40,
        "region_id": "2",
        "station_id": "00010214"
      },
      "geometry": {
        "type": "Point",
        "coordinates": [
          139.785229,
          35.675702
        ]
      }
    },
    {
      "type": "Feature",
      "properties": {
        "lat": 35.677576,
        "lon": 139.769822,
        "name": "B2-11.京橋エドグラン",
        "capacity": 21,
        "region_id": "2",
        "station_id": "00010216"
      },
      "geometry": {
        "type": "Point",
        "coordinates": [
          139.769822,
          35.677576
        ]
      }
    },
    {
      "type": "Feature",
      "properties": {
        "lat": 35.674835,
        "lon": 139.785656,
        "name": "B2-12.東京ダイヤビルディング（東側）",
        "capacity": 19,
        "region_id": "2",
        "station_id": "00010539"
      },
      "geometry": {
        "type": "Point",
        "coordinates": [
          139.785656,
          35.674835
        ]
      }
    },
    {
      "type": "Feature",
      "properties": {
        "lat": 35.68168,
        "lon": 139.77825,
        "name": "B2-15.KABUTO ONE",
        "capacity": 25,
        "region_id": "2",
        "station_id": "00000384"
      },
      "geometry": {
        "type": "Point",
        "coordinates": [
          139.77825,
          35.68168
        ]
      }
    },
    {
      "type": "Feature",
      "properties": {
        "lat": 35.67684,
        "lon": 139.77876,
        "name": "B2-16.ホテルサードニクス東京",
        "capacity": 7,
        "region_id": "2",
        "station_id": "00000407"
      },
      "geometry": {
        "type": "Point",
        "coordinates": [
          139.77876,
          35.67684
        ]
      }
    },
    {
      "type": "Feature",
      "properties": {
        "lat": 35.67518,
        "lon": 139.77364,
        "name": "B2-17.アーバネックス八丁堀",
        "capacity": 3,
        "region_id": "2",
        "station_id": "00000480"
      },
      "geometry": {
        "type": "Point",
        "coordinates": [
          139.77364,
          35.67518
        ]
      }
    },
    {
      "type": "Feature",
      "properties": {
        "lat": 35.678291,
        "lon": 139.78157,
        "name": "B2-18.旭ビルディング",
        "capacity": 12,
        "region_id": "2",
        "station_id": "00000764"
      },
      "geometry": {
        "type": "Point",
        "coordinates": [
          139.78157,
          35.678291
        ]
      }
    },
    {
      "type": "Feature",
      "properties": {
        "lat": 35.670506,
        "lon": 139.77854,
        "name": "B2-19.リエトコートアルクスタワー",
        "capacity": 9,
        "region_id": "2",
        "station_id": "00001696"
      },
      "geometry": {
        "type": "Point",
        "coordinates": [
          139.77854,
          35.670506
        ]
      }
    },
    {
      "type": "Feature",
      "properties": {
        "lat": 35.675398,
        "lon": 139.779962,
        "name": "B2-20.SHビル",
        "capacity": 3,
        "region_id": "2",
        "station_id": "00001722"
      },
      "geometry": {
        "type": "Point",
        "coordinates": [
          139.779962,
          35.675398
        ]
      }
    },
    {
      "type": "Feature",
      "properties": {
        "lat": 35.67942,
        "lon": 139.77004,
        "name": "B2-21.八重洲二丁目北地区広場",
        "capacity": 8,
        "region_id": "2",
        "station_id": "00001750"
      },
      "geometry": {
        "type": "Point",
        "coordinates": [
          139.77004,
          35.67942
        ]
      }
    },
    {
      "type": "Feature",
      "properties": {
        "lat": 35.678475,
        "lon": 139.772012,
        "name": "B2-22.TODA BUILDING",
        "capacity": 10,
        "region_id": "2",
        "station_id": "00003323"
      },
      "geometry": {
        "type": "Point",
        "coordinates": [
          139.772012,
          35.678475
        ]
      }
    },
    {
      "type": "Feature",
      "properties": {
        "lat": 35.677782,
        "lon": 139.776832,
        "name": "B2-23.八丁堀１丁目（月極駐車場裏）",
        "capacity": 19,
        "region_id": "2",
        "station_id": "00004311"
      },
      "geometry": {
        "type": "Point",
        "coordinates": [
          139.776832,
          35.677782
        ]
      }
    },
    {
      "type": "Feature",
      "properties": {
        "lat": 35.67288,
        "lon": 139.779714,
        "name": "B2-24.ARKMARK八丁堀ASYLCOURT",
        "capacity": 2,
        "region_id": "2",
        "station_id": "00004777"
      },
      "geometry": {
        "type": "Point",
        "coordinates": [
          139.779714,
          35.67288
        ]
      }
    },
    {
      "type": "Feature",
      "properties": {
        "lat": 35.675252,
        "lon": 139.782729,
        "name": "B2-25.アイフェリーク八丁堀",
        "capacity": 2,
        "region_id": "2",
        "station_id": "00004542"
      },
      "geometry": {
        "type": "Point",
        "coordinates": [
          139.782729,
          35.675252
        ]
      }
    },
    {
      "type": "Feature",
      "properties": {
        "lat": 35.669797,
        "lon": 139.778387,
        "name": "B2-26.VORT新富町",
        "capacity": 1,
        "region_id": "2",
        "station_id": "00004630"
      },
      "geometry": {
        "type": "Point",
        "coordinates": [
          139.778387,
          35.669797
        ]
      }
    },
    {
      "type": "Feature",
      "properties": {
        "lat": 35.67099,
        "lon": 139.77793,
        "name": "B2-27.VORT銀座ResidenceⅡ",
        "capacity": 7,
        "region_id": "2",
        "station_id": "00004662"
      },
      "geometry": {
        "type": "Point",
        "coordinates": [
          139.77793,
          35.67099
        ]
      }
    },
    {
      "type": "Feature",
      "properties": {
        "lat": 35.670855,
        "lon": 139.772052,
        "name": "B3-01.中央区役所",
        "capacity": 5,
        "region_id": "2",
        "station_id": "00010045"
      },
      "geometry": {
        "type": "Point",
        "coordinates": [
          139.772052,
          35.670855
        ]
      }
    },
    {
      "type": "Feature",
      "properties": {
        "lat": 35.670336,
        "lon": 139.771911,
        "name": "B3-02.サンクンガーデン",
        "capacity": 4,
        "region_id": "2",
        "station_id": "00010058"
      },
      "geometry": {
        "type": "Point",
        "coordinates": [
          139.771911,
          35.670336
        ]
      }
    },
    {
      "type": "Feature",
      "properties": {
        "lat": 35.664265,
        "lon": 139.767426,
        "name": "B3-04.築地市場駅地下駐輪場",
        "capacity": 17,
        "region_id": "2",
        "station_id": "00010161"
      },
      "geometry": {
        "type": "Point",
        "coordinates": [
          139.767426,
          35.664265
        ]
      }
    },
    {
      "type": "Feature",
      "properties": {
        "lat": 35.664457,
        "lon": 139.767214,
        "name": "B3-06.朝日新聞東京本社",
        "capacity": 5,
        "region_id": "2",
        "station_id": "00010169"
      },
      "geometry": {
        "type": "Point",
        "coordinates": [
          139.767214,
          35.664457
        ]
      }
    },
    {
      "type": "Feature",
      "properties": {
        "lat": 35.66523,
        "lon": 139.776313,
        "name": "B3-09.築地永谷コーポラス",
        "capacity": 16,
        "region_id": "2",
        "station_id": "00010413"
      },
      "geometry": {
        "type": "Point",
        "coordinates": [
          139.776313,
          35.66523
        ]
      }
    },
    {
      "type": "Feature",
      "properties": {
        "lat": 35.665254,
        "lon": 139.769301,
        "name": "B3-12.築地場外市場",
        "capacity": 18,
        "region_id": "2",
        "station_id": "00010641"
      },
      "geometry": {
        "type": "Point",
        "coordinates": [
          139.769301,
          35.665254
        ]
      }
    },
    {
      "type": "Feature",
      "properties": {
        "lat": 35.664871,
        "lon": 139.767188,
        "name": "B3-13.国立がん研究センター",
        "capacity": 14,
        "region_id": "2",
        "station_id": "00010614"
      },
      "geometry": {
        "type": "Point",
        "coordinates": [
          139.767188,
          35.664871
        ]
      }
    },
    {
      "type": "Feature",
      "properties": {
        "lat": 35.668845,
        "lon": 139.765144,
        "name": "B3-15.ACホテル・バイ・マリオット東京銀座",
        "capacity": 9,
        "region_id": "2",
        "station_id": "00010442"
      },
      "geometry": {
        "type": "Point",
        "coordinates": [
          139.765144,
          35.668845
        ]
      }
    },
    {
      "type": "Feature",
      "properties": {
        "lat": 35.666001,
        "lon": 139.778102,
        "name": "B3-16.明石町区民館",
        "capacity": 20,
        "region_id": "2",
        "station_id": "00010952"
      },
      "geometry": {
        "type": "Point",
        "coordinates": [
          139.778102,
          35.666001
        ]
      }
    },
    {
      "type": "Feature",
      "properties": {
        "lat": 35.66711,
        "lon": 139.76643,
        "name": "B3-17.銀座6丁目-SQUARE",
        "capacity": 12,
        "region_id": "2",
        "station_id": "00011021"
      },
      "geometry": {
        "type": "Point",
        "coordinates": [
          139.76643,
          35.66711
        ]
      }
    },
    {
      "type": "Feature",
      "properties": {
        "lat": 35.668395,
        "lon": 139.769849,
        "name": "B3-18.銀座松竹スクエア",
        "capacity": 13,
        "region_id": "2",
        "station_id": "00000123"
      },
      "geometry": {
        "type": "Point",
        "coordinates": [
          139.769849,
          35.668395
        ]
      }
    },
    {
      "type": "Feature",
      "properties": {
        "lat": 35.67363,
        "lon": 139.77623,
        "name": "B3-19.本の森ちゅうおう",
        "capacity": 14,
        "region_id": "2",
        "station_id": "00001215"
      },
      "geometry": {
        "type": "Point",
        "coordinates": [
          139.77623,
          35.67363
        ]
      }
    },
    {
      "type": "Feature",
      "properties": {
        "lat": 35.670106,
        "lon": 139.768041,
        "name": "B3-20.歌舞伎座タワー駐輪場2F",
        "capacity": 9,
        "region_id": "2",
        "station_id": "00001434"
      },
      "geometry": {
        "type": "Point",
        "coordinates": [
          139.768041,
          35.670106
        ]
      }
    },
    {
      "type": "Feature",
      "properties": {
        "lat": 35.6701,
        "lon": 139.76801,
        "name": "B3-21.歌舞伎座タワー駐輪場3F",
        "capacity": 8,
        "region_id": "2",
        "station_id": "00001435"
      },
      "geometry": {
        "type": "Point",
        "coordinates": [
          139.76801,
          35.6701
        ]
      }
    },
    {
      "type": "Feature",
      "properties": {
        "lat": 35.667988,
        "lon": 139.765892,
        "name": "B3-22.ザ ロイヤルパークホテル 銀座6丁目",
        "capacity": 16,
        "region_id": "2",
        "station_id": "00002683"
      },
      "geometry": {
        "type": "Point",
        "coordinates": [
          139.765892,
          35.667988
        ]
      }
    },
    {
      "type": "Feature",
      "properties": {
        "lat": 35.67257,
        "lon": 139.77519,
        "name": "B3-24.AXAS銀座ASYLCOURT1",
        "capacity": 2,
        "region_id": "2",
        "station_id": "00003941"
      },
      "geometry": {
        "type": "Point",
        "coordinates": [
          139.77519,
          35.67257
        ]
      }
    },
    {
      "type": "Feature",
      "properties": {
        "lat": 35.665093,
        "lon": 139.775079,
        "name": "B3-26.三井のリパーク築地7丁目",
        "capacity": 30,
        "region_id": "2",
        "station_id": "00004361"
      },
      "geometry": {
        "type": "Point",
        "coordinates": [
          139.775079,
          35.665093
        ]
      }
    },
    {
      "type": "Feature",
      "properties": {
        "lat": 35.667382,
        "lon": 139.772609,
        "name": "B3-27.リパーク築地3丁目第2",
        "capacity": 24,
        "region_id": "2",
        "station_id": "00004586"
      },
      "geometry": {
        "type": "Point",
        "coordinates": [
          139.772609,
          35.667382
        ]
      }
    },
    {
      "type": "Feature",
      "properties": {
        "lat": 35.656071,
        "lon": 139.780068,
        "name": "B4-01.黎明橋公園（駐輪場）",
        "capacity": 11,
        "region_id": "2",
        "station_id": "00010059"
      },
      "geometry": {
        "type": "Point",
        "coordinates": [
          139.780068,
          35.656071
        ]
      }
    },
    {
      "type": "Feature",
      "properties": {
        "lat": 35.662197,
        "lon": 139.782719,
        "name": "B4-02.月島特別出張所",
        "capacity": 27,
        "region_id": "2",
        "station_id": "00010046"
      },
      "geometry": {
        "type": "Point",
        "coordinates": [
          139.782719,
          35.662197
        ]
      }
    },
    {
      "type": "Feature",
      "properties": {
        "lat": 35.658665,
        "lon": 139.782553,
        "name": "B4-03.桜の散歩道（晴海トリトンスクエア前）",
        "capacity": 24,
        "region_id": "2",
        "station_id": "00010060"
      },
      "geometry": {
        "type": "Point",
        "coordinates": [
          139.782553,
          35.658665
        ]
      }
    },
    {
      "type": "Feature",
      "properties": {
        "lat": 35.65443,
        "lon": 139.77843,
        "name": "B4-04.ＫＤＸ晴海ビル",
        "capacity": 4,
        "region_id": "2",
        "station_id": "00010061"
      },
      "geometry": {
        "type": "Point",
        "coordinates": [
          139.77843,
          35.65443
        ]
      }
    },
    {
      "type": "Feature",
      "properties": {
        "lat": 35.654165,
        "lon": 139.781568,
        "name": "B4-05.ドコモ・バイクシェア晴海ポート",
        "capacity": 48,
        "region_id": "2",
        "station_id": "00010062"
      },
      "geometry": {
        "type": "Point",
        "coordinates": [
          139.781568,
          35.654165
        ]
      }
    },
    {
      "type": "Feature",
      "properties": {
        "lat": 35.66291,
        "lon": 139.782564,
        "name": "B4-06.月島駅地下駐輪場",
        "capacity": 23,
        "region_id": "2",
        "station_id": "00010157"
      },
      "geometry": {
        "type": "Point",
        "coordinates": [
          139.782564,
          35.66291
        ]
      }
    },
    {
      "type": "Feature",
      "properties": {
        "lat": 35.658135,
        "lon": 139.776131,
        "name": "B4-07.勝どき駅地下駐輪場",
        "capacity": 88,
        "region_id": "2",
        "station_id": "00010162"
      },
      "geometry": {
        "type": "Point",
        "coordinates": [
          139.776131,
          35.658135
        ]
      }
    },
    {
      "type": "Feature",
      "properties": {
        "lat": 35.656449,
        "lon": 139.771302,
        "name": "B4-08.東京ミッドベイ勝どき（西仲通り）",
        "capacity": 19,
        "region_id": "2",
        "station_id": "00010163"
      },
      "geometry": {
        "type": "Point",
        "coordinates": [
          139.771302,
          35.656449
        ]
      }
    },
    {
      "type": "Feature",
      "properties": {
        "lat": 35.668795,
        "lon": 139.784784,
        "name": "B4-10.リバーシティ",
        "capacity": 9,
        "region_id": "2",
        "station_id": "00010327"
      },
      "geometry": {
        "type": "Point",
        "coordinates": [
          139.784784,
          35.668795
        ]
      }
    },
    {
      "type": "Feature",
      "properties": {
        "lat": 35.656565,
        "lon": 139.775073,
        "name": "B4-11.ダンスキューブ勝どき",
        "capacity": 15,
        "region_id": "2",
        "station_id": "00010339"
      },
      "geometry": {
        "type": "Point",
        "coordinates": [
          139.775073,
          35.656565
        ]
      }
    },
    {
      "type": "Feature",
      "properties": {
        "lat": 35.655497,
        "lon": 139.774556,
        "name": "B4-12.THE TOKYO TOWERS",
        "capacity": 11,
        "region_id": "2",
        "station_id": "00010352"
      },
      "geometry": {
        "type": "Point",
        "coordinates": [
          139.774556,
          35.655497
        ]
      }
    },
    {
      "type": "Feature",
      "properties": {
        "lat": 35.660526,
        "lon": 139.776816,
        "name": "B4-14.Brillia ist Tower 勝どき",
        "capacity": 13,
        "region_id": "2",
        "station_id": "00010708"
      },
      "geometry": {
        "type": "Point",
        "coordinates": [
          139.776816,
          35.660526
        ]
      }
    },
    {
      "type": "Feature",
      "properties": {
        "lat": 35.669188,
        "lon": 139.785301,
        "name": "B4-15.リバーシティ　イーストタワーズ",
        "capacity": 11,
        "region_id": "2",
        "station_id": "00010764"
      },
      "geometry": {
        "type": "Point",
        "coordinates": [
          139.785301,
          35.669188
        ]
      }
    },
    {
      "type": "Feature",
      "properties": {
        "lat": 35.653531,
        "lon": 139.769431,
        "name": "B4-18.豊海センタービル",
        "capacity": 15,
        "region_id": "2",
        "station_id": "00010879"
      },
      "geometry": {
        "type": "Point",
        "coordinates": [
          139.769431,
          35.653531
        ]
      }
    },
    {
      "type": "Feature",
      "properties": {
        "lat": 35.668044,
        "lon": 139.785801,
        "name": "B4-19.コーシャタワー佃",
        "capacity": 14,
        "region_id": "2",
        "station_id": "00010934"
      },
      "geometry": {
        "type": "Point",
        "coordinates": [
          139.785801,
          35.668044
        ]
      }
    },
    {
      "type": "Feature",
      "properties": {
        "lat": 35.663681,
        "lon": 139.785651,
        "name": "B4-21.月島駅前第一駐輪場",
        "capacity": 33,
        "region_id": "2",
        "station_id": "00010978"
      },
      "geometry": {
        "type": "Point",
        "coordinates": [
          139.785651,
          35.663681
        ]
      }
    },
    {
      "type": "Feature",
      "properties": {
        "lat": 35.65554,
        "lon": 139.77102,
        "name": "B4-22.リビオレゾン勝どきNEX",
        "capacity": 28,
        "region_id": "2",
        "station_id": "00000161"
      },
      "geometry": {
        "type": "Point",
        "coordinates": [
          139.77102,
          35.65554
        ]
      }
    },
    {
      "type": "Feature",
      "properties": {
        "lat": 35.653771,
        "lon": 139.769295,
        "name": "B4-23.交通広場（豊海町）",
        "capacity": 11,
        "region_id": "2",
        "station_id": "00000237"
      },
      "geometry": {
        "type": "Point",
        "coordinates": [
          139.769295,
          35.653771
        ]
      }
    },
    {
      "type": "Feature",
      "properties": {
        "lat": 35.66288,
        "lon": 139.78329,
        "name": "B4-24.ミュプレ月島",
        "capacity": 8,
        "region_id": "2",
        "station_id": "00000635"
      },
      "geometry": {
        "type": "Point",
        "coordinates": [
          139.78329,
          35.66288
        ]
      }
    },
    {
      "type": "Feature",
      "properties": {
        "lat": 35.654371,
        "lon": 139.779545,
        "name": "B4-26.東武ストア晴海三丁目店",
        "capacity": 15,
        "region_id": "2",
        "station_id": "00001631"
      },
      "geometry": {
        "type": "Point",
        "coordinates": [
          139.779545,
          35.654371
        ]
      }
    },
    {
      "type": "Feature",
      "properties": {
        "lat": 35.670491,
        "lon": 139.784447,
        "name": "B4-27.リバーシティ西ブロック",
        "capacity": 19,
        "region_id": "2",
        "station_id": "00001681"
      },
      "geometry": {
        "type": "Point",
        "coordinates": [
          139.784447,
          35.670491
        ]
      }
    },
    {
      "type": "Feature",
      "properties": {
        "lat": 35.651183,
        "lon": 139.776119,
        "name": "B4-28.HARUMI FLAG PORT VILLAGE",
        "capacity": 11,
        "region_id": "2",
        "station_id": "00002297"
      },
      "geometry": {
        "type": "Point",
        "coordinates": [
          139.776119,
          35.651183
        ]
      }
    },
    {
      "type": "Feature",
      "properties": {
        "lat": 35.651907,
        "lon": 139.777391,
        "name": "B4-29.HARUMI FLAG PORT VILLAGE",
        "capacity": 11,
        "region_id": "2",
        "station_id": "00002298"
      },
      "geometry": {
        "type": "Point",
        "coordinates": [
          139.777391,
          35.651907
        ]
      }
    },
    {
      "type": "Feature",
      "properties": {
        "lat": 35.651136,
        "lon": 139.778218,
        "name": "B4-30.HARUMI FLAG PORT VILLAGE",
        "capacity": 9,
        "region_id": "2",
        "station_id": "00002299"
      },
      "geometry": {
        "type": "Point",
        "coordinates": [
          139.778218,
          35.651136
        ]
      }
    },
    {
      "type": "Feature",
      "properties": {
        "lat": 35.650604,
        "lon": 139.77724,
        "name": "B4-31.HARUMI FLAG PORT VILLAGE",
        "capacity": 12,
        "region_id": "2",
        "station_id": "00002300"
      },
      "geometry": {
        "type": "Point",
        "coordinates": [
          139.77724,
          35.650604
        ]
      }
    },
    {
      "type": "Feature",
      "properties": {
        "lat": 35.648731,
        "lon": 139.774995,
        "name": "B4-32.HARUMI FLAG SEA VILLAGE",
        "capacity": 12,
        "region_id": "2",
        "station_id": "00002301"
      },
      "geometry": {
        "type": "Point",
        "coordinates": [
          139.774995,
          35.648731
        ]
      }
    },
    {
      "type": "Feature",
      "properties": {
        "lat": 35.649552,
        "lon": 139.776369,
        "name": "B4-33.HARUMI FLAG SEA VILLAGE",
        "capacity": 12,
        "region_id": "2",
        "station_id": "00002302"
      },
      "geometry": {
        "type": "Point",
        "coordinates": [
          139.776369,
          35.649552
        ]
      }
    },
    {
      "type": "Feature",
      "properties": {
        "lat": 35.649932,
        "lon": 139.776958,
        "name": "B4-34.HARUMI FLAG SEA VILLAGE",
        "capacity": 12,
        "region_id": "2",
        "station_id": "00002303"
      },
      "geometry": {
        "type": "Point",
        "coordinates": [
          139.776958,
          35.649932
        ]
      }
    },
    {
      "type": "Feature",
      "properties": {
        "lat": 35.650573,
        "lon": 139.777908,
        "name": "B4-35.HARUMI FLAG SEA VILLAGE",
        "capacity": 12,
        "region_id": "2",
        "station_id": "00002304"
      },
      "geometry": {
        "type": "Point",
        "coordinates": [
          139.777908,
          35.650573
        ]
      }
    },
    {
      "type": "Feature",
      "properties": {
        "lat": 35.650742,
        "lon": 139.778097,
        "name": "B4-36.HARUMI FLAG SEA VILLAGE",
        "capacity": 12,
        "region_id": "2",
        "station_id": "00002305"
      },
      "geometry": {
        "type": "Point",
        "coordinates": [
          139.778097,
          35.650742
        ]
      }
    },
    {
      "type": "Feature",
      "properties": {
        "lat": 35.649419,
        "lon": 139.771447,
        "name": "B4-37.HARUMI FLAG SUN VILLAGE",
        "capacity": 18,
        "region_id": "2",
        "station_id": "00002306"
      },
      "geometry": {
        "type": "Point",
        "coordinates": [
          139.771447,
          35.649419
        ]
      }
    },
    {
      "type": "Feature",
      "properties": {
        "lat": 35.650347,
        "lon": 139.771785,
        "name": "B4-38.HARUMI FLAG SUN VILLAGE",
        "capacity": 16,
        "region_id": "2",
        "station_id": "00002307"
      },
      "geometry": {
        "type": "Point",
        "coordinates": [
          139.771785,
          35.650347
        ]
      }
    },
    {
      "type": "Feature",
      "properties": {
        "lat": 35.650863,
        "lon": 139.772549,
        "name": "B4-39.HARUMI FLAG SUN VILLAGE",
        "capacity": 10,
        "region_id": "2",
        "station_id": "00002308"
      },
      "geometry": {
        "type": "Point",
        "coordinates": [
          139.772549,
          35.650863
        ]
      }
    },
    {
      "type": "Feature",
      "properties": {
        "lat": 35.651305,
        "lon": 139.773379,
        "name": "B4-40.HARUMI FLAG SUN VILLAGE",
        "capacity": 11,
        "region_id": "2",
        "station_id": "00002287"
      },
      "geometry": {
        "type": "Point",
        "coordinates": [
          139.773379,
          35.651305
        ]
      }
    },
    {
      "type": "Feature",
      "properties": {
        "lat": 35.649854,
        "lon": 139.77334,
        "name": "B4-41.HARUMI FLAG SUN VILLAGE",
        "capacity": 11,
        "region_id": "2",
        "station_id": "00002288"
      },
      "geometry": {
        "type": "Point",
        "coordinates": [
          139.77334,
          35.649854
        ]
      }
    },
    {
      "type": "Feature",
      "properties": {
        "lat": 35.649329,
        "lon": 139.772656,
        "name": "B4-42.HARUMI FLAG SUN VILLAGE",
        "capacity": 12,
        "region_id": "2",
        "station_id": "00002289"
      },
      "geometry": {
        "type": "Point",
        "coordinates": [
          139.772656,
          35.649329
        ]
      }
    },
    {
      "type": "Feature",
      "properties": {
        "lat": 35.650992,
        "lon": 139.773789,
        "name": "B4-43.HARUMI FLAG SUN VILLAGE",
        "capacity": 10,
        "region_id": "2",
        "station_id": "00004763"
      },
      "geometry": {
        "type": "Point",
        "coordinates": [
          139.773789,
          35.650992
        ]
      }
    },
    {
      "type": "Feature",
      "properties": {
        "lat": 35.648221,
        "lon": 139.772666,
        "name": "B4-44.HARUMI FLAG PARK VILLAGE",
        "capacity": 12,
        "region_id": "2",
        "station_id": "00002290"
      },
      "geometry": {
        "type": "Point",
        "coordinates": [
          139.772666,
          35.648221
        ]
      }
    },
    {
      "type": "Feature",
      "properties": {
        "lat": 35.649002,
        "lon": 139.772764,
        "name": "B4-45.HARUMI FLAG PARK VILLAGE",
        "capacity": 12,
        "region_id": "2",
        "station_id": "00002291"
      },
      "geometry": {
        "type": "Point",
        "coordinates": [
          139.772764,
          35.649002
        ]
      }
    },
    {
      "type": "Feature",
      "properties": {
        "lat": 35.649642,
        "lon": 139.773859,
        "name": "B4-46.HARUMI FLAG PARK VILLAGE",
        "capacity": 16,
        "region_id": "2",
        "station_id": "00002292"
      },
      "geometry": {
        "type": "Point",
        "coordinates": [
          139.773859,
          35.649642
        ]
      }
    },
    {
      "type": "Feature",
      "properties": {
        "lat": 35.649119,
        "lon": 139.775138,
        "name": "B4-47.HARUMI FLAG PARK VILLAGE",
        "capacity": 7,
        "region_id": "2",
        "station_id": "00002293"
      },
      "geometry": {
        "type": "Point",
        "coordinates": [
          139.775138,
          35.649119
        ]
      }
    },
    {
      "type": "Feature",
      "properties": {
        "lat": 35.649513,
        "lon": 139.775287,
        "name": "B4-48.HARUMI FLAG PARK VILLAGE",
        "capacity": 5,
        "region_id": "2",
        "station_id": "00002294"
      },
      "geometry": {
        "type": "Point",
        "coordinates": [
          139.775287,
          35.649513
        ]
      }
    },
    {
      "type": "Feature",
      "properties": {
        "lat": 35.648636,
        "lon": 139.774251,
        "name": "B4-49.HARUMI FLAG PARK VILLAGE",
        "capacity": 15,
        "region_id": "2",
        "station_id": "00002295"
      },
      "geometry": {
        "type": "Point",
        "coordinates": [
          139.774251,
          35.648636
        ]
      }
    },
    {
      "type": "Feature",
      "properties": {
        "lat": 35.648295,
        "lon": 139.773973,
        "name": "B4-50.HARUMI FLAG PARK VILLAGE",
        "capacity": 7,
        "region_id": "2",
        "station_id": "00002296"
      },
      "geometry": {
        "type": "Point",
        "coordinates": [
          139.773973,
          35.648295
        ]
      }
    },
    {
      "type": "Feature",
      "properties": {
        "lat": 35.64981,
        "lon": 139.774995,
        "name": "B4-51.HARUMI FLAG PARK VILLAGE",
        "capacity": 7,
        "region_id": "2",
        "station_id": "00004764"
      },
      "geometry": {
        "type": "Point",
        "coordinates": [
          139.774995,
          35.64981
        ]
      }
    },
    {
      "type": "Feature",
      "properties": {
        "lat": 35.651846,
        "lon": 139.77414,
        "name": "B4-52.LaLa terrace HARUMI FLAG",
        "capacity": 23,
        "region_id": "2",
        "station_id": "00002587"
      },
      "geometry": {
        "type": "Point",
        "coordinates": [
          139.77414,
          35.651846
        ]
      }
    },
    {
      "type": "Feature",
      "properties": {
        "lat": 35.651627,
        "lon": 139.773103,
        "name": "B4-53.晴海五丁目ターミナル",
        "capacity": 107,
        "region_id": "2",
        "station_id": "00002361"
      },
      "geometry": {
        "type": "Point",
        "coordinates": [
          139.773103,
          35.651627
        ]
      }
    },
    {
      "type": "Feature",
      "properties": {
        "lat": 35.65189,
        "lon": 139.77941,
        "name": "B4-54.晴海区民センター",
        "capacity": 22,
        "region_id": "2",
        "station_id": "00002747"
      },
      "geometry": {
        "type": "Point",
        "coordinates": [
          139.77941,
          35.65189
        ]
      }
    },
    {
      "type": "Feature",
      "properties": {
        "lat": 35.665256,
        "lon": 139.781972,
        "name": "B4-55.ヴィークブライト月島",
        "capacity": 3,
        "region_id": "2",
        "station_id": "00004426"
      },
      "geometry": {
        "type": "Point",
        "coordinates": [
          139.781972,
          35.665256
        ]
      }
    },
    {
      "type": "Feature",
      "properties": {
        "lat": 35.668791,
        "lon": 139.753582,
        "name": "C1-02.西新橋1丁目（外堀通り）",
        "capacity": 5,
        "region_id": "3",
        "station_id": "00010070"
      },
      "geometry": {
        "type": "Point",
        "coordinates": [
          139.753582,
          35.668791
        ]
      }
    },
    {
      "type": "Feature",
      "properties": {
        "lat": 35.666527,
        "lon": 139.748804,
        "name": "C1-04.虎ノ門ヒルズ",
        "capacity": 27,
        "region_id": "3",
        "station_id": "00010072"
      },
      "geometry": {
        "type": "Point",
        "coordinates": [
          139.748804,
          35.666527
        ]
      }
    },
    {
      "type": "Feature",
      "properties": {
        "lat": 35.662051,
        "lon": 139.748132,
        "name": "C1-09.愛宕グリーンヒルズ",
        "capacity": 13,
        "region_id": "3",
        "station_id": "00010077"
      },
      "geometry": {
        "type": "Point",
        "coordinates": [
          139.748132,
          35.662051
        ]
      }
    },
    {
      "type": "Feature",
      "properties": {
        "lat": 35.664461,
        "lon": 139.756082,
        "name": "C1-14.新橋プラザビル",
        "capacity": 10,
        "region_id": "3",
        "station_id": "00010088"
      },
      "geometry": {
        "type": "Point",
        "coordinates": [
          139.756082,
          35.664461
        ]
      }
    },
    {
      "type": "Feature",
      "properties": {
        "lat": 35.65928,
        "lon": 139.744767,
        "name": "C1-15.東京タワー",
        "capacity": 16,
        "region_id": "3",
        "station_id": "00010087"
      },
      "geometry": {
        "type": "Point",
        "coordinates": [
          139.744767,
          35.65928
        ]
      }
    },
    {
      "type": "Feature",
      "properties": {
        "lat": 35.659442,
        "lon": 139.745549,
        "name": "C1-16.機械振興会館",
        "capacity": 7,
        "region_id": "3",
        "station_id": "00010089"
      },
      "geometry": {
        "type": "Point",
        "coordinates": [
          139.745549,
          35.659442
        ]
      }
    },
    {
      "type": "Feature",
      "properties": {
        "lat": 35.657866,
        "lon": 139.751068,
        "name": "C1-17.港区役所",
        "capacity": 11,
        "region_id": "3",
        "station_id": "00010075"
      },
      "geometry": {
        "type": "Point",
        "coordinates": [
          139.751068,
          35.657866
        ]
      }
    },
    {
      "type": "Feature",
      "properties": {
        "lat": 35.657363,
        "lon": 139.75918,
        "name": "C1-21.汐留ビルディング",
        "capacity": 11,
        "region_id": "3",
        "station_id": "00010140"
      },
      "geometry": {
        "type": "Point",
        "coordinates": [
          139.75918,
          35.657363
        ]
      }
    },
    {
      "type": "Feature",
      "properties": {
        "lat": 35.648637,
        "lon": 139.749834,
        "name": "C1-23.三田いきいきプラザ",
        "capacity": 10,
        "region_id": "3",
        "station_id": "00010145"
      },
      "geometry": {
        "type": "Point",
        "coordinates": [
          139.749834,
          35.648637
        ]
      }
    },
    {
      "type": "Feature",
      "properties": {
        "lat": 35.653159,
        "lon": 139.744673,
        "name": "C1-24.三田国際ビル",
        "capacity": 9,
        "region_id": "3",
        "station_id": "00010151"
      },
      "geometry": {
        "type": "Point",
        "coordinates": [
          139.744673,
          35.653159
        ]
      }
    },
    {
      "type": "Feature",
      "properties": {
        "lat": 35.668547,
        "lon": 139.747175,
        "name": "C1-27.虎ノ門2丁目タワー",
        "capacity": 28,
        "region_id": "3",
        "station_id": "00010192"
      },
      "geometry": {
        "type": "Point",
        "coordinates": [
          139.747175,
          35.668547
        ]
      }
    },
    {
      "type": "Feature",
      "properties": {
        "lat": 35.664479,
        "lon": 139.743731,
        "name": "C1-34.城山ガーデン",
        "capacity": 18,
        "region_id": "3",
        "station_id": "00010313"
      },
      "geometry": {
        "type": "Point",
        "coordinates": [
          139.743731,
          35.664479
        ]
      }
    },
    {
      "type": "Feature",
      "properties": {
        "lat": 35.649032,
        "lon": 139.750147,
        "name": "C1-35.セブン-イレブン 三田駅北店",
        "capacity": 5,
        "region_id": "3",
        "station_id": "00010353"
      },
      "geometry": {
        "type": "Point",
        "coordinates": [
          139.750147,
          35.649032
        ]
      }
    },
    {
      "type": "Feature",
      "properties": {
        "lat": 35.665218,
        "lon": 139.750827,
        "name": "C1-37.KDX西新橋ビル（北側）",
        "capacity": 4,
        "region_id": "3",
        "station_id": "00010428"
      },
      "geometry": {
        "type": "Point",
        "coordinates": [
          139.750827,
          35.665218
        ]
      }
    },
    {
      "type": "Feature",
      "properties": {
        "lat": 35.66495,
        "lon": 139.750459,
        "name": "C1-38.KDX西新橋ビル（西側）",
        "capacity": 5,
        "region_id": "3",
        "station_id": "00010429"
      },
      "geometry": {
        "type": "Point",
        "coordinates": [
          139.750459,
          35.66495
        ]
      }
    },
    {
      "type": "Feature",
      "properties": {
        "lat": 35.658709,
        "lon": 139.757036,
        "name": "C1-41.港区立エコプラザ",
        "capacity": 10,
        "region_id": "3",
        "station_id": "00010466"
      },
      "geometry": {
        "type": "Point",
        "coordinates": [
          139.757036,
          35.658709
        ]
      }
    },
    {
      "type": "Feature",
      "properties": {
        "lat": 35.658169,
        "lon": 139.752509,
        "name": "C1-43.KDX浜松町プレイス",
        "capacity": 9,
        "region_id": "3",
        "station_id": "00010577"
      },
      "geometry": {
        "type": "Point",
        "coordinates": [
          139.752509,
          35.658169
        ]
      }
    },
    {
      "type": "Feature",
      "properties": {
        "lat": 35.64115,
        "lon": 139.741471,
        "name": "C1-44.三田Avanti",
        "capacity": 6,
        "region_id": "3",
        "station_id": "00010596"
      },
      "geometry": {
        "type": "Point",
        "coordinates": [
          139.741471,
          35.64115
        ]
      }
    },
    {
      "type": "Feature",
      "properties": {
        "lat": 35.656324,
        "lon": 139.755927,
        "name": "C1-45.浜松町クレアタワー",
        "capacity": 19,
        "region_id": "3",
        "station_id": "00010607"
      },
      "geometry": {
        "type": "Point",
        "coordinates": [
          139.755927,
          35.656324
        ]
      }
    },
    {
      "type": "Feature",
      "properties": {
        "lat": 35.665124,
        "lon": 139.754054,
        "name": "C1-46.新虎通りCORE",
        "capacity": 16,
        "region_id": "3",
        "station_id": "00010608"
      },
      "geometry": {
        "type": "Point",
        "coordinates": [
          139.754054,
          35.665124
        ]
      }
    },
    {
      "type": "Feature",
      "properties": {
        "lat": 35.655139,
        "lon": 139.762812,
        "name": "C1-48.竹芝客船ターミナル",
        "capacity": 16,
        "region_id": "3",
        "station_id": "00010628"
      },
      "geometry": {
        "type": "Point",
        "coordinates": [
          139.762812,
          35.655139
        ]
      }
    },
    {
      "type": "Feature",
      "properties": {
        "lat": 35.666213,
        "lon": 139.760907,
        "name": "C1-49.汐留シティセンター",
        "capacity": 16,
        "region_id": "3",
        "station_id": "00010633"
      },
      "geometry": {
        "type": "Point",
        "coordinates": [
          139.760907,
          35.666213
        ]
      }
    },
    {
      "type": "Feature",
      "properties": {
        "lat": 35.666075,
        "lon": 139.748008,
        "name": "C1-50.NTT虎ノ門ビル",
        "capacity": 30,
        "region_id": "3",
        "station_id": "00010671"
      },
      "geometry": {
        "type": "Point",
        "coordinates": [
          139.748008,
          35.666075
        ]
      }
    },
    {
      "type": "Feature",
      "properties": {
        "lat": 35.663843,
        "lon": 139.757697,
        "name": "C1-51.環二新橋四丁目",
        "capacity": 30,
        "region_id": "3",
        "station_id": "00010720"
      },
      "geometry": {
        "type": "Point",
        "coordinates": [
          139.757697,
          35.663843
        ]
      }
    },
    {
      "type": "Feature",
      "properties": {
        "lat": 35.661149,
        "lon": 139.754612,
        "name": "C1-53.ホテルリブマックス新橋",
        "capacity": 3,
        "region_id": "3",
        "station_id": "00010731"
      },
      "geometry": {
        "type": "Point",
        "coordinates": [
          139.754612,
          35.661149
        ]
      }
    },
    {
      "type": "Feature",
      "properties": {
        "lat": 35.664344,
        "lon": 139.746662,
        "name": "C1-54.ニッセイ虎ノ門ビル",
        "capacity": 11,
        "region_id": "3",
        "station_id": "00010755"
      },
      "geometry": {
        "type": "Point",
        "coordinates": [
          139.746662,
          35.664344
        ]
      }
    },
    {
      "type": "Feature",
      "properties": {
        "lat": 35.669267,
        "lon": 139.756018,
        "name": "C1-55.アーバンネット内幸町ビル",
        "capacity": 19,
        "region_id": "3",
        "station_id": "00010837"
      },
      "geometry": {
        "type": "Point",
        "coordinates": [
          139.756018,
          35.669267
        ]
      }
    },
    {
      "type": "Feature",
      "properties": {
        "lat": 35.654873,
        "lon": 139.762103,
        "name": "C1-56.鈴与竹芝ビル",
        "capacity": 6,
        "region_id": "3",
        "station_id": "00010838"
      },
      "geometry": {
        "type": "Point",
        "coordinates": [
          139.762103,
          35.654873
        ]
      }
    },
    {
      "type": "Feature",
      "properties": {
        "lat": 35.667259,
        "lon": 139.745643,
        "name": "C1-57.虎ノ門ツインビルディング",
        "capacity": 37,
        "region_id": "3",
        "station_id": "00010868"
      },
      "geometry": {
        "type": "Point",
        "coordinates": [
          139.745643,
          35.667259
        ]
      }
    },
    {
      "type": "Feature",
      "properties": {
        "lat": 35.655937,
        "lon": 139.763251,
        "name": "C1-58.ウォーターズ竹芝",
        "capacity": 10,
        "region_id": "3",
        "station_id": "00010948"
      },
      "geometry": {
        "type": "Point",
        "coordinates": [
          139.763251,
          35.655937
        ]
      }
    },
    {
      "type": "Feature",
      "properties": {
        "lat": 35.650845,
        "lon": 139.748346,
        "name": "C1-59.セレスティン芝三井ビルディング",
        "capacity": 12,
        "region_id": "3",
        "station_id": "00010942"
      },
      "geometry": {
        "type": "Point",
        "coordinates": [
          139.748346,
          35.650845
        ]
      }
    },
    {
      "type": "Feature",
      "properties": {
        "lat": 35.647659,
        "lon": 139.745055,
        "name": "C1-60.専売ビル",
        "capacity": 14,
        "region_id": "3",
        "station_id": "00010944"
      },
      "geometry": {
        "type": "Point",
        "coordinates": [
          139.745055,
          35.647659
        ]
      }
    },
    {
      "type": "Feature",
      "properties": {
        "lat": 35.653096,
        "lon": 139.75739,
        "name": "C1-61.環三浜松町駅南",
        "capacity": 39,
        "region_id": "3",
        "station_id": "00010940"
      },
      "geometry": {
        "type": "Point",
        "coordinates": [
          139.75739,
          35.653096
        ]
      }
    },
    {
      "type": "Feature",
      "properties": {
        "lat": 35.669941,
        "lon": 139.749261,
        "name": "C1-64.東京虎ノ門グローバルスクエア",
        "capacity": 5,
        "region_id": "3",
        "station_id": "00010950"
      },
      "geometry": {
        "type": "Point",
        "coordinates": [
          139.749261,
          35.669941
        ]
      }
    },
    {
      "type": "Feature",
      "properties": {
        "lat": 35.654757,
        "lon": 139.761516,
        "name": "C1-65.東京ポートシティ竹芝",
        "capacity": 15,
        "region_id": "3",
        "station_id": "00010981"
      },
      "geometry": {
        "type": "Point",
        "coordinates": [
          139.761516,
          35.654757
        ]
      }
    },
    {
      "type": "Feature",
      "properties": {
        "lat": 35.669228,
        "lon": 139.751668,
        "name": "C1-67.京阪神 虎ノ門ビル",
        "capacity": 22,
        "region_id": "3",
        "station_id": "00011000"
      },
      "geometry": {
        "type": "Point",
        "coordinates": [
          139.751668,
          35.669228
        ]
      }
    },
    {
      "type": "Feature",
      "properties": {
        "lat": 35.665214,
        "lon": 139.757008,
        "name": "C1-68.桜田公園",
        "capacity": 29,
        "region_id": "3",
        "station_id": "00011034"
      },
      "geometry": {
        "type": "Point",
        "coordinates": [
          139.757008,
          35.665214
        ]
      }
    },
    {
      "type": "Feature",
      "properties": {
        "lat": 35.662908,
        "lon": 139.755014,
        "name": "C1-69.塩釜公園",
        "capacity": 4,
        "region_id": "3",
        "station_id": "00011035"
      },
      "geometry": {
        "type": "Point",
        "coordinates": [
          139.755014,
          35.662908
        ]
      }
    },
    {
      "type": "Feature",
      "properties": {
        "lat": 35.65583,
        "lon": 139.759896,
        "name": "C1-71.芝商業高校前交差点",
        "capacity": 6,
        "region_id": "3",
        "station_id": "00000194"
      },
      "geometry": {
        "type": "Point",
        "coordinates": [
          139.759896,
          35.65583
        ]
      }
    },
    {
      "type": "Feature",
      "properties": {
        "lat": 35.646307,
        "lon": 139.746428,
        "name": "C1-72.新田町ビル",
        "capacity": 11,
        "region_id": "3",
        "station_id": "00000196"
      },
      "geometry": {
        "type": "Point",
        "coordinates": [
          139.746428,
          35.646307
        ]
      }
    },
    {
      "type": "Feature",
      "properties": {
        "lat": 35.669871,
        "lon": 139.753147,
        "name": "C1-73.日比谷フォートタワー",
        "capacity": 13,
        "region_id": "3",
        "station_id": "00000283"
      },
      "geometry": {
        "type": "Point",
        "coordinates": [
          139.753147,
          35.669871
        ]
      }
    },
    {
      "type": "Feature",
      "properties": {
        "lat": 35.645155,
        "lon": 139.744543,
        "name": "C1-74.札の辻スクエア",
        "capacity": 6,
        "region_id": "3",
        "station_id": "00000704"
      },
      "geometry": {
        "type": "Point",
        "coordinates": [
          139.744543,
          35.645155
        ]
      }
    },
    {
      "type": "Feature",
      "properties": {
        "lat": 35.656647,
        "lon": 139.758301,
        "name": "C1-76.浜松町駅北口交通広場(ハマサイト前)",
        "capacity": 17,
        "region_id": "3",
        "station_id": "00000760"
      },
      "geometry": {
        "type": "Point",
        "coordinates": [
          139.758301,
          35.656647
        ]
      }
    },
    {
      "type": "Feature",
      "properties": {
        "lat": 35.65513,
        "lon": 139.749645,
        "name": "C1-77.芝公園",
        "capacity": 20,
        "region_id": "3",
        "station_id": "00001279"
      },
      "geometry": {
        "type": "Point",
        "coordinates": [
          139.749645,
          35.65513
        ]
      }
    },
    {
      "type": "Feature",
      "properties": {
        "lat": 35.66646,
        "lon": 139.752138,
        "name": "C1-78.CIRCLES新橋",
        "capacity": 7,
        "region_id": "3",
        "station_id": "00001385"
      },
      "geometry": {
        "type": "Point",
        "coordinates": [
          139.752138,
          35.66646
        ]
      }
    },
    {
      "type": "Feature",
      "properties": {
        "lat": 35.648765,
        "lon": 139.753363,
        "name": "C1-79.髙松コンストラクショングループ 東京本社ビル",
        "capacity": 4,
        "region_id": "3",
        "station_id": "00001695"
      },
      "geometry": {
        "type": "Point",
        "coordinates": [
          139.753363,
          35.648765
        ]
      }
    },
    {
      "type": "Feature",
      "properties": {
        "lat": 35.654289,
        "lon": 139.75557,
        "name": "C1-80.浜松町262ビル",
        "capacity": 12,
        "region_id": "3",
        "station_id": "00001758"
      },
      "geometry": {
        "type": "Point",
        "coordinates": [
          139.75557,
          35.654289
        ]
      }
    },
    {
      "type": "Feature",
      "properties": {
        "lat": 35.646534,
        "lon": 139.748913,
        "name": "C1-81.田町タワー",
        "capacity": 20,
        "region_id": "3",
        "station_id": "00001888"
      },
      "geometry": {
        "type": "Point",
        "coordinates": [
          139.748913,
          35.646534
        ]
      }
    },
    {
      "type": "Feature",
      "properties": {
        "lat": 35.647831,
        "lon": 139.739048,
        "name": "C1-82.トヨタモビリティ東京 港三田店",
        "capacity": 4,
        "region_id": "3",
        "station_id": "00001996"
      },
      "geometry": {
        "type": "Point",
        "coordinates": [
          139.739048,
          35.647831
        ]
      }
    },
    {
      "type": "Feature",
      "properties": {
        "lat": 35.651803,
        "lon": 139.749834,
        "name": "C1-83.友愛会館",
        "capacity": 5,
        "region_id": "3",
        "station_id": "00002645"
      },
      "geometry": {
        "type": "Point",
        "coordinates": [
          139.749834,
          35.651803
        ]
      }
    },
    {
      "type": "Feature",
      "properties": {
        "lat": 35.665221,
        "lon": 139.754265,
        "name": "C1-84.新虎安田ビル",
        "capacity": 15,
        "region_id": "3",
        "station_id": "00002590"
      },
      "geometry": {
        "type": "Point",
        "coordinates": [
          139.754265,
          35.665221
        ]
      }
    },
    {
      "type": "Feature",
      "properties": {
        "lat": 35.660659,
        "lon": 139.756358,
        "name": "C1-85.富士ソフト汐留ビル",
        "capacity": 8,
        "region_id": "3",
        "station_id": "00002746"
      },
      "geometry": {
        "type": "Point",
        "coordinates": [
          139.756358,
          35.660659
        ]
      }
    },
    {
      "type": "Feature",
      "properties": {
        "lat": 35.65083,
        "lon": 139.7547,
        "name": "C1-86.エステムプラザ芝公園1",
        "capacity": 5,
        "region_id": "3",
        "station_id": "00003560"
      },
      "geometry": {
        "type": "Point",
        "coordinates": [
          139.7547,
          35.65083
        ]
      }
    },
    {
      "type": "Feature",
      "properties": {
        "lat": 35.65072,
        "lon": 139.75469,
        "name": "C1-87.エステムプラザ芝公園2",
        "capacity": 3,
        "region_id": "3",
        "station_id": "00003561"
      },
      "geometry": {
        "type": "Point",
        "coordinates": [
          139.75469,
          35.65072
        ]
      }
    },
    {
      "type": "Feature",
      "properties": {
        "lat": 35.64726,
        "lon": 139.74034,
        "name": "C1-88.ソーシャルコート三田",
        "capacity": 3,
        "region_id": "3",
        "station_id": "00003670"
      },
      "geometry": {
        "type": "Point",
        "coordinates": [
          139.74034,
          35.64726
        ]
      }
    },
    {
      "type": "Feature",
      "properties": {
        "lat": 35.663251,
        "lon": 139.757235,
        "name": "C1-89.VORT 新橋Ⅲ",
        "capacity": 3,
        "region_id": "3",
        "station_id": "00003920"
      },
      "geometry": {
        "type": "Point",
        "coordinates": [
          139.757235,
          35.663251
        ]
      }
    },
    {
      "type": "Feature",
      "properties": {
        "lat": 35.664741,
        "lon": 139.750969,
        "name": "C1-90.BIZCORE西新橋",
        "capacity": 12,
        "region_id": "3",
        "station_id": "00003986"
      },
      "geometry": {
        "type": "Point",
        "coordinates": [
          139.750969,
          35.664741
        ]
      }
    },
    {
      "type": "Feature",
      "properties": {
        "lat": 35.659057,
        "lon": 139.757334,
        "name": "C1-91.VORT浜松町Ⅰ",
        "capacity": 4,
        "region_id": "3",
        "station_id": "00004725"
      },
      "geometry": {
        "type": "Point",
        "coordinates": [
          139.757334,
          35.659057
        ]
      }
    },
    {
      "type": "Feature",
      "properties": {
        "lat": 35.653433,
        "lon": 139.755552,
        "name": "C1-93.プレールドゥーク浜松町　A",
        "capacity": 3,
        "region_id": "3",
        "station_id": "00005404"
      },
      "geometry": {
        "type": "Point",
        "coordinates": [
          139.755552,
          35.653433
        ]
      }
    },
    {
      "type": "Feature",
      "properties": {
        "lat": 35.653463,
        "lon": 139.755446,
        "name": "C1-94.プレールドゥーク浜松町　B",
        "capacity": 2,
        "region_id": "3",
        "station_id": "00005405"
      },
      "geometry": {
        "type": "Point",
        "coordinates": [
          139.755446,
          35.653463
        ]
      }
    },
    {
      "type": "Feature",
      "properties": {
        "lat": 35.653558,
        "lon": 139.755605,
        "name": "C1-95.プレールドゥーク浜松町　C",
        "capacity": 3,
        "region_id": "3",
        "station_id": "00005406"
      },
      "geometry": {
        "type": "Point",
        "coordinates": [
          139.755605,
          35.653558
        ]
      }
    },
    {
      "type": "Feature",
      "properties": {
        "lat": 35.653568,
        "lon": 139.755525,
        "name": "C1-96.プレールドゥーク浜松町　D",
        "capacity": 2,
        "region_id": "3",
        "station_id": "00005460"
      },
      "geometry": {
        "type": "Point",
        "coordinates": [
          139.755525,
          35.653568
        ]
      }
    },
    {
      "type": "Feature",
      "properties": {
        "lat": 35.667107,
        "lon": 139.739565,
        "name": "C2-01.アークヒルズ（アーク森ビル）",
        "capacity": 12,
        "region_id": "3",
        "station_id": "00010080"
      },
      "geometry": {
        "type": "Point",
        "coordinates": [
          139.739565,
          35.667107
        ]
      }
    },
    {
      "type": "Feature",
      "properties": {
        "lat": 35.661158,
        "lon": 139.728533,
        "name": "C2-02.六本木ヒルズ",
        "capacity": 23,
        "region_id": "3",
        "station_id": "00010082"
      },
      "geometry": {
        "type": "Point",
        "coordinates": [
          139.728533,
          35.661158
        ]
      }
    },
    {
      "type": "Feature",
      "properties": {
        "lat": 35.666357,
        "lon": 139.73923,
        "name": "C2-03.アークヒルズサウスタワー",
        "capacity": 13,
        "region_id": "3",
        "station_id": "00010081"
      },
      "geometry": {
        "type": "Point",
        "coordinates": [
          139.73923,
          35.666357
        ]
      }
    },
    {
      "type": "Feature",
      "properties": {
        "lat": 35.656991,
        "lon": 139.740739,
        "name": "C2-04.飯倉いきいきプラザ",
        "capacity": 2,
        "region_id": "3",
        "station_id": "00010131"
      },
      "geometry": {
        "type": "Point",
        "coordinates": [
          139.740739,
          35.656991
        ]
      }
    },
    {
      "type": "Feature",
      "properties": {
        "lat": 35.651046,
        "lon": 139.727745,
        "name": "C2-05.ありすいきいきプラザ",
        "capacity": 13,
        "region_id": "3",
        "station_id": "00010132"
      },
      "geometry": {
        "type": "Point",
        "coordinates": [
          139.727745,
          35.651046
        ]
      }
    },
    {
      "type": "Feature",
      "properties": {
        "lat": 35.661673,
        "lon": 139.721118,
        "name": "C2-08.ファミリーマート西麻布霞町店",
        "capacity": 15,
        "region_id": "3",
        "station_id": "00010124"
      },
      "geometry": {
        "type": "Point",
        "coordinates": [
          139.721118,
          35.661673
        ]
      }
    },
    {
      "type": "Feature",
      "properties": {
        "lat": 35.660614,
        "lon": 139.734771,
        "name": "C2-09.麻布地区総合支所",
        "capacity": 1,
        "region_id": "3",
        "station_id": "00010204"
      },
      "geometry": {
        "type": "Point",
        "coordinates": [
          139.734771,
          35.660614
        ]
      }
    },
    {
      "type": "Feature",
      "properties": {
        "lat": 35.654726,
        "lon": 139.737491,
        "name": "C2-11.一の橋",
        "capacity": 52,
        "region_id": "3",
        "station_id": "00010219"
      },
      "geometry": {
        "type": "Point",
        "coordinates": [
          139.737491,
          35.654726
        ]
      }
    },
    {
      "type": "Feature",
      "properties": {
        "lat": 35.66249,
        "lon": 139.741397,
        "name": "C2-12.六本木ファーストビル",
        "capacity": 23,
        "region_id": "3",
        "station_id": "00010252"
      },
      "geometry": {
        "type": "Point",
        "coordinates": [
          139.741397,
          35.66249
        ]
      }
    },
    {
      "type": "Feature",
      "properties": {
        "lat": 35.651718,
        "lon": 139.728165,
        "name": "C2-13.麻布運動場",
        "capacity": 8,
        "region_id": "3",
        "station_id": "00010351"
      },
      "geometry": {
        "type": "Point",
        "coordinates": [
          139.728165,
          35.651718
        ]
      }
    },
    {
      "type": "Feature",
      "properties": {
        "lat": 35.653608,
        "lon": 139.73138,
        "name": "C2-14.元麻布ヒルズ",
        "capacity": 9,
        "region_id": "3",
        "station_id": "00010356"
      },
      "geometry": {
        "type": "Point",
        "coordinates": [
          139.73138,
          35.653608
        ]
      }
    },
    {
      "type": "Feature",
      "properties": {
        "lat": 35.664367,
        "lon": 139.737185,
        "name": "C2-15.住友不動産六本木グランドタワー",
        "capacity": 11,
        "region_id": "3",
        "station_id": "00010357"
      },
      "geometry": {
        "type": "Point",
        "coordinates": [
          139.737185,
          35.664367
        ]
      }
    },
    {
      "type": "Feature",
      "properties": {
        "lat": 35.657264,
        "lon": 139.743821,
        "name": "C2-16.ザ・ベルグレイヴィア麻布",
        "capacity": 4,
        "region_id": "3",
        "station_id": "00010438"
      },
      "geometry": {
        "type": "Point",
        "coordinates": [
          139.743821,
          35.657264
        ]
      }
    },
    {
      "type": "Feature",
      "properties": {
        "lat": 35.656769,
        "lon": 139.743224,
        "name": "C2-18.ブランシェ東麻布",
        "capacity": 3,
        "region_id": "3",
        "station_id": "00010756"
      },
      "geometry": {
        "type": "Point",
        "coordinates": [
          139.743224,
          35.656769
        ]
      }
    },
    {
      "type": "Feature",
      "properties": {
        "lat": 35.650732,
        "lon": 139.72256,
        "name": "C2-19.広尾駅",
        "capacity": 14,
        "region_id": "3",
        "station_id": "00010800"
      },
      "geometry": {
        "type": "Point",
        "coordinates": [
          139.72256,
          35.650732
        ]
      }
    },
    {
      "type": "Feature",
      "properties": {
        "lat": 35.66206,
        "lon": 139.735501,
        "name": "C2-20.三井ガーデンホテル六本木プレミア",
        "capacity": 9,
        "region_id": "3",
        "station_id": "00010880"
      },
      "geometry": {
        "type": "Point",
        "coordinates": [
          139.735501,
          35.66206
        ]
      }
    },
    {
      "type": "Feature",
      "properties": {
        "lat": 35.655649,
        "lon": 139.74427,
        "name": "C2-22.飯倉公園",
        "capacity": 11,
        "region_id": "3",
        "station_id": "00000181"
      },
      "geometry": {
        "type": "Point",
        "coordinates": [
          139.74427,
          35.655649
        ]
      }
    },
    {
      "type": "Feature",
      "properties": {
        "lat": 35.655135,
        "lon": 139.744449,
        "name": "C2-24.Dash Living HigashiAzabu",
        "capacity": 6,
        "region_id": "3",
        "station_id": "00000548"
      },
      "geometry": {
        "type": "Point",
        "coordinates": [
          139.744449,
          35.655135
        ]
      }
    },
    {
      "type": "Feature",
      "properties": {
        "lat": 35.661783,
        "lon": 139.737242,
        "name": "C2-25.アパホテル＆リゾート＜六本木駅東＞",
        "capacity": 42,
        "region_id": "3",
        "station_id": "00001108"
      },
      "geometry": {
        "type": "Point",
        "coordinates": [
          139.737242,
          35.661783
        ]
      }
    },
    {
      "type": "Feature",
      "properties": {
        "lat": 35.655367,
        "lon": 139.738075,
        "name": "C2-26.一の橋公園",
        "capacity": 6,
        "region_id": "3",
        "station_id": "00001721"
      },
      "geometry": {
        "type": "Point",
        "coordinates": [
          139.738075,
          35.655367
        ]
      }
    },
    {
      "type": "Feature",
      "properties": {
        "lat": 35.651382,
        "lon": 139.724392,
        "name": "C2-27.有栖川宮記念公園第一",
        "capacity": 17,
        "region_id": "3",
        "station_id": "00002200"
      },
      "geometry": {
        "type": "Point",
        "coordinates": [
          139.724392,
          35.651382
        ]
      }
    },
    {
      "type": "Feature",
      "properties": {
        "lat": 35.651129,
        "lon": 139.726003,
        "name": "C2-28.有栖川宮記念公園第二",
        "capacity": 8,
        "region_id": "3",
        "station_id": "00002191"
      },
      "geometry": {
        "type": "Point",
        "coordinates": [
          139.726003,
          35.651129
        ]
      }
    },
    {
      "type": "Feature",
      "properties": {
        "lat": 35.658204,
        "lon": 139.738935,
        "name": "C2-29.狸穴公園",
        "capacity": 4,
        "region_id": "3",
        "station_id": "00002192"
      },
      "geometry": {
        "type": "Point",
        "coordinates": [
          139.738935,
          35.658204
        ]
      }
    },
    {
      "type": "Feature",
      "properties": {
        "lat": 35.649507,
        "lon": 139.735269,
        "name": "C2-30.セジョリ南麻布",
        "capacity": 4,
        "region_id": "3",
        "station_id": "00002790"
      },
      "geometry": {
        "type": "Point",
        "coordinates": [
          139.735269,
          35.649507
        ]
      }
    },
    {
      "type": "Feature",
      "properties": {
        "lat": 35.661158,
        "lon": 139.740036,
        "name": "C2-32.麻布台ヒルズ",
        "capacity": 13,
        "region_id": "3",
        "station_id": "00003029"
      },
      "geometry": {
        "type": "Point",
        "coordinates": [
          139.740036,
          35.661158
        ]
      }
    },
    {
      "type": "Feature",
      "properties": {
        "lat": 35.659177,
        "lon": 139.719209,
        "name": "C2-33.パークウェルステイト西麻布",
        "capacity": 9,
        "region_id": "3",
        "station_id": "00003372"
      },
      "geometry": {
        "type": "Point",
        "coordinates": [
          139.719209,
          35.659177
        ]
      }
    },
    {
      "type": "Feature",
      "properties": {
        "lat": 35.652478,
        "lon": 139.734314,
        "name": "C2-34.仙台坂下",
        "capacity": 6,
        "region_id": "3",
        "station_id": "00004072"
      },
      "geometry": {
        "type": "Point",
        "coordinates": [
          139.734314,
          35.652478
        ]
      }
    },
    {
      "type": "Feature",
      "properties": {
        "lat": 35.658011,
        "lon": 139.727484,
        "name": "C2-35.VORT元麻布",
        "capacity": 2,
        "region_id": "3",
        "station_id": "00004694"
      },
      "geometry": {
        "type": "Point",
        "coordinates": [
          139.727484,
          35.658011
        ]
      }
    },
    {
      "type": "Feature",
      "properties": {
        "lat": 35.674788,
        "lon": 139.731423,
        "name": "C3-02.赤坂地区総合支所",
        "capacity": 9,
        "region_id": "3",
        "station_id": "00010127"
      },
      "geometry": {
        "type": "Point",
        "coordinates": [
          139.731423,
          35.674788
        ]
      }
    },
    {
      "type": "Feature",
      "properties": {
        "lat": 35.666461,
        "lon": 139.717474,
        "name": "C3-04.青南いきいきプラザ",
        "capacity": 2,
        "region_id": "3",
        "station_id": "00010129"
      },
      "geometry": {
        "type": "Point",
        "coordinates": [
          139.717474,
          35.666461
        ]
      }
    },
    {
      "type": "Feature",
      "properties": {
        "lat": 35.67064,
        "lon": 139.728166,
        "name": "C3-06.ホテルアジア会館",
        "capacity": 10,
        "region_id": "3",
        "station_id": "00010152"
      },
      "geometry": {
        "type": "Point",
        "coordinates": [
          139.728166,
          35.67064
        ]
      }
    },
    {
      "type": "Feature",
      "properties": {
        "lat": 35.672659,
        "lon": 139.725644,
        "name": "C3-07.新青山ビル",
        "capacity": 18,
        "region_id": "3",
        "station_id": "00010153"
      },
      "geometry": {
        "type": "Point",
        "coordinates": [
          139.725644,
          35.672659
        ]
      }
    },
    {
      "type": "Feature",
      "properties": {
        "lat": 35.671792,
        "lon": 139.733668,
        "name": "C3-08.赤坂パークビルヂング",
        "capacity": 6,
        "region_id": "3",
        "station_id": "00010154"
      },
      "geometry": {
        "type": "Point",
        "coordinates": [
          139.733668,
          35.671792
        ]
      }
    },
    {
      "type": "Feature",
      "properties": {
        "lat": 35.670364,
        "lon": 139.744684,
        "name": "C3-10.ファミリーマート特許庁前店",
        "capacity": 15,
        "region_id": "3",
        "station_id": "00010165"
      },
      "geometry": {
        "type": "Point",
        "coordinates": [
          139.744684,
          35.670364
        ]
      }
    },
    {
      "type": "Feature",
      "properties": {
        "lat": 35.676566,
        "lon": 139.737083,
        "name": "C3-11.赤坂見附南",
        "capacity": 5,
        "region_id": "3",
        "station_id": "00010195"
      },
      "geometry": {
        "type": "Point",
        "coordinates": [
          139.737083,
          35.676566
        ]
      }
    },
    {
      "type": "Feature",
      "properties": {
        "lat": 35.676732,
        "lon": 139.733905,
        "name": "C3-12.赤坂センタービルディング前（青山通り）",
        "capacity": 9,
        "region_id": "3",
        "station_id": "00010198"
      },
      "geometry": {
        "type": "Point",
        "coordinates": [
          139.733905,
          35.676732
        ]
      }
    },
    {
      "type": "Feature",
      "properties": {
        "lat": 35.6738,
        "lon": 139.731525,
        "name": "C3-16.赤坂ガーデンシティ",
        "capacity": 9,
        "region_id": "3",
        "station_id": "00010338"
      },
      "geometry": {
        "type": "Point",
        "coordinates": [
          139.731525,
          35.6738
        ]
      }
    },
    {
      "type": "Feature",
      "properties": {
        "lat": 35.670308,
        "lon": 139.743242,
        "name": "C3-17.セブン-イレブン 港区溜池山王店",
        "capacity": 19,
        "region_id": "3",
        "station_id": "00010375"
      },
      "geometry": {
        "type": "Point",
        "coordinates": [
          139.743242,
          35.670308
        ]
      }
    },
    {
      "type": "Feature",
      "properties": {
        "lat": 35.678179,
        "lon": 139.720809,
        "name": "C3-19.明治記念館西",
        "capacity": 4,
        "region_id": "3",
        "station_id": "00010503"
      },
      "geometry": {
        "type": "Point",
        "coordinates": [
          139.720809,
          35.678179
        ]
      }
    },
    {
      "type": "Feature",
      "properties": {
        "lat": 35.674929,
        "lon": 139.736053,
        "name": "C3-22.OMO3東京赤坂 by 星野リゾート",
        "capacity": 7,
        "region_id": "3",
        "station_id": "00010552"
      },
      "geometry": {
        "type": "Point",
        "coordinates": [
          139.736053,
          35.674929
        ]
      }
    },
    {
      "type": "Feature",
      "properties": {
        "lat": 35.669916,
        "lon": 139.725701,
        "name": "C3-23.LIFORK 南青山 北エントランス",
        "capacity": 30,
        "region_id": "3",
        "station_id": "00010609"
      },
      "geometry": {
        "type": "Point",
        "coordinates": [
          139.725701,
          35.669916
        ]
      }
    },
    {
      "type": "Feature",
      "properties": {
        "lat": 35.668419,
        "lon": 139.724676,
        "name": "C3-24.SHARE GREEN 南青山 西エントランス",
        "capacity": 5,
        "region_id": "3",
        "station_id": "00010610"
      },
      "geometry": {
        "type": "Point",
        "coordinates": [
          139.724676,
          35.668419
        ]
      }
    },
    {
      "type": "Feature",
      "properties": {
        "lat": 35.672477,
        "lon": 139.739743,
        "name": "C3-28.ヒューリックＪＰ赤坂ビル",
        "capacity": 11,
        "region_id": "3",
        "station_id": "00011013"
      },
      "geometry": {
        "type": "Point",
        "coordinates": [
          139.739743,
          35.672477
        ]
      }
    },
    {
      "type": "Feature",
      "properties": {
        "lat": 35.674094,
        "lon": 139.728895,
        "name": "C3-29.高橋是清翁記念公園",
        "capacity": 7,
        "region_id": "3",
        "station_id": "00000309"
      },
      "geometry": {
        "type": "Point",
        "coordinates": [
          139.728895,
          35.674094
        ]
      }
    },
    {
      "type": "Feature",
      "properties": {
        "lat": 35.672652,
        "lon": 139.738908,
        "name": "C3-30.東京赤坂NKビル (ヴィアインプライム赤坂)",
        "capacity": 10,
        "region_id": "3",
        "station_id": "00001062"
      },
      "geometry": {
        "type": "Point",
        "coordinates": [
          139.738908,
          35.672652
        ]
      }
    },
    {
      "type": "Feature",
      "properties": {
        "lat": 35.670239,
        "lon": 139.744285,
        "name": "C3-31.赤坂一丁目",
        "capacity": 17,
        "region_id": "3",
        "station_id": "00001081"
      },
      "geometry": {
        "type": "Point",
        "coordinates": [
          139.744285,
          35.670239
        ]
      }
    },
    {
      "type": "Feature",
      "properties": {
        "lat": 35.667936,
        "lon": 139.72745,
        "name": "C3-32.乃木公園",
        "capacity": 5,
        "region_id": "3",
        "station_id": "00001080"
      },
      "geometry": {
        "type": "Point",
        "coordinates": [
          139.72745,
          35.667936
        ]
      }
    },
    {
      "type": "Feature",
      "properties": {
        "lat": 35.667462,
        "lon": 139.716058,
        "name": "C3-33.PASONA SQUARE",
        "capacity": 14,
        "region_id": "3",
        "station_id": "00001224"
      },
      "geometry": {
        "type": "Point",
        "coordinates": [
          139.716058,
          35.667462
        ]
      }
    },
    {
      "type": "Feature",
      "properties": {
        "lat": 35.668622,
        "lon": 139.715957,
        "name": "C3-34.3rd MINAMI AOYAMA",
        "capacity": 5,
        "region_id": "3",
        "station_id": "00001386"
      },
      "geometry": {
        "type": "Point",
        "coordinates": [
          139.715957,
          35.668622
        ]
      }
    },
    {
      "type": "Feature",
      "properties": {
        "lat": 35.667069,
        "lon": 139.713423,
        "name": "C3-35.ワールド北青山ビル",
        "capacity": 15,
        "region_id": "3",
        "station_id": "00001525"
      },
      "geometry": {
        "type": "Point",
        "coordinates": [
          139.713423,
          35.667069
        ]
      }
    },
    {
      "type": "Feature",
      "properties": {
        "lat": 35.666349,
        "lon": 139.741781,
        "name": "C3-36.第35興和ビル",
        "capacity": 4,
        "region_id": "3",
        "station_id": "00002363"
      },
      "geometry": {
        "type": "Point",
        "coordinates": [
          139.741781,
          35.666349
        ]
      }
    },
    {
      "type": "Feature",
      "properties": {
        "lat": 35.669512,
        "lon": 139.736297,
        "name": "C3-37.AKASAKA MAPLE HILL",
        "capacity": 13,
        "region_id": "3",
        "station_id": "00002877"
      },
      "geometry": {
        "type": "Point",
        "coordinates": [
          139.736297,
          35.669512
        ]
      }
    },
    {
      "type": "Feature",
      "properties": {
        "lat": 35.672367,
        "lon": 139.740437,
        "name": "C3-38.AKASAKA GREEN CROSS",
        "capacity": 15,
        "region_id": "3",
        "station_id": "00002992"
      },
      "geometry": {
        "type": "Point",
        "coordinates": [
          139.740437,
          35.672367
        ]
      }
    },
    {
      "type": "Feature",
      "properties": {
        "lat": 35.668224,
        "lon": 139.732821,
        "name": "C3-39.赤坂レジデンシャルホテル",
        "capacity": 13,
        "region_id": "3",
        "station_id": "00004430"
      },
      "geometry": {
        "type": "Point",
        "coordinates": [
          139.732821,
          35.668224
        ]
      }
    },
    {
      "type": "Feature",
      "properties": {
        "lat": 35.65989,
        "lon": 139.71696,
        "name": "C3-40.VORT南青山Ⅰ",
        "capacity": 6,
        "region_id": "3",
        "station_id": "00004660"
      },
      "geometry": {
        "type": "Point",
        "coordinates": [
          139.71696,
          35.65989
        ]
      }
    },
    {
      "type": "Feature",
      "properties": {
        "lat": 35.670386,
        "lon": 139.740757,
        "name": "C3-41.赤坂トラストタワー",
        "capacity": 19,
        "region_id": "3",
        "station_id": "00004924"
      },
      "geometry": {
        "type": "Point",
        "coordinates": [
          139.740757,
          35.670386
        ]
      }
    },
    {
      "type": "Feature",
      "properties": {
        "lat": 35.673192,
        "lon": 139.727977,
        "name": "C3-42.AB赤坂ビル",
        "capacity": 13,
        "region_id": "3",
        "station_id": "00004791"
      },
      "geometry": {
        "type": "Point",
        "coordinates": [
          139.727977,
          35.673192
        ]
      }
    },
    {
      "type": "Feature",
      "properties": {
        "lat": 35.641833,
        "lon": 139.734519,
        "name": "C4-01.高輪地区総合支所(5F)",
        "capacity": 10,
        "region_id": "3",
        "station_id": "00010210"
      },
      "geometry": {
        "type": "Point",
        "coordinates": [
          139.734519,
          35.641833
        ]
      }
    },
    {
      "type": "Feature",
      "properties": {
        "lat": 35.632128,
        "lon": 139.732097,
        "name": "C4-04.ショパン高輪",
        "capacity": 12,
        "region_id": "3",
        "station_id": "00010444"
      },
      "geometry": {
        "type": "Point",
        "coordinates": [
          139.732097,
          35.632128
        ]
      }
    },
    {
      "type": "Feature",
      "properties": {
        "lat": 35.638927,
        "lon": 139.727083,
        "name": "C4-05.白金台駅自転車駐車場",
        "capacity": 12,
        "region_id": "3",
        "station_id": "00010540"
      },
      "geometry": {
        "type": "Point",
        "coordinates": [
          139.727083,
          35.638927
        ]
      }
    },
    {
      "type": "Feature",
      "properties": {
        "lat": 35.644134,
        "lon": 139.723432,
        "name": "C4-06.白金プラチナレジデンス",
        "capacity": 18,
        "region_id": "3",
        "station_id": "00010825"
      },
      "geometry": {
        "type": "Point",
        "coordinates": [
          139.723432,
          35.644134
        ]
      }
    },
    {
      "type": "Feature",
      "properties": {
        "lat": 35.628266,
        "lon": 139.734171,
        "name": "C4-07.品川プリンスホテル",
        "capacity": 10,
        "region_id": "3",
        "station_id": "00010827"
      },
      "geometry": {
        "type": "Point",
        "coordinates": [
          139.734171,
          35.628266
        ]
      }
    },
    {
      "type": "Feature",
      "properties": {
        "lat": 35.646375,
        "lon": 139.740061,
        "name": "C4-09.ケーヨーデイツー三田店",
        "capacity": 5,
        "region_id": "3",
        "station_id": "00010947"
      },
      "geometry": {
        "type": "Point",
        "coordinates": [
          139.740061,
          35.646375
        ]
      }
    },
    {
      "type": "Feature",
      "properties": {
        "lat": 35.642764,
        "lon": 139.741174,
        "name": "C4-10.亀塚公園",
        "capacity": 10,
        "region_id": "3",
        "station_id": "00010989"
      },
      "geometry": {
        "type": "Point",
        "coordinates": [
          139.741174,
          35.642764
        ]
      }
    },
    {
      "type": "Feature",
      "properties": {
        "lat": 35.64816,
        "lon": 139.737991,
        "name": "C4-11.ザ・パークハウス 三田ガーデン",
        "capacity": 14,
        "region_id": "3",
        "station_id": "00000437"
      },
      "geometry": {
        "type": "Point",
        "coordinates": [
          139.737991,
          35.64816
        ]
      }
    },
    {
      "type": "Feature",
      "properties": {
        "lat": 35.643711,
        "lon": 139.724753,
        "name": "C4-14.神応ほっとプラザ",
        "capacity": 10,
        "region_id": "3",
        "station_id": "00001505"
      },
      "geometry": {
        "type": "Point",
        "coordinates": [
          139.724753,
          35.643711
        ]
      }
    },
    {
      "type": "Feature",
      "properties": {
        "lat": 35.642771,
        "lon": 139.733046,
        "name": "C4-15.クロスレジデンス白金高輪",
        "capacity": 9,
        "region_id": "3",
        "station_id": "00001355"
      },
      "geometry": {
        "type": "Point",
        "coordinates": [
          139.733046,
          35.642771
        ]
      }
    },
    {
      "type": "Feature",
      "properties": {
        "lat": 35.637089,
        "lon": 139.740401,
        "name": "C4-16.THE LINKPILLAR 1 NORTH",
        "capacity": 19,
        "region_id": "3",
        "station_id": "00004128"
      },
      "geometry": {
        "type": "Point",
        "coordinates": [
          139.740401,
          35.637089
        ]
      }
    },
    {
      "type": "Feature",
      "properties": {
        "lat": 35.634,
        "lon": 139.739389,
        "name": "C4-17.THE LINKPILLAR 1 SOUTH",
        "capacity": 12,
        "region_id": "3",
        "station_id": "00004127"
      },
      "geometry": {
        "type": "Point",
        "coordinates": [
          139.739389,
          35.634
        ]
      }
    },
    {
      "type": "Feature",
      "properties": {
        "lat": 35.636281,
        "lon": 139.72283,
        "name": "C4-18.ジオグランデ白金台",
        "capacity": 3,
        "region_id": "3",
        "station_id": "00004461"
      },
      "geometry": {
        "type": "Point",
        "coordinates": [
          139.72283,
          35.636281
        ]
      }
    },
    {
      "type": "Feature",
      "properties": {
        "lat": 35.62535,
        "lon": 139.73777,
        "name": "C4-19.サマセット品川東京",
        "capacity": 18,
        "region_id": "3",
        "station_id": "00004665"
      },
      "geometry": {
        "type": "Point",
        "coordinates": [
          139.73777,
          35.62535
        ]
      }
    },
    {
      "type": "Feature",
      "properties": {
        "lat": 35.631763,
        "lon": 139.737935,
        "name": "C4-20.アベニュー高輪",
        "capacity": 10,
        "region_id": "3",
        "station_id": "00005436"
      },
      "geometry": {
        "type": "Point",
        "coordinates": [
          139.737935,
          35.631763
        ]
      }
    },
    {
      "type": "Feature",
      "properties": {
        "lat": 35.629697,
        "lon": 139.742167,
        "name": "C5-01.こうなん星の公園",
        "capacity": 48,
        "region_id": "3",
        "station_id": "00010078"
      },
      "geometry": {
        "type": "Point",
        "coordinates": [
          139.742167,
          35.629697
        ]
      }
    },
    {
      "type": "Feature",
      "properties": {
        "lat": 35.628955,
        "lon": 139.750731,
        "name": "C5-02.港南緑水公園",
        "capacity": 44,
        "region_id": "3",
        "station_id": "00010079"
      },
      "geometry": {
        "type": "Point",
        "coordinates": [
          139.750731,
          35.628955
        ]
      }
    },
    {
      "type": "Feature",
      "properties": {
        "lat": 35.624966,
        "lon": 139.746657,
        "name": "C5-03.港南公園C",
        "capacity": 26,
        "region_id": "3",
        "station_id": "00010085"
      },
      "geometry": {
        "type": "Point",
        "coordinates": [
          139.746657,
          35.624966
        ]
      }
    },
    {
      "type": "Feature",
      "properties": {
        "lat": 35.646801,
        "lon": 139.751208,
        "name": "C5-04.みなとパーク芝浦",
        "capacity": 11,
        "region_id": "3",
        "station_id": "00010086"
      },
      "geometry": {
        "type": "Point",
        "coordinates": [
          139.751208,
          35.646801
        ]
      }
    },
    {
      "type": "Feature",
      "properties": {
        "lat": 35.632303,
        "lon": 139.742393,
        "name": "C5-06.品川シーズンテラス",
        "capacity": 20,
        "region_id": "3",
        "station_id": "00010135"
      },
      "geometry": {
        "type": "Point",
        "coordinates": [
          139.742393,
          35.632303
        ]
      }
    },
    {
      "type": "Feature",
      "properties": {
        "lat": 35.632842,
        "lon": 139.7495,
        "name": "C5-07.港区立港南図書館",
        "capacity": 10,
        "region_id": "3",
        "station_id": "00010150"
      },
      "geometry": {
        "type": "Point",
        "coordinates": [
          139.7495,
          35.632842
        ]
      }
    },
    {
      "type": "Feature",
      "properties": {
        "lat": 35.637366,
        "lon": 139.74844,
        "name": "C5-08.AQUACITY芝浦",
        "capacity": 11,
        "region_id": "3",
        "station_id": "00010155"
      },
      "geometry": {
        "type": "Point",
        "coordinates": [
          139.74844,
          35.637366
        ]
      }
    },
    {
      "type": "Feature",
      "properties": {
        "lat": 35.643202,
        "lon": 139.746244,
        "name": "C5-09.グランパーク",
        "capacity": 18,
        "region_id": "3",
        "station_id": "00010156"
      },
      "geometry": {
        "type": "Point",
        "coordinates": [
          139.746244,
          35.643202
        ]
      }
    },
    {
      "type": "Feature",
      "properties": {
        "lat": 35.649959,
        "lon": 139.756068,
        "name": "C5-10.シーバンス",
        "capacity": 14,
        "region_id": "3",
        "station_id": "00010166"
      },
      "geometry": {
        "type": "Point",
        "coordinates": [
          139.756068,
          35.649959
        ]
      }
    },
    {
      "type": "Feature",
      "properties": {
        "lat": 35.631729,
        "lon": 139.749767,
        "name": "C5-11.フェイバリッチタワー品川",
        "capacity": 15,
        "region_id": "3",
        "station_id": "00010177"
      },
      "geometry": {
        "type": "Point",
        "coordinates": [
          139.749767,
          35.631729
        ]
      }
    },
    {
      "type": "Feature",
      "properties": {
        "lat": 35.633742,
        "lon": 139.748281,
        "name": "C5-12.第2東運ビル",
        "capacity": 12,
        "region_id": "3",
        "station_id": "00010191"
      },
      "geometry": {
        "type": "Point",
        "coordinates": [
          139.748281,
          35.633742
        ]
      }
    },
    {
      "type": "Feature",
      "properties": {
        "lat": 35.638245,
        "lon": 139.749754,
        "name": "C5-13.区立芝浦西運河沿緑地",
        "capacity": 43,
        "region_id": "3",
        "station_id": "00010203"
      },
      "geometry": {
        "type": "Point",
        "coordinates": [
          139.749754,
          35.638245
        ]
      }
    },
    {
      "type": "Feature",
      "properties": {
        "lat": 35.640481,
        "lon": 139.753659,
        "name": "C5-14.セブン-イレブン 港区汐彩橋店",
        "capacity": 5,
        "region_id": "3",
        "station_id": "00010220"
      },
      "geometry": {
        "type": "Point",
        "coordinates": [
          139.753659,
          35.640481
        ]
      }
    },
    {
      "type": "Feature",
      "properties": {
        "lat": 35.640215,
        "lon": 139.755971,
        "name": "C5-15.セブン-イレブン 港区芝浦ふ頭店",
        "capacity": 12,
        "region_id": "3",
        "station_id": "00010221"
      },
      "geometry": {
        "type": "Point",
        "coordinates": [
          139.755971,
          35.640215
        ]
      }
    },
    {
      "type": "Feature",
      "properties": {
        "lat": 35.626704,
        "lon": 139.742174,
        "name": "C5-16.品川インターシティ",
        "capacity": 22,
        "region_id": "3",
        "station_id": "00010269"
      },
      "geometry": {
        "type": "Point",
        "coordinates": [
          139.742174,
          35.626704
        ]
      }
    },
    {
      "type": "Feature",
      "properties": {
        "lat": 35.651103,
        "lon": 139.759092,
        "name": "C5-17.鈴与浜松町ビル",
        "capacity": 9,
        "region_id": "3",
        "station_id": "00010305"
      },
      "geometry": {
        "type": "Point",
        "coordinates": [
          139.759092,
          35.651103
        ]
      }
    },
    {
      "type": "Feature",
      "properties": {
        "lat": 35.634529,
        "lon": 139.748378,
        "name": "C5-18.パークタワー品川ベイワード",
        "capacity": 18,
        "region_id": "3",
        "station_id": "00010319"
      },
      "geometry": {
        "type": "Point",
        "coordinates": [
          139.748378,
          35.634529
        ]
      }
    },
    {
      "type": "Feature",
      "properties": {
        "lat": 35.645537,
        "lon": 139.754899,
        "name": "C5-19.グランドメゾン田町",
        "capacity": 6,
        "region_id": "3",
        "station_id": "00010321"
      },
      "geometry": {
        "type": "Point",
        "coordinates": [
          139.754899,
          35.645537
        ]
      }
    },
    {
      "type": "Feature",
      "properties": {
        "lat": 35.645254,
        "lon": 139.754765,
        "name": "C5-20.ローソン芝浦二丁目店",
        "capacity": 2,
        "region_id": "3",
        "station_id": "00010330"
      },
      "geometry": {
        "type": "Point",
        "coordinates": [
          139.754765,
          35.645254
        ]
      }
    },
    {
      "type": "Feature",
      "properties": {
        "lat": 35.642399,
        "lon": 139.746992,
        "name": "C5-21.セブン-イレブン 芝浦3丁目店",
        "capacity": 6,
        "region_id": "3",
        "station_id": "00010355"
      },
      "geometry": {
        "type": "Point",
        "coordinates": [
          139.746992,
          35.642399
        ]
      }
    },
    {
      "type": "Feature",
      "properties": {
        "lat": 35.647713,
        "lon": 139.755534,
        "name": "C5-24.GLOBAL FRONT TOWER",
        "capacity": 14,
        "region_id": "3",
        "station_id": "00010480"
      },
      "geometry": {
        "type": "Point",
        "coordinates": [
          139.755534,
          35.647713
        ]
      }
    },
    {
      "type": "Feature",
      "properties": {
        "lat": 35.639571,
        "lon": 139.755551,
        "name": "C5-25.NEX-TEC芝浦",
        "capacity": 36,
        "region_id": "3",
        "station_id": "00010544"
      },
      "geometry": {
        "type": "Point",
        "coordinates": [
          139.755551,
          35.639571
        ]
      }
    },
    {
      "type": "Feature",
      "properties": {
        "lat": 35.644155,
        "lon": 139.756216,
        "name": "C5-26.ピアシティ芝浦ビル",
        "capacity": 12,
        "region_id": "3",
        "station_id": "00010555"
      },
      "geometry": {
        "type": "Point",
        "coordinates": [
          139.756216,
          35.644155
        ]
      }
    },
    {
      "type": "Feature",
      "properties": {
        "lat": 35.648948,
        "lon": 139.757895,
        "name": "C5-27.プレミア海岸ビル",
        "capacity": 21,
        "region_id": "3",
        "station_id": "00010576"
      },
      "geometry": {
        "type": "Point",
        "coordinates": [
          139.757895,
          35.648948
        ]
      }
    },
    {
      "type": "Feature",
      "properties": {
        "lat": 35.643683,
        "lon": 139.7506,
        "name": "C5-28.芝浦ルネサイトタワー",
        "capacity": 8,
        "region_id": "3",
        "station_id": "00010785"
      },
      "geometry": {
        "type": "Point",
        "coordinates": [
          139.7506,
          35.643683
        ]
      }
    },
    {
      "type": "Feature",
      "properties": {
        "lat": 35.651672,
        "lon": 139.760549,
        "name": "C5-29.Hi-NODE(ハイノード)",
        "capacity": 6,
        "region_id": "3",
        "station_id": "00010833"
      },
      "geometry": {
        "type": "Point",
        "coordinates": [
          139.760549,
          35.651672
        ]
      }
    },
    {
      "type": "Feature",
      "properties": {
        "lat": 35.626267,
        "lon": 139.771438,
        "name": "C5-31.ヒルトン東京お台場",
        "capacity": 9,
        "region_id": "3",
        "station_id": "00010865"
      },
      "geometry": {
        "type": "Point",
        "coordinates": [
          139.771438,
          35.626267
        ]
      }
    },
    {
      "type": "Feature",
      "properties": {
        "lat": 35.627891,
        "lon": 139.776896,
        "name": "C5-32.トレードピアお台場",
        "capacity": 7,
        "region_id": "3",
        "station_id": "00010878"
      },
      "geometry": {
        "type": "Point",
        "coordinates": [
          139.776896,
          35.627891
        ]
      }
    },
    {
      "type": "Feature",
      "properties": {
        "lat": 35.645682,
        "lon": 139.748768,
        "name": "C5-33.msb Tamachi",
        "capacity": 38,
        "region_id": "3",
        "station_id": "00010884"
      },
      "geometry": {
        "type": "Point",
        "coordinates": [
          139.748768,
          35.645682
        ]
      }
    },
    {
      "type": "Feature",
      "properties": {
        "lat": 35.636644,
        "lon": 139.751798,
        "name": "C5-34.五色橋ビル",
        "capacity": 6,
        "region_id": "3",
        "station_id": "00010920"
      },
      "geometry": {
        "type": "Point",
        "coordinates": [
          139.751798,
          35.636644
        ]
      }
    },
    {
      "type": "Feature",
      "properties": {
        "lat": 35.62822,
        "lon": 139.741135,
        "name": "C5-35.品川駅港南口",
        "capacity": 2,
        "region_id": "3",
        "station_id": "00010970"
      },
      "geometry": {
        "type": "Point",
        "coordinates": [
          139.741135,
          35.62822
        ]
      }
    },
    {
      "type": "Feature",
      "properties": {
        "lat": 35.62974,
        "lon": 139.778178,
        "name": "C5-36.お台場海浜公園駅",
        "capacity": 9,
        "region_id": "3",
        "station_id": "00010100"
      },
      "geometry": {
        "type": "Point",
        "coordinates": [
          139.778178,
          35.62974
        ]
      }
    },
    {
      "type": "Feature",
      "properties": {
        "lat": 35.626388,
        "lon": 139.772453,
        "name": "C5-37.台場駅",
        "capacity": 22,
        "region_id": "3",
        "station_id": "00010106"
      },
      "geometry": {
        "type": "Point",
        "coordinates": [
          139.772453,
          35.626388
        ]
      }
    },
    {
      "type": "Feature",
      "properties": {
        "lat": 35.628743,
        "lon": 139.773915,
        "name": "C5-38.お台場海浜公園乗船場",
        "capacity": 7,
        "region_id": "3",
        "station_id": "00010118"
      },
      "geometry": {
        "type": "Point",
        "coordinates": [
          139.773915,
          35.628743
        ]
      }
    },
    {
      "type": "Feature",
      "properties": {
        "lat": 35.631021,
        "lon": 139.778109,
        "name": "C5-39.お台場海浜公園東",
        "capacity": 15,
        "region_id": "3",
        "station_id": "00010119"
      },
      "geometry": {
        "type": "Point",
        "coordinates": [
          139.778109,
          35.631021
        ]
      }
    },
    {
      "type": "Feature",
      "properties": {
        "lat": 35.64096,
        "lon": 139.75754,
        "name": "C5-40.芝浦ふ頭駅前暫定自転車駐車場",
        "capacity": 7,
        "region_id": "3",
        "station_id": "00000350"
      },
      "geometry": {
        "type": "Point",
        "coordinates": [
          139.75754,
          35.64096
        ]
      }
    },
    {
      "type": "Feature",
      "properties": {
        "lat": 35.639644,
        "lon": 139.745532,
        "name": "C5-41.トヨタモビリティ東京 芝浦店",
        "capacity": 9,
        "region_id": "3",
        "station_id": "00000399"
      },
      "geometry": {
        "type": "Point",
        "coordinates": [
          139.745532,
          35.639644
        ]
      }
    },
    {
      "type": "Feature",
      "properties": {
        "lat": 35.644241,
        "lon": 139.753834,
        "name": "C5-42.DHC芝浦2丁目ビル",
        "capacity": 8,
        "region_id": "3",
        "station_id": "00000398"
      },
      "geometry": {
        "type": "Point",
        "coordinates": [
          139.753834,
          35.644241
        ]
      }
    },
    {
      "type": "Feature",
      "properties": {
        "lat": 35.644798,
        "lon": 139.752697,
        "name": "C5-43.オアーゼ芝浦MJビル",
        "capacity": 8,
        "region_id": "3",
        "station_id": "00000485"
      },
      "geometry": {
        "type": "Point",
        "coordinates": [
          139.752697,
          35.644798
        ]
      }
    },
    {
      "type": "Feature",
      "properties": {
        "lat": 35.643105,
        "lon": 139.753039,
        "name": "C5-44.ブランズタワー芝浦",
        "capacity": 8,
        "region_id": "3",
        "station_id": "00000519"
      },
      "geometry": {
        "type": "Point",
        "coordinates": [
          139.753039,
          35.643105
        ]
      }
    },
    {
      "type": "Feature",
      "properties": {
        "lat": 35.644794,
        "lon": 139.755688,
        "name": "C5-45.パークアクシス芝浦キャナル",
        "capacity": 7,
        "region_id": "3",
        "station_id": "00000549"
      },
      "geometry": {
        "type": "Point",
        "coordinates": [
          139.755688,
          35.644794
        ]
      }
    },
    {
      "type": "Feature",
      "properties": {
        "lat": 35.630961,
        "lon": 139.746875,
        "name": "C5-46.ウエリスアーバン品川タワー",
        "capacity": 11,
        "region_id": "3",
        "station_id": "00000707"
      },
      "geometry": {
        "type": "Point",
        "coordinates": [
          139.746875,
          35.630961
        ]
      }
    },
    {
      "type": "Feature",
      "properties": {
        "lat": 35.62413,
        "lon": 139.744831,
        "name": "C5-47.oak港南品川",
        "capacity": 25,
        "region_id": "3",
        "station_id": "00000972"
      },
      "geometry": {
        "type": "Point",
        "coordinates": [
          139.744831,
          35.62413
        ]
      }
    },
    {
      "type": "Feature",
      "properties": {
        "lat": 35.636808,
        "lon": 139.752517,
        "name": "C5-48.セブンイレブン港区海岸三丁目店",
        "capacity": 7,
        "region_id": "3",
        "station_id": "00001433"
      },
      "geometry": {
        "type": "Point",
        "coordinates": [
          139.752517,
          35.636808
        ]
      }
    },
    {
      "type": "Feature",
      "properties": {
        "lat": 35.638912,
        "lon": 139.747422,
        "name": "C5-49.プラウドタワー芝浦",
        "capacity": 6,
        "region_id": "3",
        "station_id": "00001481"
      },
      "geometry": {
        "type": "Point",
        "coordinates": [
          139.747422,
          35.638912
        ]
      }
    },
    {
      "type": "Feature",
      "properties": {
        "lat": 35.633133,
        "lon": 139.777315,
        "name": "C5-50.お台場レインボー公園",
        "capacity": 12,
        "region_id": "3",
        "station_id": "00001566"
      },
      "geometry": {
        "type": "Point",
        "coordinates": [
          139.777315,
          35.633133
        ]
      }
    },
    {
      "type": "Feature",
      "properties": {
        "lat": 35.634627,
        "lon": 139.77663,
        "name": "C5-51.トミンタワー台場一番街",
        "capacity": 10,
        "region_id": "3",
        "station_id": "00001692"
      },
      "geometry": {
        "type": "Point",
        "coordinates": [
          139.77663,
          35.634627
        ]
      }
    },
    {
      "type": "Feature",
      "properties": {
        "lat": 35.630109,
        "lon": 139.747094,
        "name": "C5-52.港南四丁目第3アパート駐車場",
        "capacity": 10,
        "region_id": "3",
        "station_id": "00001749"
      },
      "geometry": {
        "type": "Point",
        "coordinates": [
          139.747094,
          35.630109
        ]
      }
    },
    {
      "type": "Feature",
      "properties": {
        "lat": 35.641631,
        "lon": 139.74671,
        "name": "C5-53.suito芝浦",
        "capacity": 11,
        "region_id": "3",
        "station_id": "00002763"
      },
      "geometry": {
        "type": "Point",
        "coordinates": [
          139.74671,
          35.641631
        ]
      }
    },
    {
      "type": "Feature",
      "properties": {
        "lat": 35.643909,
        "lon": 139.756509,
        "name": "C5-54.ヤマタネ芝浦オフィス",
        "capacity": 11,
        "region_id": "3",
        "station_id": "00002781"
      },
      "geometry": {
        "type": "Point",
        "coordinates": [
          139.756509,
          35.643909
        ]
      }
    },
    {
      "type": "Feature",
      "properties": {
        "lat": 35.634565,
        "lon": 139.775809,
        "name": "C5-55.お台場海浜公園北",
        "capacity": 13,
        "region_id": "3",
        "station_id": "00002867"
      },
      "geometry": {
        "type": "Point",
        "coordinates": [
          139.775809,
          35.634565
        ]
      }
    },
    {
      "type": "Feature",
      "properties": {
        "lat": 35.640783,
        "lon": 139.756688,
        "name": "C5-56.芝浦ダイヤビルディング",
        "capacity": 65,
        "region_id": "3",
        "station_id": "00002912"
      },
      "geometry": {
        "type": "Point",
        "coordinates": [
          139.756688,
          35.640783
        ]
      }
    },
    {
      "type": "Feature",
      "properties": {
        "lat": 35.62926,
        "lon": 139.757314,
        "name": "C5-57.FORECAST品川LABO",
        "capacity": 20,
        "region_id": "3",
        "station_id": "00003786"
      },
      "geometry": {
        "type": "Point",
        "coordinates": [
          139.757314,
          35.62926
        ]
      }
    },
    {
      "type": "Feature",
      "properties": {
        "lat": 35.640017,
        "lon": 139.748939,
        "name": "C5-58.VORT芝浦WaterFront",
        "capacity": 3,
        "region_id": "3",
        "station_id": "00003985"
      },
      "geometry": {
        "type": "Point",
        "coordinates": [
          139.748939,
          35.640017
        ]
      }
    },
    {
      "type": "Feature",
      "properties": {
        "lat": 35.63725,
        "lon": 139.75276,
        "name": "C5-59.エスリード芝浦ベイサイド ",
        "capacity": 5,
        "region_id": "3",
        "station_id": "00003940"
      },
      "geometry": {
        "type": "Point",
        "coordinates": [
          139.75276,
          35.63725
        ]
      }
    },
    {
      "type": "Feature",
      "properties": {
        "lat": 35.630018,
        "lon": 139.745663,
        "name": "C5-60.品川東急ビル",
        "capacity": 4,
        "region_id": "3",
        "station_id": "00004247"
      },
      "geometry": {
        "type": "Point",
        "coordinates": [
          139.745663,
          35.630018
        ]
      }
    },
    {
      "type": "Feature",
      "properties": {
        "lat": 35.65084,
        "lon": 139.756532,
        "name": "C5-61.ブルーフロント芝浦タワーS",
        "capacity": 15,
        "region_id": "3",
        "station_id": "00004224"
      },
      "geometry": {
        "type": "Point",
        "coordinates": [
          139.756532,
          35.65084
        ]
      }
    },
    {
      "type": "Feature",
      "properties": {
        "lat": 35.632484,
        "lon": 139.747388,
        "name": "C5-62.ロイヤルパークス品川",
        "capacity": 9,
        "region_id": "3",
        "station_id": "00004360"
      },
      "geometry": {
        "type": "Point",
        "coordinates": [
          139.747388,
          35.632484
        ]
      }
    },
    {
      "type": "Feature",
      "properties": {
        "lat": 35.690838,
        "lon": 139.711364,
        "name": "D1-01.花園西公園",
        "capacity": 5,
        "region_id": "5",
        "station_id": "00010178"
      },
      "geometry": {
        "type": "Point",
        "coordinates": [
          139.711364,
          35.690838
        ]
      }
    },
    {
      "type": "Feature",
      "properties": {
        "lat": 35.687435,
        "lon": 139.714169,
        "name": "D1-02.四谷特別出張所（新宿御苑大木戸門前）",
        "capacity": 17,
        "region_id": "5",
        "station_id": "00010179"
      },
      "geometry": {
        "type": "Point",
        "coordinates": [
          139.714169,
          35.687435
        ]
      }
    },
    {
      "type": "Feature",
      "properties": {
        "lat": 35.684523,
        "lon": 139.720519,
        "name": "D1-03.新左門児童遊園",
        "capacity": 3,
        "region_id": "5",
        "station_id": "00010180"
      },
      "geometry": {
        "type": "Point",
        "coordinates": [
          139.720519,
          35.684523
        ]
      }
    },
    {
      "type": "Feature",
      "properties": {
        "lat": 35.683448,
        "lon": 139.728425,
        "name": "D1-04.四谷見附公園",
        "capacity": 15,
        "region_id": "5",
        "station_id": "00010181"
      },
      "geometry": {
        "type": "Point",
        "coordinates": [
          139.728425,
          35.683448
        ]
      }
    },
    {
      "type": "Feature",
      "properties": {
        "lat": 35.681754,
        "lon": 139.715256,
        "name": "D1-06.四谷第六小学校北",
        "capacity": 10,
        "region_id": "5",
        "station_id": "00010336"
      },
      "geometry": {
        "type": "Point",
        "coordinates": [
          139.715256,
          35.681754
        ]
      }
    },
    {
      "type": "Feature",
      "properties": {
        "lat": 35.689984,
        "lon": 139.725261,
        "name": "D1-08.新宿歴史博物館",
        "capacity": 5,
        "region_id": "5",
        "station_id": "00010514"
      },
      "geometry": {
        "type": "Point",
        "coordinates": [
          139.725261,
          35.689984
        ]
      }
    },
    {
      "type": "Feature",
      "properties": {
        "lat": 35.691188,
        "lon": 139.712079,
        "name": "D1-09.NTT四谷ビル",
        "capacity": 2,
        "region_id": "5",
        "station_id": "00010534"
      },
      "geometry": {
        "type": "Point",
        "coordinates": [
          139.712079,
          35.691188
        ]
      }
    },
    {
      "type": "Feature",
      "properties": {
        "lat": 35.679807,
        "lon": 139.715931,
        "name": "D1-11.三井ガーデンホテル神宮外苑の杜プレミア",
        "capacity": 12,
        "region_id": "5",
        "station_id": "00010871"
      },
      "geometry": {
        "type": "Point",
        "coordinates": [
          139.715931,
          35.679807
        ]
      }
    },
    {
      "type": "Feature",
      "properties": {
        "lat": 35.689017,
        "lon": 139.714755,
        "name": "D1-12.ジェノヴィア新宿御苑グリーンヴェール",
        "capacity": 9,
        "region_id": "5",
        "station_id": "00010885"
      },
      "geometry": {
        "type": "Point",
        "coordinates": [
          139.714755,
          35.689017
        ]
      }
    },
    {
      "type": "Feature",
      "properties": {
        "lat": 35.688945,
        "lon": 139.706536,
        "name": "D1-13.新宿御苑新宿門【西側】",
        "capacity": 9,
        "region_id": "5",
        "station_id": "00000134"
      },
      "geometry": {
        "type": "Point",
        "coordinates": [
          139.706536,
          35.688945
        ]
      }
    },
    {
      "type": "Feature",
      "properties": {
        "lat": 35.68768,
        "lon": 139.71937,
        "name": "D1-15.フロンティア四谷",
        "capacity": 7,
        "region_id": "5",
        "station_id": "00000856"
      },
      "geometry": {
        "type": "Point",
        "coordinates": [
          139.71937,
          35.68768
        ]
      }
    },
    {
      "type": "Feature",
      "properties": {
        "lat": 35.690155,
        "lon": 139.713377,
        "name": "D1-16.ルネ新宿御苑タワー",
        "capacity": 8,
        "region_id": "5",
        "station_id": "00001142"
      },
      "geometry": {
        "type": "Point",
        "coordinates": [
          139.713377,
          35.690155
        ]
      }
    },
    {
      "type": "Feature",
      "properties": {
        "lat": 35.688132,
        "lon": 139.714969,
        "name": "D1-17.クラッシィタワー新宿御苑",
        "capacity": 4,
        "region_id": "5",
        "station_id": "00003971"
      },
      "geometry": {
        "type": "Point",
        "coordinates": [
          139.714969,
          35.688132
        ]
      }
    },
    {
      "type": "Feature",
      "properties": {
        "lat": 35.682101,
        "lon": 139.719395,
        "name": "D1-18.信濃町煉瓦館",
        "capacity": 8,
        "region_id": "5",
        "station_id": "00004896"
      },
      "geometry": {
        "type": "Point",
        "coordinates": [
          139.719395,
          35.682101
        ]
      }
    },
    {
      "type": "Feature",
      "properties": {
        "lat": 35.679866,
        "lon": 139.719938,
        "name": "D1-19.信濃町駅前駐車場",
        "capacity": 5,
        "region_id": "5",
        "station_id": "00005560"
      },
      "geometry": {
        "type": "Point",
        "coordinates": [
          139.719938,
          35.679866
        ]
      }
    },
    {
      "type": "Feature",
      "properties": {
        "lat": 35.702286,
        "lon": 139.741093,
        "name": "D2-01.あずさセンタービル",
        "capacity": 17,
        "region_id": "5",
        "station_id": "00010217"
      },
      "geometry": {
        "type": "Point",
        "coordinates": [
          139.741093,
          35.702286
        ]
      }
    },
    {
      "type": "Feature",
      "properties": {
        "lat": 35.70057,
        "lon": 139.74301,
        "name": "D2-06.飯田濠",
        "capacity": 15,
        "region_id": "5",
        "station_id": "00010304"
      },
      "geometry": {
        "type": "Point",
        "coordinates": [
          139.74301,
          35.70057
        ]
      }
    },
    {
      "type": "Feature",
      "properties": {
        "lat": 35.696242,
        "lon": 139.735776,
        "name": "D2-10.市谷砂土原町3丁目",
        "capacity": 12,
        "region_id": "5",
        "station_id": "00010629"
      },
      "geometry": {
        "type": "Point",
        "coordinates": [
          139.735776,
          35.696242
        ]
      }
    },
    {
      "type": "Feature",
      "properties": {
        "lat": 35.702833,
        "lon": 139.739,
        "name": "D2-11.神楽坂アインスタワー",
        "capacity": 7,
        "region_id": "5",
        "station_id": "00010644"
      },
      "geometry": {
        "type": "Point",
        "coordinates": [
          139.739,
          35.702833
        ]
      }
    },
    {
      "type": "Feature",
      "properties": {
        "lat": 35.705774,
        "lon": 139.743366,
        "name": "D2-12.ヴィアイン飯田橋後楽園",
        "capacity": 8,
        "region_id": "5",
        "station_id": "00010725"
      },
      "geometry": {
        "type": "Point",
        "coordinates": [
          139.743366,
          35.705774
        ]
      }
    },
    {
      "type": "Feature",
      "properties": {
        "lat": 35.704201,
        "lon": 139.735815,
        "name": "D2-14.ローソン 神楽坂駅北店",
        "capacity": 8,
        "region_id": "5",
        "station_id": "00010846"
      },
      "geometry": {
        "type": "Point",
        "coordinates": [
          139.735815,
          35.704201
        ]
      }
    },
    {
      "type": "Feature",
      "properties": {
        "lat": 35.690657,
        "lon": 139.73255,
        "name": "D2-17.genten市ヶ谷店",
        "capacity": 10,
        "region_id": "5",
        "station_id": "00000492"
      },
      "geometry": {
        "type": "Point",
        "coordinates": [
          139.73255,
          35.690657
        ]
      }
    },
    {
      "type": "Feature",
      "properties": {
        "lat": 35.704188,
        "lon": 139.731964,
        "name": "D2-18.AXAS神楽坂Sta.",
        "capacity": 1,
        "region_id": "5",
        "station_id": "00003710"
      },
      "geometry": {
        "type": "Point",
        "coordinates": [
          139.731964,
          35.704188
        ]
      }
    },
    {
      "type": "Feature",
      "properties": {
        "lat": 35.699689,
        "lon": 139.726527,
        "name": "D2-19.ベウラ柳町",
        "capacity": 8,
        "region_id": "5",
        "station_id": "00004987"
      },
      "geometry": {
        "type": "Point",
        "coordinates": [
          139.726527,
          35.699689
        ]
      }
    },
    {
      "type": "Feature",
      "properties": {
        "lat": 35.700241,
        "lon": 139.734338,
        "name": "D2-20.VORT神楽坂Ⅰ",
        "capacity": 3,
        "region_id": "5",
        "station_id": "00005337"
      },
      "geometry": {
        "type": "Point",
        "coordinates": [
          139.734338,
          35.700241
        ]
      }
    },
    {
      "type": "Feature",
      "properties": {
        "lat": 35.706024,
        "lon": 139.74098,
        "name": "D2-21.ザ・ポータル飯田橋",
        "capacity": 17,
        "region_id": "5",
        "station_id": "00005561"
      },
      "geometry": {
        "type": "Point",
        "coordinates": [
          139.74098,
          35.706024
        ]
      }
    },
    {
      "type": "Feature",
      "properties": {
        "lat": 35.712431,
        "lon": 139.715418,
        "name": "D3-03.甘泉園公園",
        "capacity": 4,
        "region_id": "5",
        "station_id": "00010280"
      },
      "geometry": {
        "type": "Point",
        "coordinates": [
          139.715418,
          35.712431
        ]
      }
    },
    {
      "type": "Feature",
      "properties": {
        "lat": 35.706182,
        "lon": 139.723394,
        "name": "D3-04.鶴巻南公園",
        "capacity": 7,
        "region_id": "5",
        "station_id": "00010281"
      },
      "geometry": {
        "type": "Point",
        "coordinates": [
          139.723394,
          35.706182
        ]
      }
    },
    {
      "type": "Feature",
      "properties": {
        "lat": 35.713872,
        "lon": 139.698301,
        "name": "D3-06.セブン-イレブン高田馬場3丁目中央店",
        "capacity": 6,
        "region_id": "5",
        "station_id": "00010460"
      },
      "geometry": {
        "type": "Point",
        "coordinates": [
          139.698301,
          35.713872
        ]
      }
    },
    {
      "type": "Feature",
      "properties": {
        "lat": 35.71429,
        "lon": 139.70507,
        "name": "D3-07.戸塚特別出張所",
        "capacity": 8,
        "region_id": "5",
        "station_id": "00010478"
      },
      "geometry": {
        "type": "Point",
        "coordinates": [
          139.70507,
          35.71429
        ]
      }
    },
    {
      "type": "Feature",
      "properties": {
        "lat": 35.712952,
        "lon": 139.701356,
        "name": "D3-08.ホテルリブマックス高田馬場駅前",
        "capacity": 8,
        "region_id": "5",
        "station_id": "00010726"
      },
      "geometry": {
        "type": "Point",
        "coordinates": [
          139.701356,
          35.712952
        ]
      }
    },
    {
      "type": "Feature",
      "properties": {
        "lat": 35.712545,
        "lon": 139.713319,
        "name": "D3-09.西早稲田3丁目",
        "capacity": 3,
        "region_id": "5",
        "station_id": "00010787"
      },
      "geometry": {
        "type": "Point",
        "coordinates": [
          139.713319,
          35.712545
        ]
      }
    },
    {
      "type": "Feature",
      "properties": {
        "lat": 35.712413,
        "lon": 139.70168,
        "name": "D3-14.コーシャハイム高田馬場",
        "capacity": 6,
        "region_id": "5",
        "station_id": "00000318"
      },
      "geometry": {
        "type": "Point",
        "coordinates": [
          139.70168,
          35.712413
        ]
      }
    },
    {
      "type": "Feature",
      "properties": {
        "lat": 35.711324,
        "lon": 139.711976,
        "name": "D3-15.カースルいずみ",
        "capacity": 14,
        "region_id": "5",
        "station_id": "00000973"
      },
      "geometry": {
        "type": "Point",
        "coordinates": [
          139.711976,
          35.711324
        ]
      }
    },
    {
      "type": "Feature",
      "properties": {
        "lat": 35.708734,
        "lon": 139.730509,
        "name": "D3-16.セジョリ江戸川橋",
        "capacity": 15,
        "region_id": "5",
        "station_id": "00001048"
      },
      "geometry": {
        "type": "Point",
        "coordinates": [
          139.730509,
          35.708734
        ]
      }
    },
    {
      "type": "Feature",
      "properties": {
        "lat": 35.705111,
        "lon": 139.725528,
        "name": "D3-17.セジョリ早稲田",
        "capacity": 3,
        "region_id": "5",
        "station_id": "00002869"
      },
      "geometry": {
        "type": "Point",
        "coordinates": [
          139.725528,
          35.705111
        ]
      }
    },
    {
      "type": "Feature",
      "properties": {
        "lat": 35.707552,
        "lon": 139.727834,
        "name": "D3-18.ヴォーガコルテ早稲田弐番館",
        "capacity": 3,
        "region_id": "5",
        "station_id": "00002996"
      },
      "geometry": {
        "type": "Point",
        "coordinates": [
          139.727834,
          35.707552
        ]
      }
    },
    {
      "type": "Feature",
      "properties": {
        "lat": 35.709903,
        "lon": 139.694729,
        "name": "D3-19.AXAS高田馬場",
        "capacity": 3,
        "region_id": "5",
        "station_id": "00003626"
      },
      "geometry": {
        "type": "Point",
        "coordinates": [
          139.694729,
          35.709903
        ]
      }
    },
    {
      "type": "Feature",
      "properties": {
        "lat": 35.70844,
        "lon": 139.72951,
        "name": "D3-20.AXAS神楽坂",
        "capacity": 6,
        "region_id": "5",
        "station_id": "00003711"
      },
      "geometry": {
        "type": "Point",
        "coordinates": [
          139.72951,
          35.70844
        ]
      }
    },
    {
      "type": "Feature",
      "properties": {
        "lat": 35.713526,
        "lon": 139.70115,
        "name": "D3-21.高田馬場",
        "capacity": 13,
        "region_id": "5",
        "station_id": "00004252"
      },
      "geometry": {
        "type": "Point",
        "coordinates": [
          139.70115,
          35.713526
        ]
      }
    },
    {
      "type": "Feature",
      "properties": {
        "lat": 35.703448,
        "lon": 139.721736,
        "name": "D3-22.感通寺01",
        "capacity": 3,
        "region_id": "5",
        "station_id": "00004986"
      },
      "geometry": {
        "type": "Point",
        "coordinates": [
          139.721736,
          35.703448
        ]
      }
    },
    {
      "type": "Feature",
      "properties": {
        "lat": 35.708115,
        "lon": 139.729056,
        "name": "D3-23.RBパーク新宿区山吹町",
        "capacity": 5,
        "region_id": "5",
        "station_id": "00005042"
      },
      "geometry": {
        "type": "Point",
        "coordinates": [
          139.729056,
          35.708115
        ]
      }
    },
    {
      "type": "Feature",
      "properties": {
        "lat": 35.695102,
        "lon": 139.723345,
        "name": "D4-01.市谷仲之町",
        "capacity": 7,
        "region_id": "5",
        "station_id": "00010693"
      },
      "geometry": {
        "type": "Point",
        "coordinates": [
          139.723345,
          35.695102
        ]
      }
    },
    {
      "type": "Feature",
      "properties": {
        "lat": 35.694927,
        "lon": 139.731328,
        "name": "D4-02.JICA市ヶ谷ビル（地球ひろば／研究所）",
        "capacity": 11,
        "region_id": "5",
        "station_id": "00010697"
      },
      "geometry": {
        "type": "Point",
        "coordinates": [
          139.731328,
          35.694927
        ]
      }
    },
    {
      "type": "Feature",
      "properties": {
        "lat": 35.695636,
        "lon": 139.727882,
        "name": "D4-03.市谷加賀町2丁目",
        "capacity": 3,
        "region_id": "5",
        "station_id": "00010698"
      },
      "geometry": {
        "type": "Point",
        "coordinates": [
          139.727882,
          35.695636
        ]
      }
    },
    {
      "type": "Feature",
      "properties": {
        "lat": 35.700033,
        "lon": 139.71983,
        "name": "D4-04.ジェノヴィア新宿早稲田グリーンヴェール",
        "capacity": 7,
        "region_id": "5",
        "station_id": "00010845"
      },
      "geometry": {
        "type": "Point",
        "coordinates": [
          139.71983,
          35.700033
        ]
      }
    },
    {
      "type": "Feature",
      "properties": {
        "lat": 35.700732,
        "lon": 139.711472,
        "name": "D4-05.カスタリア新宿7丁目",
        "capacity": 5,
        "region_id": "5",
        "station_id": "00010895"
      },
      "geometry": {
        "type": "Point",
        "coordinates": [
          139.711472,
          35.700732
        ]
      }
    },
    {
      "type": "Feature",
      "properties": {
        "lat": 35.697143,
        "lon": 139.718739,
        "name": "D4-06.グリーンフォート河田",
        "capacity": 7,
        "region_id": "5",
        "station_id": "00010988"
      },
      "geometry": {
        "type": "Point",
        "coordinates": [
          139.718739,
          35.697143
        ]
      }
    },
    {
      "type": "Feature",
      "properties": {
        "lat": 35.698512,
        "lon": 139.716482,
        "name": "D4-07.新宿余丁町ビル",
        "capacity": 5,
        "region_id": "5",
        "station_id": "00000109"
      },
      "geometry": {
        "type": "Point",
        "coordinates": [
          139.716482,
          35.698512
        ]
      }
    },
    {
      "type": "Feature",
      "properties": {
        "lat": 35.69617,
        "lon": 139.722021,
        "name": "D4-09.トミンハイム仲之町",
        "capacity": 5,
        "region_id": "5",
        "station_id": "00000931"
      },
      "geometry": {
        "type": "Point",
        "coordinates": [
          139.722021,
          35.69617
        ]
      }
    },
    {
      "type": "Feature",
      "properties": {
        "lat": 35.696585,
        "lon": 139.713081,
        "name": "D4-10.東新宿ポート(余丁町6番)",
        "capacity": 5,
        "region_id": "5",
        "station_id": "00001109"
      },
      "geometry": {
        "type": "Point",
        "coordinates": [
          139.713081,
          35.696585
        ]
      }
    },
    {
      "type": "Feature",
      "properties": {
        "lat": 35.699835,
        "lon": 139.70808,
        "name": "D4-11.トヨタモビリティ東京 東新宿店",
        "capacity": 1,
        "region_id": "5",
        "station_id": "00001997"
      },
      "geometry": {
        "type": "Point",
        "coordinates": [
          139.70808,
          35.699835
        ]
      }
    },
    {
      "type": "Feature",
      "properties": {
        "lat": 35.70126,
        "lon": 139.71857,
        "name": "D4-12.AXAS新宿戸山1",
        "capacity": 3,
        "region_id": "5",
        "station_id": "00003945"
      },
      "geometry": {
        "type": "Point",
        "coordinates": [
          139.71857,
          35.70126
        ]
      }
    },
    {
      "type": "Feature",
      "properties": {
        "lat": 35.70124,
        "lon": 139.71863,
        "name": "D4-13.AXAS新宿戸山2",
        "capacity": 3,
        "region_id": "5",
        "station_id": "00003946"
      },
      "geometry": {
        "type": "Point",
        "coordinates": [
          139.71863,
          35.70124
        ]
      }
    },
    {
      "type": "Feature",
      "properties": {
        "lat": 35.70121,
        "lon": 139.71864,
        "name": "D4-14.AXAS新宿戸山3",
        "capacity": 3,
        "region_id": "5",
        "station_id": "00003947"
      },
      "geometry": {
        "type": "Point",
        "coordinates": [
          139.71864,
          35.70121
        ]
      }
    },
    {
      "type": "Feature",
      "properties": {
        "lat": 35.691982,
        "lon": 139.718227,
        "name": "D4-15.富久町",
        "capacity": 6,
        "region_id": "5",
        "station_id": "00005361"
      },
      "geometry": {
        "type": "Point",
        "coordinates": [
          139.718227,
          35.691982
        ]
      }
    },
    {
      "type": "Feature",
      "properties": {
        "lat": 35.705244,
        "lon": 139.70841,
        "name": "D5-01.新宿コズミックセンター",
        "capacity": 7,
        "region_id": "5",
        "station_id": "00010225"
      },
      "geometry": {
        "type": "Point",
        "coordinates": [
          139.70841,
          35.705244
        ]
      }
    },
    {
      "type": "Feature",
      "properties": {
        "lat": 35.702288,
        "lon": 139.68862,
        "name": "D5-03.北新宿公園",
        "capacity": 4,
        "region_id": "5",
        "station_id": "00010282"
      },
      "geometry": {
        "type": "Point",
        "coordinates": [
          139.68862,
          35.702288
        ]
      }
    },
    {
      "type": "Feature",
      "properties": {
        "lat": 35.707388,
        "lon": 139.700204,
        "name": "D5-04.西戸山公園野球場",
        "capacity": 6,
        "region_id": "5",
        "station_id": "00010283"
      },
      "geometry": {
        "type": "Point",
        "coordinates": [
          139.700204,
          35.707388
        ]
      }
    },
    {
      "type": "Feature",
      "properties": {
        "lat": 35.705018,
        "lon": 139.706841,
        "name": "D5-05.中央図書館",
        "capacity": 16,
        "region_id": "5",
        "station_id": "00010292"
      },
      "geometry": {
        "type": "Point",
        "coordinates": [
          139.706841,
          35.705018
        ]
      }
    },
    {
      "type": "Feature",
      "properties": {
        "lat": 35.704597,
        "lon": 139.708397,
        "name": "D5-08.ウエリス新宿早稲田の森",
        "capacity": 8,
        "region_id": "5",
        "station_id": "00010588"
      },
      "geometry": {
        "type": "Point",
        "coordinates": [
          139.708397,
          35.704597
        ]
      }
    },
    {
      "type": "Feature",
      "properties": {
        "lat": 35.702277,
        "lon": 139.701214,
        "name": "D5-09.ハウジングステージ新宿",
        "capacity": 15,
        "region_id": "5",
        "station_id": "00010766"
      },
      "geometry": {
        "type": "Point",
        "coordinates": [
          139.701214,
          35.702277
        ]
      }
    },
    {
      "type": "Feature",
      "properties": {
        "lat": 35.705154,
        "lon": 139.697562,
        "name": "D5-10.桜美林大学 新宿キャンパス",
        "capacity": 8,
        "region_id": "5",
        "station_id": "00010811"
      },
      "geometry": {
        "type": "Point",
        "coordinates": [
          139.697562,
          35.705154
        ]
      }
    },
    {
      "type": "Feature",
      "properties": {
        "lat": 35.699312,
        "lon": 139.696468,
        "name": "D5-11.NTTコミュニケーションズ新宿ビル",
        "capacity": 7,
        "region_id": "5",
        "station_id": "00010866"
      },
      "geometry": {
        "type": "Point",
        "coordinates": [
          139.696468,
          35.699312
        ]
      }
    },
    {
      "type": "Feature",
      "properties": {
        "lat": 35.70488,
        "lon": 139.689312,
        "name": "D5-12.ARKMARK東中野",
        "capacity": 6,
        "region_id": "5",
        "station_id": "00004310"
      },
      "geometry": {
        "type": "Point",
        "coordinates": [
          139.689312,
          35.70488
        ]
      }
    },
    {
      "type": "Feature",
      "properties": {
        "lat": 35.707302,
        "lon": 139.699484,
        "name": "D5-13.百人町３丁目",
        "capacity": 5,
        "region_id": "5",
        "station_id": "00005360"
      },
      "geometry": {
        "type": "Point",
        "coordinates": [
          139.699484,
          35.707302
        ]
      }
    },
    {
      "type": "Feature",
      "properties": {
        "lat": 35.693602,
        "lon": 139.703229,
        "name": "D6-01.新宿区役所本庁舎",
        "capacity": 46,
        "region_id": "5",
        "station_id": "00010184"
      },
      "geometry": {
        "type": "Point",
        "coordinates": [
          139.703229,
          35.693602
        ]
      }
    },
    {
      "type": "Feature",
      "properties": {
        "lat": 35.693976,
        "lon": 139.706134,
        "name": "D6-02.新宿区役所第二分庁舎",
        "capacity": 36,
        "region_id": "5",
        "station_id": "00010185"
      },
      "geometry": {
        "type": "Point",
        "coordinates": [
          139.706134,
          35.693976
        ]
      }
    },
    {
      "type": "Feature",
      "properties": {
        "lat": 35.691559,
        "lon": 139.690029,
        "name": "D6-03.新宿中央公園（ポケットパーク）",
        "capacity": 7,
        "region_id": "5",
        "station_id": "00010186"
      },
      "geometry": {
        "type": "Point",
        "coordinates": [
          139.690029,
          35.691559
        ]
      }
    },
    {
      "type": "Feature",
      "properties": {
        "lat": 35.686649,
        "lon": 139.689821,
        "name": "D6-04.新宿中央公園（ちびっこ広場）",
        "capacity": 10,
        "region_id": "5",
        "station_id": "00010187"
      },
      "geometry": {
        "type": "Point",
        "coordinates": [
          139.689821,
          35.686649
        ]
      }
    },
    {
      "type": "Feature",
      "properties": {
        "lat": 35.68991,
        "lon": 139.69026,
        "name": "D6-05.新宿中央公園（水の広場）",
        "capacity": 6,
        "region_id": "5",
        "station_id": "00010188"
      },
      "geometry": {
        "type": "Point",
        "coordinates": [
          139.69026,
          35.68991
        ]
      }
    },
    {
      "type": "Feature",
      "properties": {
        "lat": 35.691199,
        "lon": 139.687966,
        "name": "D6-06.新宿中央公園（エコギャラリー下）",
        "capacity": 12,
        "region_id": "5",
        "station_id": "00010296"
      },
      "geometry": {
        "type": "Point",
        "coordinates": [
          139.687966,
          35.691199
        ]
      }
    },
    {
      "type": "Feature",
      "properties": {
        "lat": 35.696387,
        "lon": 139.689924,
        "name": "D6-07.新宿フロントタワー",
        "capacity": 13,
        "region_id": "5",
        "station_id": "00010189"
      },
      "geometry": {
        "type": "Point",
        "coordinates": [
          139.689924,
          35.696387
        ]
      }
    },
    {
      "type": "Feature",
      "properties": {
        "lat": 35.697158,
        "lon": 139.707887,
        "name": "D6-08.新宿イーストサイドスクエア",
        "capacity": 6,
        "region_id": "5",
        "station_id": "00010190"
      },
      "geometry": {
        "type": "Point",
        "coordinates": [
          139.707887,
          35.697158
        ]
      }
    },
    {
      "type": "Feature",
      "properties": {
        "lat": 35.694201,
        "lon": 139.707047,
        "name": "D6-10.ホテルサンライト新宿",
        "capacity": 3,
        "region_id": "5",
        "station_id": "00010200"
      },
      "geometry": {
        "type": "Point",
        "coordinates": [
          139.707047,
          35.694201
        ]
      }
    },
    {
      "type": "Feature",
      "properties": {
        "lat": 35.693029,
        "lon": 139.711327,
        "name": "D6-11.ホテルリステル新宿",
        "capacity": 2,
        "region_id": "5",
        "station_id": "00010201"
      },
      "geometry": {
        "type": "Point",
        "coordinates": [
          139.711327,
          35.693029
        ]
      }
    },
    {
      "type": "Feature",
      "properties": {
        "lat": 35.69342,
        "lon": 139.710568,
        "name": "D6-12.東京ビジネスホテル",
        "capacity": 4,
        "region_id": "5",
        "station_id": "00010202"
      },
      "geometry": {
        "type": "Point",
        "coordinates": [
          139.710568,
          35.69342
        ]
      }
    },
    {
      "type": "Feature",
      "properties": {
        "lat": 35.687652,
        "lon": 139.689254,
        "name": "D6-13.新宿中央公園（ジャブジャブ池下）",
        "capacity": 9,
        "region_id": "5",
        "station_id": "00010284"
      },
      "geometry": {
        "type": "Point",
        "coordinates": [
          139.689254,
          35.687652
        ]
      }
    },
    {
      "type": "Feature",
      "properties": {
        "lat": 35.689529,
        "lon": 139.695995,
        "name": "D6-14.新宿ファーストウエスト",
        "capacity": 14,
        "region_id": "5",
        "station_id": "00010297"
      },
      "geometry": {
        "type": "Point",
        "coordinates": [
          139.695995,
          35.689529
        ]
      }
    },
    {
      "type": "Feature",
      "properties": {
        "lat": 35.69465,
        "lon": 139.695911,
        "name": "D6-15.住友不動産西新宿ビル",
        "capacity": 10,
        "region_id": "5",
        "station_id": "00010298"
      },
      "geometry": {
        "type": "Point",
        "coordinates": [
          139.695911,
          35.69465
        ]
      }
    },
    {
      "type": "Feature",
      "properties": {
        "lat": 35.689689,
        "lon": 139.698231,
        "name": "D6-18.ヨドバシカメラ 新宿西口本店前",
        "capacity": 19,
        "region_id": "5",
        "station_id": "00010743"
      },
      "geometry": {
        "type": "Point",
        "coordinates": [
          139.698231,
          35.689689
        ]
      }
    },
    {
      "type": "Feature",
      "properties": {
        "lat": 35.693544,
        "lon": 139.685806,
        "name": "D6-20.淀橋けやき橋公園",
        "capacity": 14,
        "region_id": "5",
        "station_id": "00010753"
      },
      "geometry": {
        "type": "Point",
        "coordinates": [
          139.685806,
          35.693544
        ]
      }
    },
    {
      "type": "Feature",
      "properties": {
        "lat": 35.691613,
        "lon": 139.711233,
        "name": "D6-21.新宿5丁目",
        "capacity": 7,
        "region_id": "5",
        "station_id": "00010767"
      },
      "geometry": {
        "type": "Point",
        "coordinates": [
          139.711233,
          35.691613
        ]
      }
    },
    {
      "type": "Feature",
      "properties": {
        "lat": 35.697535,
        "lon": 139.703633,
        "name": "D6-23.アパホテル 東新宿 歌舞伎町西",
        "capacity": 7,
        "region_id": "5",
        "station_id": "00010826"
      },
      "geometry": {
        "type": "Point",
        "coordinates": [
          139.703633,
          35.697535
        ]
      }
    },
    {
      "type": "Feature",
      "properties": {
        "lat": 35.683102,
        "lon": 139.688852,
        "name": "D6-24.ＮＴＴ東日本 本社ビル",
        "capacity": 15,
        "region_id": "5",
        "station_id": "00010917"
      },
      "geometry": {
        "type": "Point",
        "coordinates": [
          139.688852,
          35.683102
        ]
      }
    },
    {
      "type": "Feature",
      "properties": {
        "lat": 35.689755,
        "lon": 139.701323,
        "name": "D6-25.新宿駅東南口自転車駐輪場",
        "capacity": 33,
        "region_id": "5",
        "station_id": "00010926"
      },
      "geometry": {
        "type": "Point",
        "coordinates": [
          139.701323,
          35.689755
        ]
      }
    },
    {
      "type": "Feature",
      "properties": {
        "lat": 35.694951,
        "lon": 139.708219,
        "name": "D6-26.セブン-イレブン新宿６丁目文化センター通り店",
        "capacity": 10,
        "region_id": "5",
        "station_id": "00010956"
      },
      "geometry": {
        "type": "Point",
        "coordinates": [
          139.708219,
          35.694951
        ]
      }
    },
    {
      "type": "Feature",
      "properties": {
        "lat": 35.686334,
        "lon": 139.692881,
        "name": "D6-27.新宿三井ビルディング二号館",
        "capacity": 9,
        "region_id": "5",
        "station_id": "00010972"
      },
      "geometry": {
        "type": "Point",
        "coordinates": [
          139.692881,
          35.686334
        ]
      }
    },
    {
      "type": "Feature",
      "properties": {
        "lat": 35.688735,
        "lon": 139.692249,
        "name": "D6-29.都庁第二本庁舎前",
        "capacity": 14,
        "region_id": "5",
        "station_id": "00000458"
      },
      "geometry": {
        "type": "Point",
        "coordinates": [
          139.692249,
          35.688735
        ]
      }
    },
    {
      "type": "Feature",
      "properties": {
        "lat": 35.6897,
        "lon": 139.694823,
        "name": "D6-30.京王プラザホテル",
        "capacity": 7,
        "region_id": "5",
        "station_id": "00000459"
      },
      "geometry": {
        "type": "Point",
        "coordinates": [
          139.694823,
          35.6897
        ]
      }
    },
    {
      "type": "Feature",
      "properties": {
        "lat": 35.696207,
        "lon": 139.700521,
        "name": "D6-31.東急歌舞伎町タワー駐輪場",
        "capacity": 9,
        "region_id": "5",
        "station_id": "00001526"
      },
      "geometry": {
        "type": "Point",
        "coordinates": [
          139.700521,
          35.696207
        ]
      }
    },
    {
      "type": "Feature",
      "properties": {
        "lat": 35.68591,
        "lon": 139.68483,
        "name": "D6-32.AXAS初台",
        "capacity": 14,
        "region_id": "5",
        "station_id": "00003709"
      },
      "geometry": {
        "type": "Point",
        "coordinates": [
          139.68483,
          35.68591
        ]
      }
    },
    {
      "type": "Feature",
      "properties": {
        "lat": 35.692927,
        "lon": 139.686633,
        "name": "D6-33.パークタワー西新宿",
        "capacity": 7,
        "region_id": "5",
        "station_id": "00003790"
      },
      "geometry": {
        "type": "Point",
        "coordinates": [
          139.686633,
          35.692927
        ]
      }
    },
    {
      "type": "Feature",
      "properties": {
        "lat": 35.688876,
        "lon": 139.685077,
        "name": "D6-34.AXAS西新宿",
        "capacity": 3,
        "region_id": "5",
        "station_id": "00005316"
      },
      "geometry": {
        "type": "Point",
        "coordinates": [
          139.685077,
          35.688876
        ]
      }
    },
    {
      "type": "Feature",
      "properties": {
        "lat": 35.715894,
        "lon": 139.698578,
        "name": "D7-01.下落合図書館",
        "capacity": 16,
        "region_id": "5",
        "station_id": "00010274"
      },
      "geometry": {
        "type": "Point",
        "coordinates": [
          139.698578,
          35.715894
        ]
      }
    },
    {
      "type": "Feature",
      "properties": {
        "lat": 35.722202,
        "lon": 139.691712,
        "name": "D7-02.セブン-イレブン 新宿中落合3丁目店",
        "capacity": 5,
        "region_id": "5",
        "station_id": "00010307"
      },
      "geometry": {
        "type": "Point",
        "coordinates": [
          139.691712,
          35.722202
        ]
      }
    },
    {
      "type": "Feature",
      "properties": {
        "lat": 35.715645,
        "lon": 139.687486,
        "name": "D7-03.中井駅北",
        "capacity": 30,
        "region_id": "5",
        "station_id": "00010348"
      },
      "geometry": {
        "type": "Point",
        "coordinates": [
          139.687486,
          35.715645
        ]
      }
    },
    {
      "type": "Feature",
      "properties": {
        "lat": 35.722645,
        "lon": 139.701982,
        "name": "D7-04.セブン-イレブン 新宿下落合3丁目店",
        "capacity": 4,
        "region_id": "5",
        "station_id": "00010409"
      },
      "geometry": {
        "type": "Point",
        "coordinates": [
          139.701982,
          35.722645
        ]
      }
    },
    {
      "type": "Feature",
      "properties": {
        "lat": 35.725818,
        "lon": 139.678976,
        "name": "D7-05.西落合図書館",
        "capacity": 8,
        "region_id": "5",
        "station_id": "00010477"
      },
      "geometry": {
        "type": "Point",
        "coordinates": [
          139.678976,
          35.725818
        ]
      }
    },
    {
      "type": "Feature",
      "properties": {
        "lat": 35.721064,
        "lon": 139.677128,
        "name": "D7-06.エムアイセミナーハウス",
        "capacity": 5,
        "region_id": "5",
        "station_id": "00010575"
      },
      "geometry": {
        "type": "Point",
        "coordinates": [
          139.677128,
          35.721064
        ]
      }
    },
    {
      "type": "Feature",
      "properties": {
        "lat": 35.725171,
        "lon": 139.675897,
        "name": "D7-07.ローソン 新宿西落合三丁目店",
        "capacity": 5,
        "region_id": "5",
        "station_id": "00010602"
      },
      "geometry": {
        "type": "Point",
        "coordinates": [
          139.675897,
          35.725171
        ]
      }
    },
    {
      "type": "Feature",
      "properties": {
        "lat": 35.71115,
        "lon": 139.68232,
        "name": "D7-08.上落合3丁目",
        "capacity": 14,
        "region_id": "5",
        "station_id": "00010709"
      },
      "geometry": {
        "type": "Point",
        "coordinates": [
          139.68232,
          35.71115
        ]
      }
    },
    {
      "type": "Feature",
      "properties": {
        "lat": 35.715211,
        "lon": 139.689788,
        "name": "D7-10.染の里 おちあい",
        "capacity": 10,
        "region_id": "5",
        "station_id": "00010737"
      },
      "geometry": {
        "type": "Point",
        "coordinates": [
          139.689788,
          35.715211
        ]
      }
    },
    {
      "type": "Feature",
      "properties": {
        "lat": 35.716359,
        "lon": 139.704377,
        "name": "D7-11.新宿清掃事務所",
        "capacity": 16,
        "region_id": "5",
        "station_id": "00000319"
      },
      "geometry": {
        "type": "Point",
        "coordinates": [
          139.704377,
          35.716359
        ]
      }
    },
    {
      "type": "Feature",
      "properties": {
        "lat": 35.715538,
        "lon": 139.701683,
        "name": "D7-12.プラウド高田馬場",
        "capacity": 8,
        "region_id": "5",
        "station_id": "00000371"
      },
      "geometry": {
        "type": "Point",
        "coordinates": [
          139.701683,
          35.715538
        ]
      }
    },
    {
      "type": "Feature",
      "properties": {
        "lat": 35.71936,
        "lon": 139.679083,
        "name": "D7-13.日本光電本社南側",
        "capacity": 14,
        "region_id": "5",
        "station_id": "00001875"
      },
      "geometry": {
        "type": "Point",
        "coordinates": [
          139.679083,
          35.71936
        ]
      }
    },
    {
      "type": "Feature",
      "properties": {
        "lat": 35.720028,
        "lon": 139.678936,
        "name": "D7-14.大栄パーク西落合１丁目",
        "capacity": 6,
        "region_id": "5",
        "station_id": "00001876"
      },
      "geometry": {
        "type": "Point",
        "coordinates": [
          139.678936,
          35.720028
        ]
      }
    },
    {
      "type": "Feature",
      "properties": {
        "lat": 35.716499,
        "lon": 139.694684,
        "name": "D7-15.ルーブル高田馬場弐番館",
        "capacity": 4,
        "region_id": "5",
        "station_id": "00004666"
      },
      "geometry": {
        "type": "Point",
        "coordinates": [
          139.694684,
          35.716499
        ]
      }
    },
    {
      "type": "Feature",
      "properties": {
        "lat": 35.720903,
        "lon": 139.692267,
        "name": "D7-16.ARKMARK新宿下落合",
        "capacity": 7,
        "region_id": "5",
        "station_id": "00004973"
      },
      "geometry": {
        "type": "Point",
        "coordinates": [
          139.692267,
          35.720903
        ]
      }
    },
    {
      "type": "Feature",
      "properties": {
        "lat": 35.715003,
        "lon": 139.703429,
        "name": "D7-17.名校教育グループ高田馬場校舎　下落合1-1-1",
        "capacity": 3,
        "region_id": "5",
        "station_id": "00005187"
      },
      "geometry": {
        "type": "Point",
        "coordinates": [
          139.703429,
          35.715003
        ]
      }
    },
    {
      "type": "Feature",
      "properties": {
        "lat": 35.716413,
        "lon": 139.705473,
        "name": "D7-18.メイクスデザイン高田馬場",
        "capacity": 3,
        "region_id": "5",
        "station_id": "00005411"
      },
      "geometry": {
        "type": "Point",
        "coordinates": [
          139.705473,
          35.716413
        ]
      }
    },
    {
      "type": "Feature",
      "properties": {
        "lat": 35.702746,
        "lon": 139.752009,
        "name": "E1-01.後楽橋横",
        "capacity": 29,
        "region_id": "6",
        "station_id": "00010227"
      },
      "geometry": {
        "type": "Point",
        "coordinates": [
          139.752009,
          35.702746
        ]
      }
    },
    {
      "type": "Feature",
      "properties": {
        "lat": 35.70311,
        "lon": 139.754951,
        "name": "E1-02.東京ドーム（ミーツポート）",
        "capacity": 11,
        "region_id": "6",
        "station_id": "00010228"
      },
      "geometry": {
        "type": "Point",
        "coordinates": [
          139.754951,
          35.70311
        ]
      }
    },
    {
      "type": "Feature",
      "properties": {
        "lat": 35.70319,
        "lon": 139.751888,
        "name": "E1-03.東京ドーム（黄色いビル横）",
        "capacity": 14,
        "region_id": "6",
        "station_id": "00010229"
      },
      "geometry": {
        "type": "Point",
        "coordinates": [
          139.751888,
          35.70319
        ]
      }
    },
    {
      "type": "Feature",
      "properties": {
        "lat": 35.707853,
        "lon": 139.751518,
        "name": "E1-04.礫川公園",
        "capacity": 40,
        "region_id": "6",
        "station_id": "00010230"
      },
      "geometry": {
        "type": "Point",
        "coordinates": [
          139.751518,
          35.707853
        ]
      }
    },
    {
      "type": "Feature",
      "properties": {
        "lat": 35.708291,
        "lon": 139.753335,
        "name": "E1-05.春日地下自転車駐車場",
        "capacity": 13,
        "region_id": "6",
        "station_id": "00010231"
      },
      "geometry": {
        "type": "Point",
        "coordinates": [
          139.753335,
          35.708291
        ]
      }
    },
    {
      "type": "Feature",
      "properties": {
        "lat": 35.708265,
        "lon": 139.751983,
        "name": "E1-06.文京シビックセンター",
        "capacity": 12,
        "region_id": "6",
        "station_id": "00010232"
      },
      "geometry": {
        "type": "Point",
        "coordinates": [
          139.751983,
          35.708265
        ]
      }
    },
    {
      "type": "Feature",
      "properties": {
        "lat": 35.712015,
        "lon": 139.750284,
        "name": "E1-07.礫川地域活動センター",
        "capacity": 7,
        "region_id": "6",
        "station_id": "00010233"
      },
      "geometry": {
        "type": "Point",
        "coordinates": [
          139.750284,
          35.712015
        ]
      }
    },
    {
      "type": "Feature",
      "properties": {
        "lat": 35.703914,
        "lon": 139.747061,
        "name": "E1-11.小石川運動場前",
        "capacity": 17,
        "region_id": "6",
        "station_id": "00010340"
      },
      "geometry": {
        "type": "Point",
        "coordinates": [
          139.747061,
          35.703914
        ]
      }
    },
    {
      "type": "Feature",
      "properties": {
        "lat": 35.7143,
        "lon": 139.75133,
        "name": "E1-13.エルアージュ小石川",
        "capacity": 9,
        "region_id": "6",
        "station_id": "00010497"
      },
      "geometry": {
        "type": "Point",
        "coordinates": [
          139.75133,
          35.7143
        ]
      }
    },
    {
      "type": "Feature",
      "properties": {
        "lat": 35.711147,
        "lon": 139.747386,
        "name": "E1-14.いきいき礫川",
        "capacity": 8,
        "region_id": "6",
        "station_id": "00010528"
      },
      "geometry": {
        "type": "Point",
        "coordinates": [
          139.747386,
          35.711147
        ]
      }
    },
    {
      "type": "Feature",
      "properties": {
        "lat": 35.71724,
        "lon": 139.74289,
        "name": "E1-15.播磨坂事業所",
        "capacity": 5,
        "region_id": "6",
        "station_id": "00010550"
      },
      "geometry": {
        "type": "Point",
        "coordinates": [
          139.74289,
          35.71724
        ]
      }
    },
    {
      "type": "Feature",
      "properties": {
        "lat": 35.714338,
        "lon": 139.746346,
        "name": "E1-16.小石川3丁目緑地",
        "capacity": 19,
        "region_id": "6",
        "station_id": "00010784"
      },
      "geometry": {
        "type": "Point",
        "coordinates": [
          139.746346,
          35.714338
        ]
      }
    },
    {
      "type": "Feature",
      "properties": {
        "lat": 35.713913,
        "lon": 139.745416,
        "name": "E1-17.小石川パークスクエア",
        "capacity": 8,
        "region_id": "6",
        "station_id": "00000277"
      },
      "geometry": {
        "type": "Point",
        "coordinates": [
          139.745416,
          35.713913
        ]
      }
    },
    {
      "type": "Feature",
      "properties": {
        "lat": 35.709261,
        "lon": 139.746374,
        "name": "E1-18.アーバネックス小石川春日",
        "capacity": 7,
        "region_id": "6",
        "station_id": "00000721"
      },
      "geometry": {
        "type": "Point",
        "coordinates": [
          139.746374,
          35.709261
        ]
      }
    },
    {
      "type": "Feature",
      "properties": {
        "lat": 35.709845,
        "lon": 139.7503,
        "name": "E1-19.小石川２丁目",
        "capacity": 2,
        "region_id": "6",
        "station_id": "00005041"
      },
      "geometry": {
        "type": "Point",
        "coordinates": [
          139.7503,
          35.709845
        ]
      }
    },
    {
      "type": "Feature",
      "properties": {
        "lat": 35.712285,
        "lon": 139.745249,
        "name": "E1-20.小石川３丁目",
        "capacity": 40,
        "region_id": "6",
        "station_id": "00005338"
      },
      "geometry": {
        "type": "Point",
        "coordinates": [
          139.745249,
          35.712285
        ]
      }
    },
    {
      "type": "Feature",
      "properties": {
        "lat": 35.710381,
        "lon": 139.732137,
        "name": "E2-01.江戸川橋Ｂ自転車駐車場",
        "capacity": 79,
        "region_id": "6",
        "station_id": "00010234"
      },
      "geometry": {
        "type": "Point",
        "coordinates": [
          139.732137,
          35.710381
        ]
      }
    },
    {
      "type": "Feature",
      "properties": {
        "lat": 35.710958,
        "lon": 139.731165,
        "name": "E2-02.江戸川公園",
        "capacity": 19,
        "region_id": "6",
        "station_id": "00010235"
      },
      "geometry": {
        "type": "Point",
        "coordinates": [
          139.731165,
          35.710958
        ]
      }
    },
    {
      "type": "Feature",
      "properties": {
        "lat": 35.715556,
        "lon": 139.721988,
        "name": "E2-03.目白台運動公園",
        "capacity": 41,
        "region_id": "6",
        "station_id": "00010236"
      },
      "geometry": {
        "type": "Point",
        "coordinates": [
          139.721988,
          35.715556
        ]
      }
    },
    {
      "type": "Feature",
      "properties": {
        "lat": 35.719421,
        "lon": 139.725584,
        "name": "E2-05.護国寺駅西自転車駐車場",
        "capacity": 23,
        "region_id": "6",
        "station_id": "00010238"
      },
      "geometry": {
        "type": "Point",
        "coordinates": [
          139.725584,
          35.719421
        ]
      }
    },
    {
      "type": "Feature",
      "properties": {
        "lat": 35.713223,
        "lon": 139.721699,
        "name": "E2-07.肥後細川庭園",
        "capacity": 13,
        "region_id": "6",
        "station_id": "00010505"
      },
      "geometry": {
        "type": "Point",
        "coordinates": [
          139.721699,
          35.713223
        ]
      }
    },
    {
      "type": "Feature",
      "properties": {
        "lat": 35.716586,
        "lon": 139.727705,
        "name": "E2-10.音羽パークロード（北入口）",
        "capacity": 14,
        "region_id": "6",
        "station_id": "00010526"
      },
      "geometry": {
        "type": "Point",
        "coordinates": [
          139.727705,
          35.716586
        ]
      }
    },
    {
      "type": "Feature",
      "properties": {
        "lat": 35.715382,
        "lon": 139.728533,
        "name": "E2-11.音羽パークロード（キャッチボール場横）",
        "capacity": 13,
        "region_id": "6",
        "station_id": "00010527"
      },
      "geometry": {
        "type": "Point",
        "coordinates": [
          139.728533,
          35.715382
        ]
      }
    },
    {
      "type": "Feature",
      "properties": {
        "lat": 35.709147,
        "lon": 139.739183,
        "name": "E2-12.水道2丁目",
        "capacity": 8,
        "region_id": "6",
        "station_id": "00010589"
      },
      "geometry": {
        "type": "Point",
        "coordinates": [
          139.739183,
          35.709147
        ]
      }
    },
    {
      "type": "Feature",
      "properties": {
        "lat": 35.70781,
        "lon": 139.732227,
        "name": "E2-13.デルックス文京神楽坂",
        "capacity": 4,
        "region_id": "6",
        "station_id": "00000649"
      },
      "geometry": {
        "type": "Point",
        "coordinates": [
          139.732227,
          35.70781
        ]
      }
    },
    {
      "type": "Feature",
      "properties": {
        "lat": 35.713145,
        "lon": 139.723342,
        "name": "E2-14.永青文庫 ミュージアム",
        "capacity": 5,
        "region_id": "6",
        "station_id": "00002104"
      },
      "geometry": {
        "type": "Point",
        "coordinates": [
          139.723342,
          35.713145
        ]
      }
    },
    {
      "type": "Feature",
      "properties": {
        "lat": 35.719345,
        "lon": 139.736198,
        "name": "E3-02.教育の森公園",
        "capacity": 16,
        "region_id": "6",
        "station_id": "00010240"
      },
      "geometry": {
        "type": "Point",
        "coordinates": [
          139.736198,
          35.719345
        ]
      }
    },
    {
      "type": "Feature",
      "properties": {
        "lat": 35.724286,
        "lon": 139.730954,
        "name": "E3-03.大塚公園",
        "capacity": 20,
        "region_id": "6",
        "station_id": "00010241"
      },
      "geometry": {
        "type": "Point",
        "coordinates": [
          139.730954,
          35.724286
        ]
      }
    },
    {
      "type": "Feature",
      "properties": {
        "lat": 35.721045,
        "lon": 139.735687,
        "name": "E3-05.文京スポーツセンター",
        "capacity": 61,
        "region_id": "6",
        "station_id": "00010585"
      },
      "geometry": {
        "type": "Point",
        "coordinates": [
          139.735687,
          35.721045
        ]
      }
    },
    {
      "type": "Feature",
      "properties": {
        "lat": 35.713388,
        "lon": 139.737009,
        "name": "E3-07.小日向1丁目",
        "capacity": 14,
        "region_id": "6",
        "station_id": "00010627"
      },
      "geometry": {
        "type": "Point",
        "coordinates": [
          139.737009,
          35.713388
        ]
      }
    },
    {
      "type": "Feature",
      "properties": {
        "lat": 35.722833,
        "lon": 139.734662,
        "name": "E3-08.サガラマンション",
        "capacity": 12,
        "region_id": "6",
        "station_id": "00000870"
      },
      "geometry": {
        "type": "Point",
        "coordinates": [
          139.734662,
          35.722833
        ]
      }
    },
    {
      "type": "Feature",
      "properties": {
        "lat": 35.72347,
        "lon": 139.72973,
        "name": "E3-09.シャエトワール",
        "capacity": 6,
        "region_id": "6",
        "station_id": "00003682"
      },
      "geometry": {
        "type": "Point",
        "coordinates": [
          139.72973,
          35.72347
        ]
      }
    },
    {
      "type": "Feature",
      "properties": {
        "lat": 35.721229,
        "lon": 139.731465,
        "name": "E3-10.大塚とう道基地",
        "capacity": 7,
        "region_id": "6",
        "station_id": "00005441"
      },
      "geometry": {
        "type": "Point",
        "coordinates": [
          139.731465,
          35.721229
        ]
      }
    },
    {
      "type": "Feature",
      "properties": {
        "lat": 35.72707,
        "lon": 139.746112,
        "name": "E4-01.千石南自転車駐車場",
        "capacity": 25,
        "region_id": "6",
        "station_id": "00010242"
      },
      "geometry": {
        "type": "Point",
        "coordinates": [
          139.746112,
          35.72707
        ]
      }
    },
    {
      "type": "Feature",
      "properties": {
        "lat": 35.717357,
        "lon": 139.757817,
        "name": "E4-02.向丘地域活動センター",
        "capacity": 12,
        "region_id": "6",
        "station_id": "00010243"
      },
      "geometry": {
        "type": "Point",
        "coordinates": [
          139.757817,
          35.717357
        ]
      }
    },
    {
      "type": "Feature",
      "properties": {
        "lat": 35.73166,
        "lon": 139.748625,
        "name": "E4-03.昭和小学校北側（不忍通り）",
        "capacity": 33,
        "region_id": "6",
        "station_id": "00010250"
      },
      "geometry": {
        "type": "Point",
        "coordinates": [
          139.748625,
          35.73166
        ]
      }
    },
    {
      "type": "Feature",
      "properties": {
        "lat": 35.724707,
        "lon": 139.750469,
        "name": "E4-04.セブン-イレブン 文京本駒込１丁目店",
        "capacity": 5,
        "region_id": "6",
        "station_id": "00010273"
      },
      "geometry": {
        "type": "Point",
        "coordinates": [
          139.750469,
          35.724707
        ]
      }
    },
    {
      "type": "Feature",
      "properties": {
        "lat": 35.727279,
        "lon": 139.74627,
        "name": "E4-07.ファミリーマート 本駒込二丁目店",
        "capacity": 4,
        "region_id": "6",
        "station_id": "00010318"
      },
      "geometry": {
        "type": "Point",
        "coordinates": [
          139.74627,
          35.727279
        ]
      }
    },
    {
      "type": "Feature",
      "properties": {
        "lat": 35.720349,
        "lon": 139.746924,
        "name": "E4-10.白山四丁目第二児童遊園横",
        "capacity": 11,
        "region_id": "6",
        "station_id": "00010411"
      },
      "geometry": {
        "type": "Point",
        "coordinates": [
          139.746924,
          35.720349
        ]
      }
    },
    {
      "type": "Feature",
      "properties": {
        "lat": 35.727519,
        "lon": 139.742815,
        "name": "E4-11.プライマル千石",
        "capacity": 11,
        "region_id": "6",
        "station_id": "00010536"
      },
      "geometry": {
        "type": "Point",
        "coordinates": [
          139.742815,
          35.727519
        ]
      }
    },
    {
      "type": "Feature",
      "properties": {
        "lat": 35.729666,
        "lon": 139.739256,
        "name": "E4-12.文京宮下公園",
        "capacity": 7,
        "region_id": "6",
        "station_id": "00010566"
      },
      "geometry": {
        "type": "Point",
        "coordinates": [
          139.739256,
          35.729666
        ]
      }
    },
    {
      "type": "Feature",
      "properties": {
        "lat": 35.726188,
        "lon": 139.741375,
        "name": "E4-14.NTT東日本大塚ビル",
        "capacity": 5,
        "region_id": "6",
        "station_id": "00010597"
      },
      "geometry": {
        "type": "Point",
        "coordinates": [
          139.741375,
          35.726188
        ]
      }
    },
    {
      "type": "Feature",
      "properties": {
        "lat": 35.723723,
        "lon": 139.740143,
        "name": "E4-16.ビレッジワン",
        "capacity": 7,
        "region_id": "6",
        "station_id": "00000857"
      },
      "geometry": {
        "type": "Point",
        "coordinates": [
          139.740143,
          35.723723
        ]
      }
    },
    {
      "type": "Feature",
      "properties": {
        "lat": 35.729075,
        "lon": 139.736456,
        "name": "E4-17.RBパーク千石3丁目",
        "capacity": 20,
        "region_id": "6",
        "station_id": "00004692"
      },
      "geometry": {
        "type": "Point",
        "coordinates": [
          139.736456,
          35.729075
        ]
      }
    },
    {
      "type": "Feature",
      "properties": {
        "lat": 35.723124,
        "lon": 139.757572,
        "name": "E4-18.リオン工芸駐車場",
        "capacity": 7,
        "region_id": "6",
        "station_id": "00004983"
      },
      "geometry": {
        "type": "Point",
        "coordinates": [
          139.757572,
          35.723124
        ]
      }
    },
    {
      "type": "Feature",
      "properties": {
        "lat": 35.733741,
        "lon": 139.754884,
        "name": "E4-19.AXAS文京本駒込",
        "capacity": 6,
        "region_id": "6",
        "station_id": "00005424"
      },
      "geometry": {
        "type": "Point",
        "coordinates": [
          139.754884,
          35.733741
        ]
      }
    },
    {
      "type": "Feature",
      "properties": {
        "lat": 35.735184,
        "lon": 139.753519,
        "name": "E4-20.本駒込５",
        "capacity": 26,
        "region_id": "6",
        "station_id": "00005657"
      },
      "geometry": {
        "type": "Point",
        "coordinates": [
          139.753519,
          35.735184
        ]
      }
    },
    {
      "type": "Feature",
      "properties": {
        "lat": 35.708121,
        "lon": 139.763583,
        "name": "E5-01.文京総合体育館",
        "capacity": 30,
        "region_id": "6",
        "station_id": "00010244"
      },
      "geometry": {
        "type": "Point",
        "coordinates": [
          139.763583,
          35.708121
        ]
      }
    },
    {
      "type": "Feature",
      "properties": {
        "lat": 35.719356,
        "lon": 139.764308,
        "name": "E5-02.不忍通りふれあい館",
        "capacity": 12,
        "region_id": "6",
        "station_id": "00010245"
      },
      "geometry": {
        "type": "Point",
        "coordinates": [
          139.764308,
          35.719356
        ]
      }
    },
    {
      "type": "Feature",
      "properties": {
        "lat": 35.725538,
        "lon": 139.76116,
        "name": "E5-03.汐見地域活動センター（本郷図書館）",
        "capacity": 5,
        "region_id": "6",
        "station_id": "00010246"
      },
      "geometry": {
        "type": "Point",
        "coordinates": [
          139.76116,
          35.725538
        ]
      }
    },
    {
      "type": "Feature",
      "properties": {
        "lat": 35.727046,
        "lon": 139.760439,
        "name": "E5-04.保健サービスセンター本郷支所",
        "capacity": 6,
        "region_id": "6",
        "station_id": "00010247"
      },
      "geometry": {
        "type": "Point",
        "coordinates": [
          139.760439,
          35.727046
        ]
      }
    },
    {
      "type": "Feature",
      "properties": {
        "lat": 35.728644,
        "lon": 139.752183,
        "name": "E5-05.駒込地域活動センター",
        "capacity": 9,
        "region_id": "6",
        "station_id": "00010248"
      },
      "geometry": {
        "type": "Point",
        "coordinates": [
          139.752183,
          35.728644
        ]
      }
    },
    {
      "type": "Feature",
      "properties": {
        "lat": 35.707296,
        "lon": 139.769393,
        "name": "E5-07.湯島三丁目児童遊園",
        "capacity": 8,
        "region_id": "6",
        "station_id": "00010346"
      },
      "geometry": {
        "type": "Point",
        "coordinates": [
          139.769393,
          35.707296
        ]
      }
    },
    {
      "type": "Feature",
      "properties": {
        "lat": 35.704475,
        "lon": 139.763041,
        "name": "E5-12.NK本郷ビル",
        "capacity": 5,
        "region_id": "6",
        "station_id": "00010598"
      },
      "geometry": {
        "type": "Point",
        "coordinates": [
          139.763041,
          35.704475
        ]
      }
    },
    {
      "type": "Feature",
      "properties": {
        "lat": 35.715592,
        "lon": 139.76192,
        "name": "E5-13.弥生二丁目",
        "capacity": 4,
        "region_id": "6",
        "station_id": "00010599"
      },
      "geometry": {
        "type": "Point",
        "coordinates": [
          139.76192,
          35.715592
        ]
      }
    },
    {
      "type": "Feature",
      "properties": {
        "lat": 35.707313,
        "lon": 139.771857,
        "name": "E5-14.上野広小路駅（湯島側）",
        "capacity": 13,
        "region_id": "6",
        "station_id": "00010648"
      },
      "geometry": {
        "type": "Point",
        "coordinates": [
          139.771857,
          35.707313
        ]
      }
    },
    {
      "type": "Feature",
      "properties": {
        "lat": 35.726499,
        "lon": 139.759884,
        "name": "E5-15.文京千駄木の郷",
        "capacity": 11,
        "region_id": "6",
        "station_id": "00010649"
      },
      "geometry": {
        "type": "Point",
        "coordinates": [
          139.759884,
          35.726499
        ]
      }
    },
    {
      "type": "Feature",
      "properties": {
        "lat": 35.720896,
        "lon": 139.76422,
        "name": "E5-17.Village藍染",
        "capacity": 4,
        "region_id": "6",
        "station_id": "00010745"
      },
      "geometry": {
        "type": "Point",
        "coordinates": [
          139.76422,
          35.720896
        ]
      }
    },
    {
      "type": "Feature",
      "properties": {
        "lat": 35.724921,
        "lon": 139.75903,
        "name": "E5-18.団子坂上広場",
        "capacity": 11,
        "region_id": "6",
        "station_id": "00010777"
      },
      "geometry": {
        "type": "Point",
        "coordinates": [
          139.75903,
          35.724921
        ]
      }
    },
    {
      "type": "Feature",
      "properties": {
        "lat": 35.728333,
        "lon": 139.757629,
        "name": "E5-19.千駄木公園",
        "capacity": 7,
        "region_id": "6",
        "station_id": "00010778"
      },
      "geometry": {
        "type": "Point",
        "coordinates": [
          139.757629,
          35.728333
        ]
      }
    },
    {
      "type": "Feature",
      "properties": {
        "lat": 35.704391,
        "lon": 139.758575,
        "name": "E5-20.本郷2丁目",
        "capacity": 10,
        "region_id": "6",
        "station_id": "00010798"
      },
      "geometry": {
        "type": "Point",
        "coordinates": [
          139.758575,
          35.704391
        ]
      }
    },
    {
      "type": "Feature",
      "properties": {
        "lat": 35.73176,
        "lon": 139.756669,
        "name": "E5-21.動坂公園",
        "capacity": 11,
        "region_id": "6",
        "station_id": "00010799"
      },
      "geometry": {
        "type": "Point",
        "coordinates": [
          139.756669,
          35.73176
        ]
      }
    },
    {
      "type": "Feature",
      "properties": {
        "lat": 35.724828,
        "lon": 139.762583,
        "name": "E5-22.千駄木2丁目",
        "capacity": 5,
        "region_id": "6",
        "station_id": "00010820"
      },
      "geometry": {
        "type": "Point",
        "coordinates": [
          139.762583,
          35.724828
        ]
      }
    },
    {
      "type": "Feature",
      "properties": {
        "lat": 35.722353,
        "lon": 139.760966,
        "name": "E5-23.ビレッジ千駄木",
        "capacity": 6,
        "region_id": "6",
        "station_id": "00010830"
      },
      "geometry": {
        "type": "Point",
        "coordinates": [
          139.760966,
          35.722353
        ]
      }
    },
    {
      "type": "Feature",
      "properties": {
        "lat": 35.712445,
        "lon": 139.758157,
        "name": "E5-24.本郷6丁目",
        "capacity": 5,
        "region_id": "6",
        "station_id": "00010855"
      },
      "geometry": {
        "type": "Point",
        "coordinates": [
          139.758157,
          35.712445
        ]
      }
    },
    {
      "type": "Feature",
      "properties": {
        "lat": 35.711875,
        "lon": 139.759306,
        "name": "E5-25.ジェノヴィア東大前グリーンヴェール",
        "capacity": 10,
        "region_id": "6",
        "station_id": "00010882"
      },
      "geometry": {
        "type": "Point",
        "coordinates": [
          139.759306,
          35.711875
        ]
      }
    },
    {
      "type": "Feature",
      "properties": {
        "lat": 35.708596,
        "lon": 139.758269,
        "name": "E5-26.本郷4丁目",
        "capacity": 4,
        "region_id": "6",
        "station_id": "00010908"
      },
      "geometry": {
        "type": "Point",
        "coordinates": [
          139.758269,
          35.708596
        ]
      }
    },
    {
      "type": "Feature",
      "properties": {
        "lat": 35.714875,
        "lon": 139.76394,
        "name": "E5-27.真正館駐車場",
        "capacity": 3,
        "region_id": "6",
        "station_id": "00010976"
      },
      "geometry": {
        "type": "Point",
        "coordinates": [
          139.76394,
          35.714875
        ]
      }
    },
    {
      "type": "Feature",
      "properties": {
        "lat": 35.705148,
        "lon": 139.769314,
        "name": "E5-30.湯島3丁目15",
        "capacity": 8,
        "region_id": "6",
        "station_id": "00000796"
      },
      "geometry": {
        "type": "Point",
        "coordinates": [
          139.769314,
          35.705148
        ]
      }
    },
    {
      "type": "Feature",
      "properties": {
        "lat": 35.707437,
        "lon": 139.761806,
        "name": "E5-31.セブン-イレブン本郷三丁目駅前店",
        "capacity": 7,
        "region_id": "6",
        "station_id": "00002917"
      },
      "geometry": {
        "type": "Point",
        "coordinates": [
          139.761806,
          35.707437
        ]
      }
    },
    {
      "type": "Feature",
      "properties": {
        "lat": 35.7032,
        "lon": 139.758674,
        "name": "E5-32.グリーチネ元町",
        "capacity": 12,
        "region_id": "6",
        "station_id": "00003423"
      },
      "geometry": {
        "type": "Point",
        "coordinates": [
          139.758674,
          35.7032
        ]
      }
    },
    {
      "type": "Feature",
      "properties": {
        "lat": 35.72431,
        "lon": 139.75716,
        "name": "E5-33.AXAS文京千駄木1",
        "capacity": 4,
        "region_id": "6",
        "station_id": "00003943"
      },
      "geometry": {
        "type": "Point",
        "coordinates": [
          139.75716,
          35.72431
        ]
      }
    },
    {
      "type": "Feature",
      "properties": {
        "lat": 35.72444,
        "lon": 139.75705,
        "name": "E5-34.AXAS文京千駄木2",
        "capacity": 4,
        "region_id": "6",
        "station_id": "00003944"
      },
      "geometry": {
        "type": "Point",
        "coordinates": [
          139.75705,
          35.72444
        ]
      }
    },
    {
      "type": "Feature",
      "properties": {
        "lat": 35.703893,
        "lon": 139.766866,
        "name": "E5-35.湯島２丁目",
        "capacity": 6,
        "region_id": "6",
        "station_id": "00004204"
      },
      "geometry": {
        "type": "Point",
        "coordinates": [
          139.766866,
          35.703893
        ]
      }
    },
    {
      "type": "Feature",
      "properties": {
        "lat": 35.706005,
        "lon": 139.763401,
        "name": "E5-36.ルフォンプログレ本郷三丁目",
        "capacity": 3,
        "region_id": "6",
        "station_id": "00005188"
      },
      "geometry": {
        "type": "Point",
        "coordinates": [
          139.763401,
          35.706005
        ]
      }
    },
    {
      "type": "Feature",
      "properties": {
        "lat": 35.70376,
        "lon": 139.784373,
        "name": "F1-01.コンシェリア御徒町",
        "capacity": 3,
        "region_id": "18",
        "station_id": "00001913"
      },
      "geometry": {
        "type": "Point",
        "coordinates": [
          139.784373,
          35.70376
        ]
      }
    },
    {
      "type": "Feature",
      "properties": {
        "lat": 35.706023,
        "lon": 139.783751,
        "name": "F1-02.台東デザイナーズビレッジ",
        "capacity": 7,
        "region_id": "18",
        "station_id": "00001918"
      },
      "geometry": {
        "type": "Point",
        "coordinates": [
          139.783751,
          35.706023
        ]
      }
    },
    {
      "type": "Feature",
      "properties": {
        "lat": 35.706793,
        "lon": 139.782985,
        "name": "F1-03.新御徒町駅自転車駐車場",
        "capacity": 15,
        "region_id": "18",
        "station_id": "00001919"
      },
      "geometry": {
        "type": "Point",
        "coordinates": [
          139.782985,
          35.706793
        ]
      }
    },
    {
      "type": "Feature",
      "properties": {
        "lat": 35.703465,
        "lon": 139.780325,
        "name": "F1-04.台東2丁目21",
        "capacity": 6,
        "region_id": "18",
        "station_id": "00002242"
      },
      "geometry": {
        "type": "Point",
        "coordinates": [
          139.780325,
          35.703465
        ]
      }
    },
    {
      "type": "Feature",
      "properties": {
        "lat": 35.703024,
        "lon": 139.78052,
        "name": "F1-05.ホウエイコート秋葉原",
        "capacity": 3,
        "region_id": "18",
        "station_id": "00002362"
      },
      "geometry": {
        "type": "Point",
        "coordinates": [
          139.78052,
          35.703024
        ]
      }
    },
    {
      "type": "Feature",
      "properties": {
        "lat": 35.703747,
        "lon": 139.786556,
        "name": "F1-06.ミルーナヒルズ蔵前グロース",
        "capacity": 6,
        "region_id": "18",
        "station_id": "00003030"
      },
      "geometry": {
        "type": "Point",
        "coordinates": [
          139.786556,
          35.703747
        ]
      }
    },
    {
      "type": "Feature",
      "properties": {
        "lat": 35.70214,
        "lon": 139.78034,
        "name": "F1-07.LEXE秋葉原EAST",
        "capacity": 5,
        "region_id": "18",
        "station_id": "00003672"
      },
      "geometry": {
        "type": "Point",
        "coordinates": [
          139.78034,
          35.70214
        ]
      }
    },
    {
      "type": "Feature",
      "properties": {
        "lat": 35.703844,
        "lon": 139.778432,
        "name": "F1-08.アイル秋葉原NORTH弐番館",
        "capacity": 5,
        "region_id": "18",
        "station_id": "00004984"
      },
      "geometry": {
        "type": "Point",
        "coordinates": [
          139.778432,
          35.703844
        ]
      }
    },
    {
      "type": "Feature",
      "properties": {
        "lat": 35.71283,
        "lon": 139.787754,
        "name": "F2-01.松が谷2丁目2",
        "capacity": 19,
        "region_id": "18",
        "station_id": "00001914"
      },
      "geometry": {
        "type": "Point",
        "coordinates": [
          139.787754,
          35.71283
        ]
      }
    },
    {
      "type": "Feature",
      "properties": {
        "lat": 35.716062,
        "lon": 139.799552,
        "name": "F2-02.アップルパーク浅草6丁目第3",
        "capacity": 3,
        "region_id": "18",
        "station_id": "00001915"
      },
      "geometry": {
        "type": "Point",
        "coordinates": [
          139.799552,
          35.716062
        ]
      }
    },
    {
      "type": "Feature",
      "properties": {
        "lat": 35.717241,
        "lon": 139.801674,
        "name": "F2-04.コンフォラス浅草マンション",
        "capacity": 2,
        "region_id": "18",
        "station_id": "00001944"
      },
      "geometry": {
        "type": "Point",
        "coordinates": [
          139.801674,
          35.717241
        ]
      }
    },
    {
      "type": "Feature",
      "properties": {
        "lat": 35.713026,
        "lon": 139.788338,
        "name": "F2-06.レガスタ浅草",
        "capacity": 5,
        "region_id": "18",
        "station_id": "00003628"
      },
      "geometry": {
        "type": "Point",
        "coordinates": [
          139.788338,
          35.713026
        ]
      }
    },
    {
      "type": "Feature",
      "properties": {
        "lat": 35.714165,
        "lon": 139.799027,
        "name": "F2-07.台東区民会館・東京都立産業貿易センター台東館",
        "capacity": 6,
        "region_id": "18",
        "station_id": "00003673"
      },
      "geometry": {
        "type": "Point",
        "coordinates": [
          139.799027,
          35.714165
        ]
      }
    },
    {
      "type": "Feature",
      "properties": {
        "lat": 35.713885,
        "lon": 139.79028,
        "name": "F2-08.アセンションアイディ浅草",
        "capacity": 4,
        "region_id": "18",
        "station_id": "00004634"
      },
      "geometry": {
        "type": "Point",
        "coordinates": [
          139.79028,
          35.713885
        ]
      }
    },
    {
      "type": "Feature",
      "properties": {
        "lat": 35.724944,
        "lon": 139.801684,
        "name": "F3-01.清川1丁目18-11",
        "capacity": 17,
        "region_id": "18",
        "station_id": "00001916"
      },
      "geometry": {
        "type": "Point",
        "coordinates": [
          139.801684,
          35.724944
        ]
      }
    },
    {
      "type": "Feature",
      "properties": {
        "lat": 35.717571,
        "lon": 139.804216,
        "name": "F3-02.台東区リバーサイドスポーツセンター",
        "capacity": 7,
        "region_id": "18",
        "station_id": "00001921"
      },
      "geometry": {
        "type": "Point",
        "coordinates": [
          139.804216,
          35.717571
        ]
      }
    },
    {
      "type": "Feature",
      "properties": {
        "lat": 35.728704,
        "lon": 139.801867,
        "name": "F3-03.ヴェルステージ南千住",
        "capacity": 5,
        "region_id": "18",
        "station_id": "00002243"
      },
      "geometry": {
        "type": "Point",
        "coordinates": [
          139.801867,
          35.728704
        ]
      }
    },
    {
      "type": "Feature",
      "properties": {
        "lat": 35.72617,
        "lon": 139.803075,
        "name": "F3-04.デラモット浅草エスト",
        "capacity": 10,
        "region_id": "18",
        "station_id": "00002437"
      },
      "geometry": {
        "type": "Point",
        "coordinates": [
          139.803075,
          35.72617
        ]
      }
    },
    {
      "type": "Feature",
      "properties": {
        "lat": 35.721791,
        "lon": 139.803887,
        "name": "F3-05.フォースター浅草今戸",
        "capacity": 6,
        "region_id": "18",
        "station_id": "00002647"
      },
      "geometry": {
        "type": "Point",
        "coordinates": [
          139.803887,
          35.721791
        ]
      }
    },
    {
      "type": "Feature",
      "properties": {
        "lat": 35.726499,
        "lon": 139.797987,
        "name": "F3-06.プロスタイルウェルス南千住メディフィス",
        "capacity": 3,
        "region_id": "18",
        "station_id": "00002806"
      },
      "geometry": {
        "type": "Point",
        "coordinates": [
          139.797987,
          35.726499
        ]
      }
    },
    {
      "type": "Feature",
      "properties": {
        "lat": 35.72738,
        "lon": 139.799512,
        "name": "F3-07.日本堤1丁目駐輪場",
        "capacity": 4,
        "region_id": "18",
        "station_id": "00002995"
      },
      "geometry": {
        "type": "Point",
        "coordinates": [
          139.799512,
          35.72738
        ]
      }
    },
    {
      "type": "Feature",
      "properties": {
        "lat": 35.724972,
        "lon": 139.798671,
        "name": "F3-08.メイクス浅草EAST",
        "capacity": 7,
        "region_id": "18",
        "station_id": "00003135"
      },
      "geometry": {
        "type": "Point",
        "coordinates": [
          139.798671,
          35.724972
        ]
      }
    },
    {
      "type": "Feature",
      "properties": {
        "lat": 35.728292,
        "lon": 139.802884,
        "name": "F3-09.アークマーク南千住レジデンスLRE",
        "capacity": 10,
        "region_id": "18",
        "station_id": "00003793"
      },
      "geometry": {
        "type": "Point",
        "coordinates": [
          139.802884,
          35.728292
        ]
      }
    },
    {
      "type": "Feature",
      "properties": {
        "lat": 35.72855,
        "lon": 139.80055,
        "name": "F3-10.レオーネ南千住",
        "capacity": 10,
        "region_id": "18",
        "station_id": "00004226"
      },
      "geometry": {
        "type": "Point",
        "coordinates": [
          139.80055,
          35.72855
        ]
      }
    },
    {
      "type": "Feature",
      "properties": {
        "lat": 35.72677,
        "lon": 139.79676,
        "name": "F3-11.レピュア三ノ輪レジデンス",
        "capacity": 5,
        "region_id": "18",
        "station_id": "00004250"
      },
      "geometry": {
        "type": "Point",
        "coordinates": [
          139.79676,
          35.72677
        ]
      }
    },
    {
      "type": "Feature",
      "properties": {
        "lat": 35.72653,
        "lon": 139.80019,
        "name": "F3-12.レピュア南千住レジデンス",
        "capacity": 4,
        "region_id": "18",
        "station_id": "00004251"
      },
      "geometry": {
        "type": "Point",
        "coordinates": [
          139.80019,
          35.72653
        ]
      }
    },
    {
      "type": "Feature",
      "properties": {
        "lat": 35.718832,
        "lon": 139.791133,
        "name": "F4-01.SYFORME ASAKUSA",
        "capacity": 3,
        "region_id": "18",
        "station_id": "00001917"
      },
      "geometry": {
        "type": "Point",
        "coordinates": [
          139.791133,
          35.718832
        ]
      }
    },
    {
      "type": "Feature",
      "properties": {
        "lat": 35.717963,
        "lon": 139.791025,
        "name": "F4-02.Risingplace浅草四番館",
        "capacity": 2,
        "region_id": "18",
        "station_id": "00002322"
      },
      "geometry": {
        "type": "Point",
        "coordinates": [
          139.791025,
          35.717963
        ]
      }
    },
    {
      "type": "Feature",
      "properties": {
        "lat": 35.720261,
        "lon": 139.792374,
        "name": "F4-03.ルクシェール浅草",
        "capacity": 3,
        "region_id": "18",
        "station_id": "00002586"
      },
      "geometry": {
        "type": "Point",
        "coordinates": [
          139.792374,
          35.720261
        ]
      }
    },
    {
      "type": "Feature",
      "properties": {
        "lat": 35.725773,
        "lon": 139.790372,
        "name": "F4-04.クレイシア入谷竜泉",
        "capacity": 4,
        "region_id": "18",
        "station_id": "00003031"
      },
      "geometry": {
        "type": "Point",
        "coordinates": [
          139.790372,
          35.725773
        ]
      }
    },
    {
      "type": "Feature",
      "properties": {
        "lat": 35.722832,
        "lon": 139.787411,
        "name": "F4-05.フォンターナ入谷",
        "capacity": 8,
        "region_id": "18",
        "station_id": "00003094"
      },
      "geometry": {
        "type": "Point",
        "coordinates": [
          139.787411,
          35.722832
        ]
      }
    },
    {
      "type": "Feature",
      "properties": {
        "lat": 35.729518,
        "lon": 139.790615,
        "name": "F4-07.ティモーネプレミアム三ノ輪ステーション",
        "capacity": 2,
        "region_id": "18",
        "station_id": "00003789"
      },
      "geometry": {
        "type": "Point",
        "coordinates": [
          139.790615,
          35.729518
        ]
      }
    },
    {
      "type": "Feature",
      "properties": {
        "lat": 35.720548,
        "lon": 139.783104,
        "name": "F4-08.ディップス上野ノース",
        "capacity": 5,
        "region_id": "18",
        "station_id": "00004038"
      },
      "geometry": {
        "type": "Point",
        "coordinates": [
          139.783104,
          35.720548
        ]
      }
    },
    {
      "type": "Feature",
      "properties": {
        "lat": 35.72727,
        "lon": 139.79183,
        "name": "F4-09.レオーネ三ノ輪",
        "capacity": 5,
        "region_id": "18",
        "station_id": "00004544"
      },
      "geometry": {
        "type": "Point",
        "coordinates": [
          139.79183,
          35.72727
        ]
      }
    },
    {
      "type": "Feature",
      "properties": {
        "lat": 35.723536,
        "lon": 139.778212,
        "name": "F4-10.根岸2-14-1",
        "capacity": 7,
        "region_id": "18",
        "station_id": "00004988"
      },
      "geometry": {
        "type": "Point",
        "coordinates": [
          139.778212,
          35.723536
        ]
      }
    },
    {
      "type": "Feature",
      "properties": {
        "lat": 35.707305,
        "lon": 139.773657,
        "name": "F6-01.松坂屋上野店",
        "capacity": 5,
        "region_id": "18",
        "station_id": "00001922"
      },
      "geometry": {
        "type": "Point",
        "coordinates": [
          139.773657,
          35.707305
        ]
      }
    },
    {
      "type": "Feature",
      "properties": {
        "lat": 35.707376,
        "lon": 139.773869,
        "name": "F6-02.台東区上野3丁目",
        "capacity": 39,
        "region_id": "18",
        "station_id": "00003456"
      },
      "geometry": {
        "type": "Point",
        "coordinates": [
          139.773869,
          35.707376
        ]
      }
    },
    {
      "type": "Feature",
      "properties": {
        "lat": 35.712575,
        "lon": 139.780525,
        "name": "F6-03.台東区役所",
        "capacity": 5,
        "region_id": "18",
        "station_id": "00004037"
      },
      "geometry": {
        "type": "Point",
        "coordinates": [
          139.780525,
          35.712575
        ]
      }
    },
    {
      "type": "Feature",
      "properties": {
        "lat": 35.732291,
        "lon": 139.82012,
        "name": "G1-01.鐘ヶ淵駅南自転車駐車場",
        "capacity": 9,
        "region_id": "15",
        "station_id": "00000922"
      },
      "geometry": {
        "type": "Point",
        "coordinates": [
          139.82012,
          35.732291
        ]
      }
    },
    {
      "type": "Feature",
      "properties": {
        "lat": 35.727495,
        "lon": 139.828499,
        "name": "G1-02.八広駅高架下",
        "capacity": 13,
        "region_id": "15",
        "station_id": "00002321"
      },
      "geometry": {
        "type": "Point",
        "coordinates": [
          139.828499,
          35.727495
        ]
      }
    },
    {
      "type": "Feature",
      "properties": {
        "lat": 35.718881,
        "lon": 139.824909,
        "name": "G1-03.プロスタイルウェルス押上ノースアイル",
        "capacity": 5,
        "region_id": "15",
        "station_id": "00002870"
      },
      "geometry": {
        "type": "Point",
        "coordinates": [
          139.824909,
          35.718881
        ]
      }
    },
    {
      "type": "Feature",
      "properties": {
        "lat": 35.727196,
        "lon": 139.829736,
        "name": "G1-04.八広中央",
        "capacity": 9,
        "region_id": "15",
        "station_id": "00002817"
      },
      "geometry": {
        "type": "Point",
        "coordinates": [
          139.829736,
          35.727196
        ]
      }
    },
    {
      "type": "Feature",
      "properties": {
        "lat": 35.732872,
        "lon": 139.816274,
        "name": "G1-05.ブライズフォルム墨田",
        "capacity": 7,
        "region_id": "15",
        "station_id": "00003093"
      },
      "geometry": {
        "type": "Point",
        "coordinates": [
          139.816274,
          35.732872
        ]
      }
    },
    {
      "type": "Feature",
      "properties": {
        "lat": 35.709777,
        "lon": 139.810189,
        "name": "G2-01.東京ソラマチ",
        "capacity": 6,
        "region_id": "15",
        "station_id": "00000909"
      },
      "geometry": {
        "type": "Point",
        "coordinates": [
          139.810189,
          35.709777
        ]
      }
    },
    {
      "type": "Feature",
      "properties": {
        "lat": 35.710111,
        "lon": 139.81488,
        "name": "G2-02.押上1-23-8",
        "capacity": 9,
        "region_id": "15",
        "station_id": "00000911"
      },
      "geometry": {
        "type": "Point",
        "coordinates": [
          139.81488,
          35.710111
        ]
      }
    },
    {
      "type": "Feature",
      "properties": {
        "lat": 35.710323,
        "lon": 139.815215,
        "name": "G2-03.押上１丁目２６-４",
        "capacity": 5,
        "region_id": "15",
        "station_id": "00000974"
      },
      "geometry": {
        "type": "Point",
        "coordinates": [
          139.815215,
          35.710323
        ]
      }
    },
    {
      "type": "Feature",
      "properties": {
        "lat": 35.712157,
        "lon": 139.815298,
        "name": "G2-04.ラ　ステュディオ押上",
        "capacity": 5,
        "region_id": "15",
        "station_id": "00001171"
      },
      "geometry": {
        "type": "Point",
        "coordinates": [
          139.815298,
          35.712157
        ]
      }
    },
    {
      "type": "Feature",
      "properties": {
        "lat": 35.71408,
        "lon": 139.810588,
        "name": "G2-06.ディアレイシャス押上スカイヴィレッジ",
        "capacity": 5,
        "region_id": "15",
        "station_id": "00001730"
      },
      "geometry": {
        "type": "Point",
        "coordinates": [
          139.810588,
          35.71408
        ]
      }
    },
    {
      "type": "Feature",
      "properties": {
        "lat": 35.706167,
        "lon": 139.815955,
        "name": "G2-07.レオーネ押上cube",
        "capacity": 4,
        "region_id": "15",
        "station_id": "00001790"
      },
      "geometry": {
        "type": "Point",
        "coordinates": [
          139.815955,
          35.706167
        ]
      }
    },
    {
      "type": "Feature",
      "properties": {
        "lat": 35.71171,
        "lon": 139.821291,
        "name": "G2-08.墨田区押上SKハイツ",
        "capacity": 10,
        "region_id": "15",
        "station_id": "00002682"
      },
      "geometry": {
        "type": "Point",
        "coordinates": [
          139.821291,
          35.71171
        ]
      }
    },
    {
      "type": "Feature",
      "properties": {
        "lat": 35.719012,
        "lon": 139.820542,
        "name": "G2-09.京成曳舟",
        "capacity": 24,
        "region_id": "15",
        "station_id": "00002818"
      },
      "geometry": {
        "type": "Point",
        "coordinates": [
          139.820542,
          35.719012
        ]
      }
    },
    {
      "type": "Feature",
      "properties": {
        "lat": 35.72104,
        "lon": 139.818281,
        "name": "G2-10.すみだ生涯学習センター",
        "capacity": 3,
        "region_id": "15",
        "station_id": "00002819"
      },
      "geometry": {
        "type": "Point",
        "coordinates": [
          139.818281,
          35.72104
        ]
      }
    },
    {
      "type": "Feature",
      "properties": {
        "lat": 35.718099,
        "lon": 139.817627,
        "name": "G2-11.若草不動産販売裏",
        "capacity": 5,
        "region_id": "15",
        "station_id": "00002900"
      },
      "geometry": {
        "type": "Point",
        "coordinates": [
          139.817627,
          35.718099
        ]
      }
    },
    {
      "type": "Feature",
      "properties": {
        "lat": 35.714238,
        "lon": 139.810946,
        "name": "G2-12.OSHIAGE墨邸",
        "capacity": 2,
        "region_id": "15",
        "station_id": "00002978"
      },
      "geometry": {
        "type": "Point",
        "coordinates": [
          139.810946,
          35.714238
        ]
      }
    },
    {
      "type": "Feature",
      "properties": {
        "lat": 35.711971,
        "lon": 139.818183,
        "name": "G2-13.押上3-18-6",
        "capacity": 3,
        "region_id": "15",
        "station_id": "00002979"
      },
      "geometry": {
        "type": "Point",
        "coordinates": [
          139.818183,
          35.711971
        ]
      }
    },
    {
      "type": "Feature",
      "properties": {
        "lat": 35.708238,
        "lon": 139.815286,
        "name": "G2-14.ノースリバースカイ",
        "capacity": 3,
        "region_id": "15",
        "station_id": "00003480"
      },
      "geometry": {
        "type": "Point",
        "coordinates": [
          139.815286,
          35.708238
        ]
      }
    },
    {
      "type": "Feature",
      "properties": {
        "lat": 35.718997,
        "lon": 139.816325,
        "name": "G2-15.メイクスデザイン東向島",
        "capacity": 2,
        "region_id": "15",
        "station_id": "00003564"
      },
      "geometry": {
        "type": "Point",
        "coordinates": [
          139.816325,
          35.718997
        ]
      }
    },
    {
      "type": "Feature",
      "properties": {
        "lat": 35.72458,
        "lon": 139.82043,
        "name": "G2-16.レガスタ東向島",
        "capacity": 5,
        "region_id": "15",
        "station_id": "00004249"
      },
      "geometry": {
        "type": "Point",
        "coordinates": [
          139.82043,
          35.72458
        ]
      }
    },
    {
      "type": "Feature",
      "properties": {
        "lat": 35.71401,
        "lon": 139.8178,
        "name": "G2-17.レピュア押上レジデンス",
        "capacity": 3,
        "region_id": "15",
        "station_id": "00004587"
      },
      "geometry": {
        "type": "Point",
        "coordinates": [
          139.8178,
          35.71401
        ]
      }
    },
    {
      "type": "Feature",
      "properties": {
        "lat": 35.72492,
        "lon": 139.81611,
        "name": "G2-18.ARKMARK東向島AZ",
        "capacity": 5,
        "region_id": "15",
        "station_id": "00004698"
      },
      "geometry": {
        "type": "Point",
        "coordinates": [
          139.81611,
          35.72492
        ]
      }
    },
    {
      "type": "Feature",
      "properties": {
        "lat": 35.71529,
        "lon": 139.819909,
        "name": "G2-19.京島1-25-6",
        "capacity": 2,
        "region_id": "15",
        "station_id": "00004897"
      },
      "geometry": {
        "type": "Point",
        "coordinates": [
          139.819909,
          35.71529
        ]
      }
    },
    {
      "type": "Feature",
      "properties": {
        "lat": 35.719143,
        "lon": 139.814389,
        "name": "G2-20.東向島1丁目",
        "capacity": 7,
        "region_id": "15",
        "station_id": "00005210"
      },
      "geometry": {
        "type": "Point",
        "coordinates": [
          139.814389,
          35.719143
        ]
      }
    },
    {
      "type": "Feature",
      "properties": {
        "lat": 35.70047,
        "lon": 139.810224,
        "name": "G2-21.クレヴィスタ錦糸町A",
        "capacity": 6,
        "region_id": "15",
        "station_id": "00005320"
      },
      "geometry": {
        "type": "Point",
        "coordinates": [
          139.810224,
          35.70047
        ]
      }
    },
    {
      "type": "Feature",
      "properties": {
        "lat": 35.700495,
        "lon": 139.81035,
        "name": "G2-22.クレヴィスタ錦糸町B",
        "capacity": 4,
        "region_id": "15",
        "station_id": "00005321"
      },
      "geometry": {
        "type": "Point",
        "coordinates": [
          139.81035,
          35.700495
        ]
      }
    },
    {
      "type": "Feature",
      "properties": {
        "lat": 35.715352,
        "lon": 139.808617,
        "name": "G2-23.悠Oshiage",
        "capacity": 9,
        "region_id": "15",
        "station_id": "00005498"
      },
      "geometry": {
        "type": "Point",
        "coordinates": [
          139.808617,
          35.715352
        ]
      }
    },
    {
      "type": "Feature",
      "properties": {
        "lat": 35.69566,
        "lon": 139.79214,
        "name": "G4-01.両国ビューホテル1",
        "capacity": 7,
        "region_id": "15",
        "station_id": "00000916"
      },
      "geometry": {
        "type": "Point",
        "coordinates": [
          139.79214,
          35.69566
        ]
      }
    },
    {
      "type": "Feature",
      "properties": {
        "lat": 35.69562,
        "lon": 139.79206,
        "name": "G4-02.両国ビューホテル2",
        "capacity": 7,
        "region_id": "15",
        "station_id": "00000917"
      },
      "geometry": {
        "type": "Point",
        "coordinates": [
          139.79206,
          35.69562
        ]
      }
    },
    {
      "type": "Feature",
      "properties": {
        "lat": 35.702525,
        "lon": 139.796632,
        "name": "G4-03.本所1-6-5",
        "capacity": 14,
        "region_id": "15",
        "station_id": "00000915"
      },
      "geometry": {
        "type": "Point",
        "coordinates": [
          139.796632,
          35.702525
        ]
      }
    },
    {
      "type": "Feature",
      "properties": {
        "lat": 35.697898,
        "lon": 139.795345,
        "name": "G4-04.NTTドコモ墨田ビル",
        "capacity": 22,
        "region_id": "15",
        "station_id": "00000910"
      },
      "geometry": {
        "type": "Point",
        "coordinates": [
          139.795345,
          35.697898
        ]
      }
    },
    {
      "type": "Feature",
      "properties": {
        "lat": 35.698588,
        "lon": 139.792946,
        "name": "G4-05.両国駅西口臨時自転車駐車場",
        "capacity": 19,
        "region_id": "15",
        "station_id": "00000914"
      },
      "geometry": {
        "type": "Point",
        "coordinates": [
          139.792946,
          35.698588
        ]
      }
    },
    {
      "type": "Feature",
      "properties": {
        "lat": 35.700453,
        "lon": 139.798978,
        "name": "G4-06.ドムス・スタイル両国",
        "capacity": 8,
        "region_id": "15",
        "station_id": "00001172"
      },
      "geometry": {
        "type": "Point",
        "coordinates": [
          139.798978,
          35.700453
        ]
      }
    },
    {
      "type": "Feature",
      "properties": {
        "lat": 35.69955,
        "lon": 139.803204,
        "name": "G4-07.ディアレイシャス両国",
        "capacity": 4,
        "region_id": "15",
        "station_id": "00001308"
      },
      "geometry": {
        "type": "Point",
        "coordinates": [
          139.803204,
          35.69955
        ]
      }
    },
    {
      "type": "Feature",
      "properties": {
        "lat": 35.691677,
        "lon": 139.793857,
        "name": "G4-08.ブオンサンヴァレンティーノ",
        "capacity": 4,
        "region_id": "15",
        "station_id": "00001605"
      },
      "geometry": {
        "type": "Point",
        "coordinates": [
          139.793857,
          35.691677
        ]
      }
    },
    {
      "type": "Feature",
      "properties": {
        "lat": 35.690348,
        "lon": 139.796133,
        "name": "G4-09.SYFORME MORISHITA Ⅱ 1",
        "capacity": 3,
        "region_id": "15",
        "station_id": "00001632"
      },
      "geometry": {
        "type": "Point",
        "coordinates": [
          139.796133,
          35.690348
        ]
      }
    },
    {
      "type": "Feature",
      "properties": {
        "lat": 35.690307,
        "lon": 139.796128,
        "name": "G4-10.SYFORME MORISHITA Ⅱ 2",
        "capacity": 4,
        "region_id": "15",
        "station_id": "00001633"
      },
      "geometry": {
        "type": "Point",
        "coordinates": [
          139.796128,
          35.690307
        ]
      }
    },
    {
      "type": "Feature",
      "properties": {
        "lat": 35.703972,
        "lon": 139.797327,
        "name": "G4-11.ホテルマイステイズ浅草",
        "capacity": 22,
        "region_id": "15",
        "station_id": "00001765"
      },
      "geometry": {
        "type": "Point",
        "coordinates": [
          139.797327,
          35.703972
        ]
      }
    },
    {
      "type": "Feature",
      "properties": {
        "lat": 35.70103,
        "lon": 139.803341,
        "name": "G4-12.プレミアムキューブ両国",
        "capacity": 6,
        "region_id": "15",
        "station_id": "00001786"
      },
      "geometry": {
        "type": "Point",
        "coordinates": [
          139.803341,
          35.70103
        ]
      }
    },
    {
      "type": "Feature",
      "properties": {
        "lat": 35.696492,
        "lon": 139.791591,
        "name": "G4-13. Parking in 両国駅前第2",
        "capacity": 3,
        "region_id": "15",
        "station_id": "00001839"
      },
      "geometry": {
        "type": "Point",
        "coordinates": [
          139.791591,
          35.696492
        ]
      }
    },
    {
      "type": "Feature",
      "properties": {
        "lat": 35.706129,
        "lon": 139.801394,
        "name": "G4-14.イルニード",
        "capacity": 10,
        "region_id": "15",
        "station_id": "00002432"
      },
      "geometry": {
        "type": "Point",
        "coordinates": [
          139.801394,
          35.706129
        ]
      }
    },
    {
      "type": "Feature",
      "properties": {
        "lat": 35.706118,
        "lon": 139.798187,
        "name": "G4-15.グランツスエヒロ",
        "capacity": 8,
        "region_id": "15",
        "station_id": "00002585"
      },
      "geometry": {
        "type": "Point",
        "coordinates": [
          139.798187,
          35.706118
        ]
      }
    },
    {
      "type": "Feature",
      "properties": {
        "lat": 35.701761,
        "lon": 139.798342,
        "name": "G4-16.ライブカーサ両国Ⅲ",
        "capacity": 4,
        "region_id": "15",
        "station_id": "00002748"
      },
      "geometry": {
        "type": "Point",
        "coordinates": [
          139.798342,
          35.701761
        ]
      }
    },
    {
      "type": "Feature",
      "properties": {
        "lat": 35.707753,
        "lon": 139.831553,
        "name": "G4-17.立花4-23-4",
        "capacity": 8,
        "region_id": "15",
        "station_id": "00002791"
      },
      "geometry": {
        "type": "Point",
        "coordinates": [
          139.831553,
          35.707753
        ]
      }
    },
    {
      "type": "Feature",
      "properties": {
        "lat": 35.710705,
        "lon": 139.801124,
        "name": "G4-18.庁舎うるおい広場",
        "capacity": 8,
        "region_id": "15",
        "station_id": "00002820"
      },
      "geometry": {
        "type": "Point",
        "coordinates": [
          139.801124,
          35.710705
        ]
      }
    },
    {
      "type": "Feature",
      "properties": {
        "lat": 35.698507,
        "lon": 139.806219,
        "name": "G4-19.レガスタ錦糸町",
        "capacity": 4,
        "region_id": "15",
        "station_id": "00002899"
      },
      "geometry": {
        "type": "Point",
        "coordinates": [
          139.806219,
          35.698507
        ]
      }
    },
    {
      "type": "Feature",
      "properties": {
        "lat": 35.690902,
        "lon": 139.796874,
        "name": "G4-21.長尾ビル",
        "capacity": 4,
        "region_id": "15",
        "station_id": "00003189"
      },
      "geometry": {
        "type": "Point",
        "coordinates": [
          139.796874,
          35.690902
        ]
      }
    },
    {
      "type": "Feature",
      "properties": {
        "lat": 35.69721,
        "lon": 139.79915,
        "name": "G4-22.エステムプラザ両国北斎通り",
        "capacity": 5,
        "region_id": "15",
        "station_id": "00003457"
      },
      "geometry": {
        "type": "Point",
        "coordinates": [
          139.79915,
          35.69721
        ]
      }
    },
    {
      "type": "Feature",
      "properties": {
        "lat": 35.704911,
        "lon": 139.800538,
        "name": "G4-23.東京都墨田区本所2丁目17-4",
        "capacity": 3,
        "region_id": "15",
        "station_id": "00003542"
      },
      "geometry": {
        "type": "Point",
        "coordinates": [
          139.800538,
          35.704911
        ]
      }
    },
    {
      "type": "Feature",
      "properties": {
        "lat": 35.68695,
        "lon": 139.807454,
        "name": "G4-24.ヴェルデベント",
        "capacity": 5,
        "region_id": "15",
        "station_id": "00004036"
      },
      "geometry": {
        "type": "Point",
        "coordinates": [
          139.807454,
          35.68695
        ]
      }
    },
    {
      "type": "Feature",
      "properties": {
        "lat": 35.700379,
        "lon": 139.796104,
        "name": "G4-25.パークブルーム両国",
        "capacity": 9,
        "region_id": "15",
        "station_id": "00004177"
      },
      "geometry": {
        "type": "Point",
        "coordinates": [
          139.796104,
          35.700379
        ]
      }
    },
    {
      "type": "Feature",
      "properties": {
        "lat": 35.72355,
        "lon": 139.83254,
        "name": "G4-26.MAXIV八広",
        "capacity": 8,
        "region_id": "15",
        "station_id": "00004225"
      },
      "geometry": {
        "type": "Point",
        "coordinates": [
          139.83254,
          35.72355
        ]
      }
    },
    {
      "type": "Feature",
      "properties": {
        "lat": 35.715097,
        "lon": 139.831332,
        "name": "G4-27.ゴルフクラブイースタン",
        "capacity": 16,
        "region_id": "15",
        "station_id": "00004248"
      },
      "geometry": {
        "type": "Point",
        "coordinates": [
          139.831332,
          35.715097
        ]
      }
    },
    {
      "type": "Feature",
      "properties": {
        "lat": 35.689797,
        "lon": 139.806081,
        "name": "G4-28.オルエ菊川",
        "capacity": 3,
        "region_id": "15",
        "station_id": "00004533"
      },
      "geometry": {
        "type": "Point",
        "coordinates": [
          139.806081,
          35.689797
        ]
      }
    },
    {
      "type": "Feature",
      "properties": {
        "lat": 35.706165,
        "lon": 139.797513,
        "name": "G4-29.ブライズ浅草",
        "capacity": 7,
        "region_id": "15",
        "station_id": "00004633"
      },
      "geometry": {
        "type": "Point",
        "coordinates": [
          139.797513,
          35.706165
        ]
      }
    },
    {
      "type": "Feature",
      "properties": {
        "lat": 35.70202,
        "lon": 139.80768,
        "name": "G4-30.レピュア両国レジデンス",
        "capacity": 5,
        "region_id": "15",
        "station_id": "00004610"
      },
      "geometry": {
        "type": "Point",
        "coordinates": [
          139.80768,
          35.70202
        ]
      }
    },
    {
      "type": "Feature",
      "properties": {
        "lat": 35.700463,
        "lon": 139.804022,
        "name": "G4-31.石原3丁目",
        "capacity": 20,
        "region_id": "15",
        "station_id": "00005307"
      },
      "geometry": {
        "type": "Point",
        "coordinates": [
          139.804022,
          35.700463
        ]
      }
    },
    {
      "type": "Feature",
      "properties": {
        "lat": 35.693059,
        "lon": 139.813417,
        "name": "G5-01.牡丹橋自転車駐車場",
        "capacity": 16,
        "region_id": "15",
        "station_id": "00000912"
      },
      "geometry": {
        "type": "Point",
        "coordinates": [
          139.813417,
          35.693059
        ]
      }
    },
    {
      "type": "Feature",
      "properties": {
        "lat": 35.70378,
        "lon": 139.814298,
        "name": "G5-02.横川3-7-10",
        "capacity": 38,
        "region_id": "15",
        "station_id": "00000913"
      },
      "geometry": {
        "type": "Point",
        "coordinates": [
          139.814298,
          35.70378
        ]
      }
    },
    {
      "type": "Feature",
      "properties": {
        "lat": 35.693492,
        "lon": 139.81506,
        "name": "G5-03.京成リッチモンドホテル東京錦糸町",
        "capacity": 6,
        "region_id": "15",
        "station_id": "00001945"
      },
      "geometry": {
        "type": "Point",
        "coordinates": [
          139.81506,
          35.693492
        ]
      }
    },
    {
      "type": "Feature",
      "properties": {
        "lat": 35.705311,
        "lon": 139.814178,
        "name": "G5-04.コスモ錦糸町",
        "capacity": 5,
        "region_id": "15",
        "station_id": "00002589"
      },
      "geometry": {
        "type": "Point",
        "coordinates": [
          139.814178,
          35.705311
        ]
      }
    },
    {
      "type": "Feature",
      "properties": {
        "lat": 35.695904,
        "lon": 139.812133,
        "name": "G5-05.江東橋二丁目緑地広場",
        "capacity": 3,
        "region_id": "15",
        "station_id": "00002816"
      },
      "geometry": {
        "type": "Point",
        "coordinates": [
          139.812133,
          35.695904
        ]
      }
    },
    {
      "type": "Feature",
      "properties": {
        "lat": 35.697521,
        "lon": 139.813216,
        "name": "G5-06.錦糸町駅北口地下自転車駐車場",
        "capacity": 0,
        "region_id": "15",
        "station_id": "00002815"
      },
      "geometry": {
        "type": "Point",
        "coordinates": [
          139.813216,
          35.697521
        ]
      }
    },
    {
      "type": "Feature",
      "properties": {
        "lat": 35.695059,
        "lon": 139.812046,
        "name": "G5-07.パレステュディオDimt錦糸町",
        "capacity": 2,
        "region_id": "15",
        "station_id": "00002918"
      },
      "geometry": {
        "type": "Point",
        "coordinates": [
          139.812046,
          35.695059
        ]
      }
    },
    {
      "type": "Feature",
      "properties": {
        "lat": 35.704003,
        "lon": 139.812263,
        "name": "G5-08.ヴァレッシア錦糸町シティ",
        "capacity": 2,
        "region_id": "15",
        "station_id": "00003160"
      },
      "geometry": {
        "type": "Point",
        "coordinates": [
          139.812263,
          35.704003
        ]
      }
    },
    {
      "type": "Feature",
      "properties": {
        "lat": 35.693861,
        "lon": 139.810389,
        "name": "G5-09.AXAS錦糸町",
        "capacity": 5,
        "region_id": "15",
        "station_id": "00004696"
      },
      "geometry": {
        "type": "Point",
        "coordinates": [
          139.810389,
          35.693861
        ]
      }
    },
    {
      "type": "Feature",
      "properties": {
        "lat": 35.69576,
        "lon": 139.809606,
        "name": "G5-10.VORT錦糸町",
        "capacity": 3,
        "region_id": "15",
        "station_id": "00005207"
      },
      "geometry": {
        "type": "Point",
        "coordinates": [
          139.809606,
          35.69576
        ]
      }
    },
    {
      "type": "Feature",
      "properties": {
        "lat": 35.692547,
        "lon": 139.799231,
        "name": "G6-01.オーキッドレジデンス森下",
        "capacity": 6,
        "region_id": "15",
        "station_id": "00001143"
      },
      "geometry": {
        "type": "Point",
        "coordinates": [
          139.799231,
          35.692547
        ]
      }
    },
    {
      "type": "Feature",
      "properties": {
        "lat": 35.69492,
        "lon": 139.80728,
        "name": "G6-02.ジェノヴィア錦糸町スカイガーデン",
        "capacity": 6,
        "region_id": "15",
        "station_id": "00003479"
      },
      "geometry": {
        "type": "Point",
        "coordinates": [
          139.80728,
          35.69492
        ]
      }
    },
    {
      "type": "Feature",
      "properties": {
        "lat": 35.69842,
        "lon": 139.81035,
        "name": "G6-03.マーキュリー錦糸町",
        "capacity": 2,
        "region_id": "15",
        "station_id": "00003681"
      },
      "geometry": {
        "type": "Point",
        "coordinates": [
          139.81035,
          35.69842
        ]
      }
    },
    {
      "type": "Feature",
      "properties": {
        "lat": 35.692741,
        "lon": 139.813189,
        "name": "G6-04.牡丹橋通り",
        "capacity": 9,
        "region_id": "15",
        "station_id": "00004427"
      },
      "geometry": {
        "type": "Point",
        "coordinates": [
          139.813189,
          35.692741
        ]
      }
    },
    {
      "type": "Feature",
      "properties": {
        "lat": 35.6931,
        "lon": 139.80472,
        "name": "G6-05.レオーネ錦糸町",
        "capacity": 3,
        "region_id": "15",
        "station_id": "00004609"
      },
      "geometry": {
        "type": "Point",
        "coordinates": [
          139.80472,
          35.6931
        ]
      }
    },
    {
      "type": "Feature",
      "properties": {
        "lat": 35.658911,
        "lon": 139.792531,
        "name": "H1-01.豊洲ＩＨＩビル前（晴海通り）",
        "capacity": 9,
        "region_id": "4",
        "station_id": "00010092"
      },
      "geometry": {
        "type": "Point",
        "coordinates": [
          139.792531,
          35.658911
        ]
      }
    },
    {
      "type": "Feature",
      "properties": {
        "lat": 35.654196,
        "lon": 139.79626,
        "name": "H1-02.豊洲駅",
        "capacity": 47,
        "region_id": "4",
        "station_id": "00010093"
      },
      "geometry": {
        "type": "Point",
        "coordinates": [
          139.79626,
          35.654196
        ]
      }
    },
    {
      "type": "Feature",
      "properties": {
        "lat": 35.640736,
        "lon": 139.804331,
        "name": "H1-03.東雲駅",
        "capacity": 16,
        "region_id": "4",
        "station_id": "00010094"
      },
      "geometry": {
        "type": "Point",
        "coordinates": [
          139.804331,
          35.640736
        ]
      }
    },
    {
      "type": "Feature",
      "properties": {
        "lat": 35.63363,
        "lon": 139.79082,
        "name": "H1-04.石と光の広場（国際展示場駅）",
        "capacity": 62,
        "region_id": "4",
        "station_id": "00000410"
      },
      "geometry": {
        "type": "Point",
        "coordinates": [
          139.79082,
          35.63363
        ]
      }
    },
    {
      "type": "Feature",
      "properties": {
        "lat": 35.632148,
        "lon": 139.79017,
        "name": "H1-05.相鉄グランドフレッサ 東京ベイ有明",
        "capacity": 15,
        "region_id": "4",
        "station_id": "00010096"
      },
      "geometry": {
        "type": "Point",
        "coordinates": [
          139.79017,
          35.632148
        ]
      }
    },
    {
      "type": "Feature",
      "properties": {
        "lat": 35.630185,
        "lon": 139.786618,
        "name": "H1-06.武蔵野大学",
        "capacity": 15,
        "region_id": "4",
        "station_id": "00010097"
      },
      "geometry": {
        "type": "Point",
        "coordinates": [
          139.786618,
          35.630185
        ]
      }
    },
    {
      "type": "Feature",
      "properties": {
        "lat": 35.627087,
        "lon": 139.779779,
        "name": "H1-08.東京テレポート駅",
        "capacity": 45,
        "region_id": "4",
        "station_id": "00010099"
      },
      "geometry": {
        "type": "Point",
        "coordinates": [
          139.779779,
          35.627087
        ]
      }
    },
    {
      "type": "Feature",
      "properties": {
        "lat": 35.625029,
        "lon": 139.777344,
        "name": "H1-10.出会い橋",
        "capacity": 16,
        "region_id": "4",
        "station_id": "00010101"
      },
      "geometry": {
        "type": "Point",
        "coordinates": [
          139.777344,
          35.625029
        ]
      }
    },
    {
      "type": "Feature",
      "properties": {
        "lat": 35.697935,
        "lon": 139.821855,
        "name": "H1-100.URアーバンライフ亀戸",
        "capacity": 29,
        "region_id": "4",
        "station_id": "00010769"
      },
      "geometry": {
        "type": "Point",
        "coordinates": [
          139.821855,
          35.697935
        ]
      }
    },
    {
      "type": "Feature",
      "properties": {
        "lat": 35.642571,
        "lon": 139.836766,
        "name": "H1-101.ファミリーマート新木場一丁目店",
        "capacity": 6,
        "region_id": "4",
        "station_id": "00010710"
      },
      "geometry": {
        "type": "Point",
        "coordinates": [
          139.836766,
          35.642571
        ]
      }
    },
    {
      "type": "Feature",
      "properties": {
        "lat": 35.672714,
        "lon": 139.837914,
        "name": "H1-102.ファミリーマート東砂七丁目店",
        "capacity": 15,
        "region_id": "4",
        "station_id": "00010711"
      },
      "geometry": {
        "type": "Point",
        "coordinates": [
          139.837914,
          35.672714
        ]
      }
    },
    {
      "type": "Feature",
      "properties": {
        "lat": 35.680948,
        "lon": 139.796917,
        "name": "H1-103.清澄庭園",
        "capacity": 12,
        "region_id": "4",
        "station_id": "00010727"
      },
      "geometry": {
        "type": "Point",
        "coordinates": [
          139.796917,
          35.680948
        ]
      }
    },
    {
      "type": "Feature",
      "properties": {
        "lat": 35.676488,
        "lon": 139.809616,
        "name": "H1-104.木場公園",
        "capacity": 19,
        "region_id": "4",
        "station_id": "00010728"
      },
      "geometry": {
        "type": "Point",
        "coordinates": [
          139.809616,
          35.676488
        ]
      }
    },
    {
      "type": "Feature",
      "properties": {
        "lat": 35.692245,
        "lon": 139.817483,
        "name": "H1-105.猿江恩賜公園",
        "capacity": 10,
        "region_id": "4",
        "station_id": "00010729"
      },
      "geometry": {
        "type": "Point",
        "coordinates": [
          139.817483,
          35.692245
        ]
      }
    },
    {
      "type": "Feature",
      "properties": {
        "lat": 35.699063,
        "lon": 139.834412,
        "name": "H1-106.亀戸中央公園",
        "capacity": 9,
        "region_id": "4",
        "station_id": "00010730"
      },
      "geometry": {
        "type": "Point",
        "coordinates": [
          139.834412,
          35.699063
        ]
      }
    },
    {
      "type": "Feature",
      "properties": {
        "lat": 35.692641,
        "lon": 139.846346,
        "name": "H1-107.大島小松川公園",
        "capacity": 30,
        "region_id": "4",
        "station_id": "00010763"
      },
      "geometry": {
        "type": "Point",
        "coordinates": [
          139.846346,
          35.692641
        ]
      }
    },
    {
      "type": "Feature",
      "properties": {
        "lat": 35.648431,
        "lon": 139.803125,
        "name": "H1-108.Brillia ist 東雲キャナルコート北側",
        "capacity": 11,
        "region_id": "4",
        "station_id": "00010732"
      },
      "geometry": {
        "type": "Point",
        "coordinates": [
          139.803125,
          35.648431
        ]
      }
    },
    {
      "type": "Feature",
      "properties": {
        "lat": 35.648008,
        "lon": 139.803487,
        "name": "H1-109.Brillia ist 東雲キャナルコート東側",
        "capacity": 9,
        "region_id": "4",
        "station_id": "00010733"
      },
      "geometry": {
        "type": "Point",
        "coordinates": [
          139.803487,
          35.648008
        ]
      }
    },
    {
      "type": "Feature",
      "properties": {
        "lat": 35.61813,
        "lon": 139.778698,
        "name": "H1-11.テレコムセンター駅",
        "capacity": 21,
        "region_id": "4",
        "station_id": "00010102"
      },
      "geometry": {
        "type": "Point",
        "coordinates": [
          139.778698,
          35.61813
        ]
      }
    },
    {
      "type": "Feature",
      "properties": {
        "lat": 35.66688,
        "lon": 139.80779,
        "name": "H1-111.ファミリーマート木場六丁目店",
        "capacity": 4,
        "region_id": "4",
        "station_id": "00010739"
      },
      "geometry": {
        "type": "Point",
        "coordinates": [
          139.80779,
          35.66688
        ]
      }
    },
    {
      "type": "Feature",
      "properties": {
        "lat": 35.66305,
        "lon": 139.8087,
        "name": "H1-112.ファミリーマート江東塩浜二丁目店",
        "capacity": 29,
        "region_id": "4",
        "station_id": "00010746"
      },
      "geometry": {
        "type": "Point",
        "coordinates": [
          139.8087,
          35.66305
        ]
      }
    },
    {
      "type": "Feature",
      "properties": {
        "lat": 35.646366,
        "lon": 139.801492,
        "name": "H1-113.123+N東雲店",
        "capacity": 10,
        "region_id": "4",
        "station_id": "00010794"
      },
      "geometry": {
        "type": "Point",
        "coordinates": [
          139.801492,
          35.646366
        ]
      }
    },
    {
      "type": "Feature",
      "properties": {
        "lat": 35.651987,
        "lon": 139.830691,
        "name": "H1-114.東京夢の島マリーナ",
        "capacity": 14,
        "region_id": "4",
        "station_id": "00010803"
      },
      "geometry": {
        "type": "Point",
        "coordinates": [
          139.830691,
          35.651987
        ]
      }
    },
    {
      "type": "Feature",
      "properties": {
        "lat": 35.649386,
        "lon": 139.835617,
        "name": "H1-115.東京夢の島マリーナ 第4駐車場",
        "capacity": 14,
        "region_id": "4",
        "station_id": "00010804"
      },
      "geometry": {
        "type": "Point",
        "coordinates": [
          139.835617,
          35.649386
        ]
      }
    },
    {
      "type": "Feature",
      "properties": {
        "lat": 35.625037,
        "lon": 139.777646,
        "name": "H1-116.出会い橋高架下",
        "capacity": 50,
        "region_id": "4",
        "station_id": "00010809"
      },
      "geometry": {
        "type": "Point",
        "coordinates": [
          139.777646,
          35.625037
        ]
      }
    },
    {
      "type": "Feature",
      "properties": {
        "lat": 35.671225,
        "lon": 139.808561,
        "name": "H1-117.東京パークサイドビル",
        "capacity": 12,
        "region_id": "4",
        "station_id": "00010810"
      },
      "geometry": {
        "type": "Point",
        "coordinates": [
          139.808561,
          35.671225
        ]
      }
    },
    {
      "type": "Feature",
      "properties": {
        "lat": 35.69839,
        "lon": 139.825484,
        "name": "H1-118.ファミリーマート亀戸駅前店",
        "capacity": 9,
        "region_id": "4",
        "station_id": "00010815"
      },
      "geometry": {
        "type": "Point",
        "coordinates": [
          139.825484,
          35.69839
        ]
      }
    },
    {
      "type": "Feature",
      "properties": {
        "lat": 35.638819,
        "lon": 139.834793,
        "name": "H1-119.榎戸材木店",
        "capacity": 25,
        "region_id": "4",
        "station_id": "00010831"
      },
      "geometry": {
        "type": "Point",
        "coordinates": [
          139.834793,
          35.638819
        ]
      }
    },
    {
      "type": "Feature",
      "properties": {
        "lat": 35.650948,
        "lon": 139.799711,
        "name": "H1-120.豊洲5丁目",
        "capacity": 18,
        "region_id": "4",
        "station_id": "00010847"
      },
      "geometry": {
        "type": "Point",
        "coordinates": [
          139.799711,
          35.650948
        ]
      }
    },
    {
      "type": "Feature",
      "properties": {
        "lat": 35.676603,
        "lon": 139.829736,
        "name": "H1-121.南砂5丁目",
        "capacity": 18,
        "region_id": "4",
        "station_id": "00010848"
      },
      "geometry": {
        "type": "Point",
        "coordinates": [
          139.829736,
          35.676603
        ]
      }
    },
    {
      "type": "Feature",
      "properties": {
        "lat": 35.679167,
        "lon": 139.839746,
        "name": "H1-122.東砂スポーツセンター",
        "capacity": 11,
        "region_id": "4",
        "station_id": "00010859"
      },
      "geometry": {
        "type": "Point",
        "coordinates": [
          139.839746,
          35.679167
        ]
      }
    },
    {
      "type": "Feature",
      "properties": {
        "lat": 35.634316,
        "lon": 139.793199,
        "name": "H1-123.ダブルツリーbyヒルトン東京有明",
        "capacity": 20,
        "region_id": "4",
        "station_id": "00010860"
      },
      "geometry": {
        "type": "Point",
        "coordinates": [
          139.793199,
          35.634316
        ]
      }
    },
    {
      "type": "Feature",
      "properties": {
        "lat": 35.680636,
        "lon": 139.817977,
        "name": "H1-124.セブン-イレブン 江東海辺店",
        "capacity": 12,
        "region_id": "4",
        "station_id": "00010870"
      },
      "geometry": {
        "type": "Point",
        "coordinates": [
          139.817977,
          35.680636
        ]
      }
    },
    {
      "type": "Feature",
      "properties": {
        "lat": 35.669291,
        "lon": 139.795364,
        "name": "H1-127.古石場川親水公園",
        "capacity": 25,
        "region_id": "4",
        "station_id": "00010894"
      },
      "geometry": {
        "type": "Point",
        "coordinates": [
          139.795364,
          35.669291
        ]
      }
    },
    {
      "type": "Feature",
      "properties": {
        "lat": 35.645162,
        "lon": 139.785386,
        "name": "H1-128.豊洲市場（5街区）",
        "capacity": 68,
        "region_id": "4",
        "station_id": "00010898"
      },
      "geometry": {
        "type": "Point",
        "coordinates": [
          139.785386,
          35.645162
        ]
      }
    },
    {
      "type": "Feature",
      "properties": {
        "lat": 35.654067,
        "lon": 139.792376,
        "name": "H1-13.アーバンドック ららぽーと豊洲",
        "capacity": 18,
        "region_id": "4",
        "station_id": "00010104"
      },
      "geometry": {
        "type": "Point",
        "coordinates": [
          139.792376,
          35.654067
        ]
      }
    },
    {
      "type": "Feature",
      "properties": {
        "lat": 35.676643,
        "lon": 139.816054,
        "name": "H1-130.トヨタモビリティ東京 深川店",
        "capacity": 9,
        "region_id": "4",
        "station_id": "00010903"
      },
      "geometry": {
        "type": "Point",
        "coordinates": [
          139.816054,
          35.676643
        ]
      }
    },
    {
      "type": "Feature",
      "properties": {
        "lat": 35.679029,
        "lon": 139.793535,
        "name": "H1-131.セブン-イレブン 江東佐賀2丁目店",
        "capacity": 17,
        "region_id": "4",
        "station_id": "00010904"
      },
      "geometry": {
        "type": "Point",
        "coordinates": [
          139.793535,
          35.679029
        ]
      }
    },
    {
      "type": "Feature",
      "properties": {
        "lat": 35.681418,
        "lon": 139.809287,
        "name": "H1-132.セブン-イレブン 江東三好4丁目店",
        "capacity": 6,
        "region_id": "4",
        "station_id": "00010905"
      },
      "geometry": {
        "type": "Point",
        "coordinates": [
          139.809287,
          35.681418
        ]
      }
    },
    {
      "type": "Feature",
      "properties": {
        "lat": 35.679001,
        "lon": 139.825809,
        "name": "H1-133.北砂2丁目公園",
        "capacity": 36,
        "region_id": "4",
        "station_id": "00010915"
      },
      "geometry": {
        "type": "Point",
        "coordinates": [
          139.825809,
          35.679001
        ]
      }
    },
    {
      "type": "Feature",
      "properties": {
        "lat": 35.643141,
        "lon": 139.777821,
        "name": "H1-134.豊洲ぐるり公園",
        "capacity": 22,
        "region_id": "4",
        "station_id": "00010916"
      },
      "geometry": {
        "type": "Point",
        "coordinates": [
          139.777821,
          35.643141
        ]
      }
    },
    {
      "type": "Feature",
      "properties": {
        "lat": 35.684218,
        "lon": 139.832843,
        "name": "H1-135.北砂5丁目団地",
        "capacity": 20,
        "region_id": "4",
        "station_id": "00010923"
      },
      "geometry": {
        "type": "Point",
        "coordinates": [
          139.832843,
          35.684218
        ]
      }
    },
    {
      "type": "Feature",
      "properties": {
        "lat": 35.683542,
        "lon": 139.839763,
        "name": "H1-136.東砂一丁目公園",
        "capacity": 18,
        "region_id": "4",
        "station_id": "00010924"
      },
      "geometry": {
        "type": "Point",
        "coordinates": [
          139.839763,
          35.683542
        ]
      }
    },
    {
      "type": "Feature",
      "properties": {
        "lat": 35.638985,
        "lon": 139.793653,
        "name": "H1-137.住友不動産ショッピングシティ有明ガーデン",
        "capacity": 22,
        "region_id": "4",
        "station_id": "00010943"
      },
      "geometry": {
        "type": "Point",
        "coordinates": [
          139.793653,
          35.638985
        ]
      }
    },
    {
      "type": "Feature",
      "properties": {
        "lat": 35.658351,
        "lon": 139.818229,
        "name": "H1-14.ホテルリブマックス東京潮見駅前",
        "capacity": 8,
        "region_id": "4",
        "station_id": "00010724"
      },
      "geometry": {
        "type": "Point",
        "coordinates": [
          139.818229,
          35.658351
        ]
      }
    },
    {
      "type": "Feature",
      "properties": {
        "lat": 35.689896,
        "lon": 139.815116,
        "name": "H1-140.キャナルパレス住吉",
        "capacity": 14,
        "region_id": "4",
        "station_id": "00010996"
      },
      "geometry": {
        "type": "Point",
        "coordinates": [
          139.815116,
          35.689896
        ]
      }
    },
    {
      "type": "Feature",
      "properties": {
        "lat": 35.660632,
        "lon": 139.817294,
        "name": "H1-142.東京ベイ潮見プリンスホテル",
        "capacity": 11,
        "region_id": "4",
        "station_id": "00011008"
      },
      "geometry": {
        "type": "Point",
        "coordinates": [
          139.817294,
          35.660632
        ]
      }
    },
    {
      "type": "Feature",
      "properties": {
        "lat": 35.624619,
        "lon": 139.776006,
        "name": "H1-143.ダイバーシティ東京 プラザ",
        "capacity": 12,
        "region_id": "4",
        "station_id": "00000386"
      },
      "geometry": {
        "type": "Point",
        "coordinates": [
          139.776006,
          35.624619
        ]
      }
    },
    {
      "type": "Feature",
      "properties": {
        "lat": 35.674199,
        "lon": 139.822018,
        "name": "H1-144.南砂住宅",
        "capacity": 12,
        "region_id": "4",
        "station_id": "00011011"
      },
      "geometry": {
        "type": "Point",
        "coordinates": [
          139.822018,
          35.674199
        ]
      }
    },
    {
      "type": "Feature",
      "properties": {
        "lat": 35.643131,
        "lon": 139.797784,
        "name": "H1-145.東雲都橋住宅",
        "capacity": 5,
        "region_id": "4",
        "station_id": "00011012"
      },
      "geometry": {
        "type": "Point",
        "coordinates": [
          139.797784,
          35.643131
        ]
      }
    },
    {
      "type": "Feature",
      "properties": {
        "lat": 35.68744,
        "lon": 139.827075,
        "name": "H1-147.大島四丁目団地",
        "capacity": 19,
        "region_id": "4",
        "station_id": "00000124"
      },
      "geometry": {
        "type": "Point",
        "coordinates": [
          139.827075,
          35.68744
        ]
      }
    },
    {
      "type": "Feature",
      "properties": {
        "lat": 35.694104,
        "lon": 139.840278,
        "name": "H1-148.大島七丁目団地",
        "capacity": 12,
        "region_id": "4",
        "station_id": "00000125"
      },
      "geometry": {
        "type": "Point",
        "coordinates": [
          139.840278,
          35.694104
        ]
      }
    },
    {
      "type": "Feature",
      "properties": {
        "lat": 35.639132,
        "lon": 139.793047,
        "name": "H1-149.有明ガーデン 公園口",
        "capacity": 15,
        "region_id": "4",
        "station_id": "00000126"
      },
      "geometry": {
        "type": "Point",
        "coordinates": [
          139.793047,
          35.639132
        ]
      }
    },
    {
      "type": "Feature",
      "properties": {
        "lat": 35.636978,
        "lon": 139.791858,
        "name": "H1-150.ホテルヴィラフォンテーヌ南側",
        "capacity": 8,
        "region_id": "4",
        "station_id": "00000127"
      },
      "geometry": {
        "type": "Point",
        "coordinates": [
          139.791858,
          35.636978
        ]
      }
    },
    {
      "type": "Feature",
      "properties": {
        "lat": 35.701347,
        "lon": 139.819973,
        "name": "H1-151.コスモリード錦糸町",
        "capacity": 12,
        "region_id": "4",
        "station_id": "00000162"
      },
      "geometry": {
        "type": "Point",
        "coordinates": [
          139.819973,
          35.701347
        ]
      }
    },
    {
      "type": "Feature",
      "properties": {
        "lat": 35.63851,
        "lon": 139.823534,
        "name": "H1-153.三井リンクラボ新木場1",
        "capacity": 18,
        "region_id": "4",
        "station_id": "00000206"
      },
      "geometry": {
        "type": "Point",
        "coordinates": [
          139.823534,
          35.63851
        ]
      }
    },
    {
      "type": "Feature",
      "properties": {
        "lat": 35.631132,
        "lon": 139.792726,
        "name": "H1-154.やぐら橋下",
        "capacity": 18,
        "region_id": "4",
        "station_id": "00000207"
      },
      "geometry": {
        "type": "Point",
        "coordinates": [
          139.792726,
          35.631132
        ]
      }
    },
    {
      "type": "Feature",
      "properties": {
        "lat": 35.645726,
        "lon": 139.784496,
        "name": "H1-155.メブクス豊洲",
        "capacity": 28,
        "region_id": "4",
        "station_id": "00000435"
      },
      "geometry": {
        "type": "Point",
        "coordinates": [
          139.784496,
          35.645726
        ]
      }
    },
    {
      "type": "Feature",
      "properties": {
        "lat": 35.630791,
        "lon": 139.787396,
        "name": "H1-156.つどい橋下",
        "capacity": 9,
        "region_id": "4",
        "station_id": "00000381"
      },
      "geometry": {
        "type": "Point",
        "coordinates": [
          139.787396,
          35.630791
        ]
      }
    },
    {
      "type": "Feature",
      "properties": {
        "lat": 35.621845,
        "lon": 139.776833,
        "name": "H1-158.東京国際交流館",
        "capacity": 15,
        "region_id": "4",
        "station_id": "00011007"
      },
      "geometry": {
        "type": "Point",
        "coordinates": [
          139.776833,
          35.621845
        ]
      }
    },
    {
      "type": "Feature",
      "properties": {
        "lat": 35.627599,
        "lon": 139.782953,
        "name": "H1-159.夢の大橋西",
        "capacity": 15,
        "region_id": "4",
        "station_id": "00000380"
      },
      "geometry": {
        "type": "Point",
        "coordinates": [
          139.782953,
          35.627599
        ]
      }
    },
    {
      "type": "Feature",
      "properties": {
        "lat": 35.657477,
        "lon": 139.796629,
        "name": "H1-16.豊洲三丁目公園",
        "capacity": 60,
        "region_id": "4",
        "station_id": "00010107"
      },
      "geometry": {
        "type": "Point",
        "coordinates": [
          139.796629,
          35.657477
        ]
      }
    },
    {
      "type": "Feature",
      "properties": {
        "lat": 35.633908,
        "lon": 139.793322,
        "name": "H1-160.花の広場",
        "capacity": 19,
        "region_id": "4",
        "station_id": "00010095"
      },
      "geometry": {
        "type": "Point",
        "coordinates": [
          139.793322,
          35.633908
        ]
      }
    },
    {
      "type": "Feature",
      "properties": {
        "lat": 35.68663,
        "lon": 139.799529,
        "name": "H1-163.森下公園",
        "capacity": 5,
        "region_id": "4",
        "station_id": "00000702"
      },
      "geometry": {
        "type": "Point",
        "coordinates": [
          139.799529,
          35.68663
        ]
      }
    },
    {
      "type": "Feature",
      "properties": {
        "lat": 35.68546,
        "lon": 139.80244,
        "name": "H1-164.森下三丁目第三児童遊園",
        "capacity": 20,
        "region_id": "4",
        "station_id": "00000703"
      },
      "geometry": {
        "type": "Point",
        "coordinates": [
          139.80244,
          35.68546
        ]
      }
    },
    {
      "type": "Feature",
      "properties": {
        "lat": 35.701318,
        "lon": 139.825916,
        "name": "H1-165.亀戸梅屋敷",
        "capacity": 14,
        "region_id": "4",
        "station_id": "00000730"
      },
      "geometry": {
        "type": "Point",
        "coordinates": [
          139.825916,
          35.701318
        ]
      }
    },
    {
      "type": "Feature",
      "properties": {
        "lat": 35.696574,
        "lon": 139.82972,
        "name": "H1-166.亀戸クロック",
        "capacity": 18,
        "region_id": "4",
        "station_id": "00000731"
      },
      "geometry": {
        "type": "Point",
        "coordinates": [
          139.82972,
          35.696574
        ]
      }
    },
    {
      "type": "Feature",
      "properties": {
        "lat": 35.688074,
        "lon": 139.838932,
        "name": "H1-167.大島八丁目公園",
        "capacity": 13,
        "region_id": "4",
        "station_id": "00000749"
      },
      "geometry": {
        "type": "Point",
        "coordinates": [
          139.838932,
          35.688074
        ]
      }
    },
    {
      "type": "Feature",
      "properties": {
        "lat": 35.68642,
        "lon": 139.836151,
        "name": "H1-168.大島五丁目公園",
        "capacity": 15,
        "region_id": "4",
        "station_id": "00000759"
      },
      "geometry": {
        "type": "Point",
        "coordinates": [
          139.836151,
          35.68642
        ]
      }
    },
    {
      "type": "Feature",
      "properties": {
        "lat": 35.697157,
        "lon": 139.839835,
        "name": "H1-169.セブンイレブン江東亀戸7丁目東店",
        "capacity": 10,
        "region_id": "4",
        "station_id": "00000790"
      },
      "geometry": {
        "type": "Point",
        "coordinates": [
          139.839835,
          35.697157
        ]
      }
    },
    {
      "type": "Feature",
      "properties": {
        "lat": 35.64704,
        "lon": 139.80469,
        "name": "H1-17.東雲水辺公園",
        "capacity": 22,
        "region_id": "4",
        "station_id": "00010108"
      },
      "geometry": {
        "type": "Point",
        "coordinates": [
          139.80469,
          35.64704
        ]
      }
    },
    {
      "type": "Feature",
      "properties": {
        "lat": 35.695937,
        "lon": 139.838017,
        "name": "H1-170.セブンイレブン江東亀戸7丁目南店",
        "capacity": 8,
        "region_id": "4",
        "station_id": "00000791"
      },
      "geometry": {
        "type": "Point",
        "coordinates": [
          139.838017,
          35.695937
        ]
      }
    },
    {
      "type": "Feature",
      "properties": {
        "lat": 35.672877,
        "lon": 139.842339,
        "name": "H1-171.LOGI’Q南砂町",
        "capacity": 7,
        "region_id": "4",
        "station_id": "00000894"
      },
      "geometry": {
        "type": "Point",
        "coordinates": [
          139.842339,
          35.672877
        ]
      }
    },
    {
      "type": "Feature",
      "properties": {
        "lat": 35.668856,
        "lon": 139.794069,
        "name": "H1-172.サンヨーパシフィックマンション",
        "capacity": 4,
        "region_id": "4",
        "station_id": "00000905"
      },
      "geometry": {
        "type": "Point",
        "coordinates": [
          139.794069,
          35.668856
        ]
      }
    },
    {
      "type": "Feature",
      "properties": {
        "lat": 35.687837,
        "lon": 139.79654,
        "name": "H1-173.森下駅前",
        "capacity": 38,
        "region_id": "4",
        "station_id": "00000906"
      },
      "geometry": {
        "type": "Point",
        "coordinates": [
          139.79654,
          35.687837
        ]
      }
    },
    {
      "type": "Feature",
      "properties": {
        "lat": 35.682712,
        "lon": 139.823961,
        "name": "H1-174.ジュネス(エントランス側)",
        "capacity": 2,
        "region_id": "4",
        "station_id": "00000997"
      },
      "geometry": {
        "type": "Point",
        "coordinates": [
          139.823961,
          35.682712
        ]
      }
    },
    {
      "type": "Feature",
      "properties": {
        "lat": 35.689543,
        "lon": 139.836394,
        "name": "H1-175.ダイアパレス大島駅前",
        "capacity": 4,
        "region_id": "4",
        "station_id": "00001051"
      },
      "geometry": {
        "type": "Point",
        "coordinates": [
          139.836394,
          35.689543
        ]
      }
    },
    {
      "type": "Feature",
      "properties": {
        "lat": 35.667677,
        "lon": 139.823552,
        "name": "H1-176.JMFビル東陽町02",
        "capacity": 12,
        "region_id": "4",
        "station_id": "00001309"
      },
      "geometry": {
        "type": "Point",
        "coordinates": [
          139.823552,
          35.667677
        ]
      }
    },
    {
      "type": "Feature",
      "properties": {
        "lat": 35.678537,
        "lon": 139.837391,
        "name": "H1-177.北砂7丁目団地(第一)",
        "capacity": 4,
        "region_id": "4",
        "station_id": "00001295"
      },
      "geometry": {
        "type": "Point",
        "coordinates": [
          139.837391,
          35.678537
        ]
      }
    },
    {
      "type": "Feature",
      "properties": {
        "lat": 35.678031,
        "lon": 139.837193,
        "name": "H1-178.北砂7丁目団地(第二)",
        "capacity": 5,
        "region_id": "4",
        "station_id": "00001296"
      },
      "geometry": {
        "type": "Point",
        "coordinates": [
          139.837193,
          35.678031
        ]
      }
    },
    {
      "type": "Feature",
      "properties": {
        "lat": 35.678246,
        "lon": 139.8366,
        "name": "H1-179.北砂7丁目団地(第三)",
        "capacity": 9,
        "region_id": "4",
        "station_id": "00001297"
      },
      "geometry": {
        "type": "Point",
        "coordinates": [
          139.8366,
          35.678246
        ]
      }
    },
    {
      "type": "Feature",
      "properties": {
        "lat": 35.631192,
        "lon": 139.79401,
        "name": "H1-18.東京ビッグサイト",
        "capacity": 18,
        "region_id": "4",
        "station_id": "00010109"
      },
      "geometry": {
        "type": "Point",
        "coordinates": [
          139.79401,
          35.631192
        ]
      }
    },
    {
      "type": "Feature",
      "properties": {
        "lat": 35.691954,
        "lon": 139.836462,
        "name": "H1-180.シティコート大島",
        "capacity": 4,
        "region_id": "4",
        "station_id": "00001298"
      },
      "geometry": {
        "type": "Point",
        "coordinates": [
          139.836462,
          35.691954
        ]
      }
    },
    {
      "type": "Feature",
      "properties": {
        "lat": 35.695695,
        "lon": 139.820507,
        "name": "H1-182.錦糸町プライムタワー",
        "capacity": 13,
        "region_id": "4",
        "station_id": "00001373"
      },
      "geometry": {
        "type": "Point",
        "coordinates": [
          139.820507,
          35.695695
        ]
      }
    },
    {
      "type": "Feature",
      "properties": {
        "lat": 35.643958,
        "lon": 139.838358,
        "name": "H1-183.MFLP新木場1",
        "capacity": 9,
        "region_id": "4",
        "station_id": "00001424"
      },
      "geometry": {
        "type": "Point",
        "coordinates": [
          139.838358,
          35.643958
        ]
      }
    },
    {
      "type": "Feature",
      "properties": {
        "lat": 35.689913,
        "lon": 139.833279,
        "name": "H1-184.UR大島六丁目団地(第一)",
        "capacity": 6,
        "region_id": "4",
        "station_id": "00001475"
      },
      "geometry": {
        "type": "Point",
        "coordinates": [
          139.833279,
          35.689913
        ]
      }
    },
    {
      "type": "Feature",
      "properties": {
        "lat": 35.690038,
        "lon": 139.833252,
        "name": "H1-185.UR大島六丁目団地(第二)",
        "capacity": 5,
        "region_id": "4",
        "station_id": "00001476"
      },
      "geometry": {
        "type": "Point",
        "coordinates": [
          139.833252,
          35.690038
        ]
      }
    },
    {
      "type": "Feature",
      "properties": {
        "lat": 35.694804,
        "lon": 139.831357,
        "name": "H1-186.セブン-イレブン亀戸昭和橋通り店",
        "capacity": 3,
        "region_id": "4",
        "station_id": "00001477"
      },
      "geometry": {
        "type": "Point",
        "coordinates": [
          139.831357,
          35.694804
        ]
      }
    },
    {
      "type": "Feature",
      "properties": {
        "lat": 35.685344,
        "lon": 139.80234,
        "name": "H1-187.森下文化センター",
        "capacity": 5,
        "region_id": "4",
        "station_id": "00001494"
      },
      "geometry": {
        "type": "Point",
        "coordinates": [
          139.80234,
          35.685344
        ]
      }
    },
    {
      "type": "Feature",
      "properties": {
        "lat": 35.634453,
        "lon": 139.824,
        "name": "H1-189.MFLP新木場2",
        "capacity": 31,
        "region_id": "4",
        "station_id": "00001606"
      },
      "geometry": {
        "type": "Point",
        "coordinates": [
          139.824,
          35.634453
        ]
      }
    },
    {
      "type": "Feature",
      "properties": {
        "lat": 35.653603,
        "lon": 139.80144,
        "name": "H1-19.UR豊洲四丁目団地",
        "capacity": 22,
        "region_id": "4",
        "station_id": "00010110"
      },
      "geometry": {
        "type": "Point",
        "coordinates": [
          139.80144,
          35.653603
        ]
      }
    },
    {
      "type": "Feature",
      "properties": {
        "lat": 35.664845,
        "lon": 139.796643,
        "name": "H1-190.福山通運 東京支店",
        "capacity": 20,
        "region_id": "4",
        "station_id": "00001759"
      },
      "geometry": {
        "type": "Point",
        "coordinates": [
          139.796643,
          35.664845
        ]
      }
    },
    {
      "type": "Feature",
      "properties": {
        "lat": 35.644863,
        "lon": 139.831107,
        "name": "H1-191.三井リンクラボ新木場2",
        "capacity": 14,
        "region_id": "4",
        "station_id": "00001760"
      },
      "geometry": {
        "type": "Point",
        "coordinates": [
          139.831107,
          35.644863
        ]
      }
    },
    {
      "type": "Feature",
      "properties": {
        "lat": 35.678296,
        "lon": 139.791949,
        "name": "H1-192.ウエリスアーバン水天宮前",
        "capacity": 4,
        "region_id": "4",
        "station_id": "00001789"
      },
      "geometry": {
        "type": "Point",
        "coordinates": [
          139.791949,
          35.678296
        ]
      }
    },
    {
      "type": "Feature",
      "properties": {
        "lat": 35.651833,
        "lon": 139.79962,
        "name": "H1-193.ライフ豊洲店",
        "capacity": 10,
        "region_id": "4",
        "station_id": "00001838"
      },
      "geometry": {
        "type": "Point",
        "coordinates": [
          139.79962,
          35.651833
        ]
      }
    },
    {
      "type": "Feature",
      "properties": {
        "lat": 35.68268,
        "lon": 139.8353,
        "name": "H1-194.セブン-イレブン江東北砂5丁目店",
        "capacity": 5,
        "region_id": "4",
        "station_id": "00001844"
      },
      "geometry": {
        "type": "Point",
        "coordinates": [
          139.8353,
          35.68268
        ]
      }
    },
    {
      "type": "Feature",
      "properties": {
        "lat": 35.65238,
        "lon": 139.815613,
        "name": "H1-195.東京アクアティクスセンター",
        "capacity": 18,
        "region_id": "4",
        "station_id": "00001889"
      },
      "geometry": {
        "type": "Point",
        "coordinates": [
          139.815613,
          35.65238
        ]
      }
    },
    {
      "type": "Feature",
      "properties": {
        "lat": 35.665288,
        "lon": 139.824294,
        "name": "H1-196.フットサルクラブ東京東陽町",
        "capacity": 6,
        "region_id": "4",
        "station_id": "00001943"
      },
      "geometry": {
        "type": "Point",
        "coordinates": [
          139.824294,
          35.665288
        ]
      }
    },
    {
      "type": "Feature",
      "properties": {
        "lat": 35.675361,
        "lon": 139.825034,
        "name": "H1-197.セブン-イレブン江東南砂葛西橋通り店",
        "capacity": 2,
        "region_id": "4",
        "station_id": "00002156"
      },
      "geometry": {
        "type": "Point",
        "coordinates": [
          139.825034,
          35.675361
        ]
      }
    },
    {
      "type": "Feature",
      "properties": {
        "lat": 35.63464,
        "lon": 139.783445,
        "name": "H1-198.Br Tower 有明 MID CROSS",
        "capacity": 7,
        "region_id": "4",
        "station_id": "00002212"
      },
      "geometry": {
        "type": "Point",
        "coordinates": [
          139.783445,
          35.63464
        ]
      }
    },
    {
      "type": "Feature",
      "properties": {
        "lat": 35.664244,
        "lon": 139.814506,
        "name": "H1-199.ラ・ヴェール東陽町",
        "capacity": 10,
        "region_id": "4",
        "station_id": "00002240"
      },
      "geometry": {
        "type": "Point",
        "coordinates": [
          139.814506,
          35.664244
        ]
      }
    },
    {
      "type": "Feature",
      "properties": {
        "lat": 35.619377,
        "lon": 139.777582,
        "name": "H1-20.日本科学未来館",
        "capacity": 30,
        "region_id": "4",
        "station_id": "00010111"
      },
      "geometry": {
        "type": "Point",
        "coordinates": [
          139.777582,
          35.619377
        ]
      }
    },
    {
      "type": "Feature",
      "properties": {
        "lat": 35.662414,
        "lon": 139.813333,
        "name": "H1-200.ヴェッセル木場南",
        "capacity": 5,
        "region_id": "4",
        "station_id": "00002241"
      },
      "geometry": {
        "type": "Point",
        "coordinates": [
          139.813333,
          35.662414
        ]
      }
    },
    {
      "type": "Feature",
      "properties": {
        "lat": 35.678099,
        "lon": 139.791831,
        "name": "H1-201.ウエリスアーバン水天宮前2",
        "capacity": 3,
        "region_id": "4",
        "station_id": "00002251"
      },
      "geometry": {
        "type": "Point",
        "coordinates": [
          139.791831,
          35.678099
        ]
      }
    },
    {
      "type": "Feature",
      "properties": {
        "lat": 35.648107,
        "lon": 139.813572,
        "name": "H1-202.辰巳の森海浜公園",
        "capacity": 12,
        "region_id": "4",
        "station_id": "00002250"
      },
      "geometry": {
        "type": "Point",
        "coordinates": [
          139.813572,
          35.648107
        ]
      }
    },
    {
      "type": "Feature",
      "properties": {
        "lat": 35.67517,
        "lon": 139.804087,
        "name": "H1-203.セブン-イレブン江東木場３丁目店",
        "capacity": 12,
        "region_id": "4",
        "station_id": "00002266"
      },
      "geometry": {
        "type": "Point",
        "coordinates": [
          139.804087,
          35.67517
        ]
      }
    },
    {
      "type": "Feature",
      "properties": {
        "lat": 35.68832,
        "lon": 139.828829,
        "name": "H1-204.大島四丁目団地2",
        "capacity": 8,
        "region_id": "4",
        "station_id": "00002318"
      },
      "geometry": {
        "type": "Point",
        "coordinates": [
          139.828829,
          35.68832
        ]
      }
    },
    {
      "type": "Feature",
      "properties": {
        "lat": 35.688236,
        "lon": 139.827711,
        "name": "H1-205.大島四丁目団地3",
        "capacity": 9,
        "region_id": "4",
        "station_id": "00002319"
      },
      "geometry": {
        "type": "Point",
        "coordinates": [
          139.827711,
          35.688236
        ]
      }
    },
    {
      "type": "Feature",
      "properties": {
        "lat": 35.683866,
        "lon": 139.831809,
        "name": "H1-206.北砂5丁目団地2",
        "capacity": 5,
        "region_id": "4",
        "station_id": "00002320"
      },
      "geometry": {
        "type": "Point",
        "coordinates": [
          139.831809,
          35.683866
        ]
      }
    },
    {
      "type": "Feature",
      "properties": {
        "lat": 35.68023,
        "lon": 139.834836,
        "name": "H1-207.砂銀ビル",
        "capacity": 6,
        "region_id": "4",
        "station_id": "00002431"
      },
      "geometry": {
        "type": "Point",
        "coordinates": [
          139.834836,
          35.68023
        ]
      }
    },
    {
      "type": "Feature",
      "properties": {
        "lat": 35.647081,
        "lon": 139.825297,
        "name": "H1-208.夢の島緑道公園",
        "capacity": 10,
        "region_id": "4",
        "station_id": "00002429"
      },
      "geometry": {
        "type": "Point",
        "coordinates": [
          139.825297,
          35.647081
        ]
      }
    },
    {
      "type": "Feature",
      "properties": {
        "lat": 35.689055,
        "lon": 139.795204,
        "name": "H1-209.飯塚 新大橋3丁目",
        "capacity": 13,
        "region_id": "4",
        "station_id": "00002588"
      },
      "geometry": {
        "type": "Point",
        "coordinates": [
          139.795204,
          35.689055
        ]
      }
    },
    {
      "type": "Feature",
      "properties": {
        "lat": 35.646041,
        "lon": 139.804495,
        "name": "H1-21.UR東雲キャナルコート",
        "capacity": 20,
        "region_id": "4",
        "station_id": "00010112"
      },
      "geometry": {
        "type": "Point",
        "coordinates": [
          139.804495,
          35.646041
        ]
      }
    },
    {
      "type": "Feature",
      "properties": {
        "lat": 35.668945,
        "lon": 139.806387,
        "name": "H1-211.フェイストーキョー",
        "capacity": 1,
        "region_id": "4",
        "station_id": "00002897"
      },
      "geometry": {
        "type": "Point",
        "coordinates": [
          139.806387,
          35.668945
        ]
      }
    },
    {
      "type": "Feature",
      "properties": {
        "lat": 35.677542,
        "lon": 139.843651,
        "name": "H1-212.セブン‐イレブン 江東東砂3丁目",
        "capacity": 15,
        "region_id": "4",
        "station_id": "00002898"
      },
      "geometry": {
        "type": "Point",
        "coordinates": [
          139.843651,
          35.677542
        ]
      }
    },
    {
      "type": "Feature",
      "properties": {
        "lat": 35.699273,
        "lon": 139.842912,
        "name": "H1-213.亀戸九丁目住宅",
        "capacity": 22,
        "region_id": "4",
        "station_id": "00002962"
      },
      "geometry": {
        "type": "Point",
        "coordinates": [
          139.842912,
          35.699273
        ]
      }
    },
    {
      "type": "Feature",
      "properties": {
        "lat": 35.70207,
        "lon": 139.82654,
        "name": "H1-214.EC KAMEIDO TOKYO EAST1",
        "capacity": 4,
        "region_id": "4",
        "station_id": "00002997"
      },
      "geometry": {
        "type": "Point",
        "coordinates": [
          139.82654,
          35.70207
        ]
      }
    },
    {
      "type": "Feature",
      "properties": {
        "lat": 35.70208,
        "lon": 139.82641,
        "name": "H1-215.EC KAMEIDO TOKYO EAST2",
        "capacity": 5,
        "region_id": "4",
        "station_id": "00002998"
      },
      "geometry": {
        "type": "Point",
        "coordinates": [
          139.82641,
          35.70208
        ]
      }
    },
    {
      "type": "Feature",
      "properties": {
        "lat": 35.70223,
        "lon": 139.82654,
        "name": "H1-216.EC KAMEIDO TOKYO EAST3",
        "capacity": 2,
        "region_id": "4",
        "station_id": "00003018"
      },
      "geometry": {
        "type": "Point",
        "coordinates": [
          139.82654,
          35.70223
        ]
      }
    },
    {
      "type": "Feature",
      "properties": {
        "lat": 35.669326,
        "lon": 139.798812,
        "name": "H1-217.株式会社前川製作所（東側）",
        "capacity": 10,
        "region_id": "4",
        "station_id": "00003084"
      },
      "geometry": {
        "type": "Point",
        "coordinates": [
          139.798812,
          35.669326
        ]
      }
    },
    {
      "type": "Feature",
      "properties": {
        "lat": 35.69406,
        "lon": 139.82113,
        "name": "H1-218.リアルテ錦糸町",
        "capacity": 6,
        "region_id": "4",
        "station_id": "00003190"
      },
      "geometry": {
        "type": "Point",
        "coordinates": [
          139.82113,
          35.69406
        ]
      }
    },
    {
      "type": "Feature",
      "properties": {
        "lat": 35.640641,
        "lon": 139.802961,
        "name": "H1-219.東雲駅北",
        "capacity": 20,
        "region_id": "4",
        "station_id": "00003322"
      },
      "geometry": {
        "type": "Point",
        "coordinates": [
          139.802961,
          35.640641
        ]
      }
    },
    {
      "type": "Feature",
      "properties": {
        "lat": 35.6447,
        "lon": 139.784512,
        "name": "H1-22.豊洲市場（7街区）",
        "capacity": 71,
        "region_id": "4",
        "station_id": "00010780"
      },
      "geometry": {
        "type": "Point",
        "coordinates": [
          139.784512,
          35.6447
        ]
      }
    },
    {
      "type": "Feature",
      "properties": {
        "lat": 35.679067,
        "lon": 139.834364,
        "name": "H1-220.モノボックス北砂",
        "capacity": 5,
        "region_id": "4",
        "station_id": "00003403"
      },
      "geometry": {
        "type": "Point",
        "coordinates": [
          139.834364,
          35.679067
        ]
      }
    },
    {
      "type": "Feature",
      "properties": {
        "lat": 35.69217,
        "lon": 139.84357,
        "name": "H1-221.宇井ビル",
        "capacity": 5,
        "region_id": "4",
        "station_id": "00003375"
      },
      "geometry": {
        "type": "Point",
        "coordinates": [
          139.84357,
          35.69217
        ]
      }
    },
    {
      "type": "Feature",
      "properties": {
        "lat": 35.68765,
        "lon": 139.79622,
        "name": "H1-222.遠萬ビル",
        "capacity": 5,
        "region_id": "4",
        "station_id": "00003374"
      },
      "geometry": {
        "type": "Point",
        "coordinates": [
          139.79622,
          35.68765
        ]
      }
    },
    {
      "type": "Feature",
      "properties": {
        "lat": 35.690605,
        "lon": 139.792985,
        "name": "H1-223.グラン森下イーストレジデンス",
        "capacity": 5,
        "region_id": "4",
        "station_id": "00003360"
      },
      "geometry": {
        "type": "Point",
        "coordinates": [
          139.792985,
          35.690605
        ]
      }
    },
    {
      "type": "Feature",
      "properties": {
        "lat": 35.638498,
        "lon": 139.785175,
        "name": "H1-224.ライブドアアーバンスポーツパーク西",
        "capacity": 8,
        "region_id": "4",
        "station_id": "00003401"
      },
      "geometry": {
        "type": "Point",
        "coordinates": [
          139.785175,
          35.638498
        ]
      }
    },
    {
      "type": "Feature",
      "properties": {
        "lat": 35.640311,
        "lon": 139.788022,
        "name": "H1-225.ライブドアアーバンスポーツパーク東",
        "capacity": 8,
        "region_id": "4",
        "station_id": "00003402"
      },
      "geometry": {
        "type": "Point",
        "coordinates": [
          139.788022,
          35.640311
        ]
      }
    },
    {
      "type": "Feature",
      "properties": {
        "lat": 35.686442,
        "lon": 139.804161,
        "name": "H1-226.メゾン・ド・マツムラ ",
        "capacity": 6,
        "region_id": "4",
        "station_id": "00003478"
      },
      "geometry": {
        "type": "Point",
        "coordinates": [
          139.804161,
          35.686442
        ]
      }
    },
    {
      "type": "Feature",
      "properties": {
        "lat": 35.686405,
        "lon": 139.803354,
        "name": "H1-227.松村メゾン",
        "capacity": 2,
        "region_id": "4",
        "station_id": "00003477"
      },
      "geometry": {
        "type": "Point",
        "coordinates": [
          139.803354,
          35.686405
        ]
      }
    },
    {
      "type": "Feature",
      "properties": {
        "lat": 35.623609,
        "lon": 139.778782,
        "name": "H1-228.青海交差点",
        "capacity": 7,
        "region_id": "4",
        "station_id": "00003425"
      },
      "geometry": {
        "type": "Point",
        "coordinates": [
          139.778782,
          35.623609
        ]
      }
    },
    {
      "type": "Feature",
      "properties": {
        "lat": 35.648085,
        "lon": 139.798986,
        "name": "H1-23.KDX豊洲グランスクエア",
        "capacity": 43,
        "region_id": "4",
        "station_id": "00010114"
      },
      "geometry": {
        "type": "Point",
        "coordinates": [
          139.798986,
          35.648085
        ]
      }
    },
    {
      "type": "Feature",
      "properties": {
        "lat": 35.626169,
        "lon": 139.78065,
        "name": "H1-230.シティサーキット東京ベイ北",
        "capacity": 18,
        "region_id": "4",
        "station_id": "00003579"
      },
      "geometry": {
        "type": "Point",
        "coordinates": [
          139.78065,
          35.626169
        ]
      }
    },
    {
      "type": "Feature",
      "properties": {
        "lat": 35.62531,
        "lon": 139.78119,
        "name": "H1-231.シティサーキット東京ベイ南",
        "capacity": 7,
        "region_id": "4",
        "station_id": "00003580"
      },
      "geometry": {
        "type": "Point",
        "coordinates": [
          139.78119,
          35.62531
        ]
      }
    },
    {
      "type": "Feature",
      "properties": {
        "lat": 35.655522,
        "lon": 139.797354,
        "name": "H1-232.豊洲センタービルアネックス",
        "capacity": 33,
        "region_id": "4",
        "station_id": "00003769"
      },
      "geometry": {
        "type": "Point",
        "coordinates": [
          139.797354,
          35.655522
        ]
      }
    },
    {
      "type": "Feature",
      "properties": {
        "lat": 35.687509,
        "lon": 139.803899,
        "name": "H1-233.N’sパークレジデンス森下",
        "capacity": 9,
        "region_id": "4",
        "station_id": "00003792"
      },
      "geometry": {
        "type": "Point",
        "coordinates": [
          139.803899,
          35.687509
        ]
      }
    },
    {
      "type": "Feature",
      "properties": {
        "lat": 35.670479,
        "lon": 139.807468,
        "name": "H1-234.グランス木場公園",
        "capacity": 1,
        "region_id": "4",
        "station_id": "00003791"
      },
      "geometry": {
        "type": "Point",
        "coordinates": [
          139.807468,
          35.670479
        ]
      }
    },
    {
      "type": "Feature",
      "properties": {
        "lat": 35.642047,
        "lon": 139.82548,
        "name": "H1-235.三井リンクラボ新木場3",
        "capacity": 10,
        "region_id": "4",
        "station_id": "00003788"
      },
      "geometry": {
        "type": "Point",
        "coordinates": [
          139.82548,
          35.642047
        ]
      }
    },
    {
      "type": "Feature",
      "properties": {
        "lat": 35.678107,
        "lon": 139.838687,
        "name": "H1-236.愛育メディカルセンター",
        "capacity": 13,
        "region_id": "4",
        "station_id": "00004165"
      },
      "geometry": {
        "type": "Point",
        "coordinates": [
          139.838687,
          35.678107
        ]
      }
    },
    {
      "type": "Feature",
      "properties": {
        "lat": 35.69561,
        "lon": 139.8316,
        "name": "H1-237.アルテシモリンク コモド",
        "capacity": 4,
        "region_id": "4",
        "station_id": "00003894"
      },
      "geometry": {
        "type": "Point",
        "coordinates": [
          139.8316,
          35.69561
        ]
      }
    },
    {
      "type": "Feature",
      "properties": {
        "lat": 35.672416,
        "lon": 139.814681,
        "name": "H1-238.パークホームズ東陽町",
        "capacity": 6,
        "region_id": "4",
        "station_id": "00003893"
      },
      "geometry": {
        "type": "Point",
        "coordinates": [
          139.814681,
          35.672416
        ]
      }
    },
    {
      "type": "Feature",
      "properties": {
        "lat": 35.650699,
        "lon": 139.829178,
        "name": "H1-240.夢の島熱帯植物館",
        "capacity": 6,
        "region_id": "4",
        "station_id": "00004035"
      },
      "geometry": {
        "type": "Point",
        "coordinates": [
          139.829178,
          35.650699
        ]
      }
    },
    {
      "type": "Feature",
      "properties": {
        "lat": 35.69062,
        "lon": 139.84143,
        "name": "H1-241.LUMEED大島",
        "capacity": 4,
        "region_id": "4",
        "station_id": "00004203"
      },
      "geometry": {
        "type": "Point",
        "coordinates": [
          139.84143,
          35.69062
        ]
      }
    },
    {
      "type": "Feature",
      "properties": {
        "lat": 35.672199,
        "lon": 139.803232,
        "name": "H1-242.木場MAビル",
        "capacity": 10,
        "region_id": "4",
        "station_id": "00004176"
      },
      "geometry": {
        "type": "Point",
        "coordinates": [
          139.803232,
          35.672199
        ]
      }
    },
    {
      "type": "Feature",
      "properties": {
        "lat": 35.653613,
        "lon": 139.7937,
        "name": "H1-243.豊洲公園",
        "capacity": 9,
        "region_id": "4",
        "station_id": "00004181"
      },
      "geometry": {
        "type": "Point",
        "coordinates": [
          139.7937,
          35.653613
        ]
      }
    },
    {
      "type": "Feature",
      "properties": {
        "lat": 35.682288,
        "lon": 139.80473,
        "name": "H1-244.白河3丁目",
        "capacity": 13,
        "region_id": "4",
        "station_id": "00004364"
      },
      "geometry": {
        "type": "Point",
        "coordinates": [
          139.80473,
          35.682288
        ]
      }
    },
    {
      "type": "Feature",
      "properties": {
        "lat": 35.617172,
        "lon": 139.795161,
        "name": "H1-245.東京港フェリーターミナル",
        "capacity": 16,
        "region_id": "4",
        "station_id": "00004202"
      },
      "geometry": {
        "type": "Point",
        "coordinates": [
          139.795161,
          35.617172
        ]
      }
    },
    {
      "type": "Feature",
      "properties": {
        "lat": 35.682249,
        "lon": 139.799937,
        "name": "H1-246.白河1丁目　大和物産　非常階段下",
        "capacity": 1,
        "region_id": "4",
        "station_id": "00004363"
      },
      "geometry": {
        "type": "Point",
        "coordinates": [
          139.799937,
          35.682249
        ]
      }
    },
    {
      "type": "Feature",
      "properties": {
        "lat": 35.640881,
        "lon": 139.788577,
        "name": "H1-247.有明親水海浜公園",
        "capacity": 21,
        "region_id": "4",
        "station_id": "00004496"
      },
      "geometry": {
        "type": "Point",
        "coordinates": [
          139.788577,
          35.640881
        ]
      }
    },
    {
      "type": "Feature",
      "properties": {
        "lat": 35.651979,
        "lon": 139.808412,
        "name": "H1-248.STビル辰巳別館",
        "capacity": 4,
        "region_id": "4",
        "station_id": "00004530"
      },
      "geometry": {
        "type": "Point",
        "coordinates": [
          139.808412,
          35.651979
        ]
      }
    },
    {
      "type": "Feature",
      "properties": {
        "lat": 35.690434,
        "lon": 139.828789,
        "name": "H1-249.AXAS-IARETH西大島",
        "capacity": 9,
        "region_id": "4",
        "station_id": "00004543"
      },
      "geometry": {
        "type": "Point",
        "coordinates": [
          139.828789,
          35.690434
        ]
      }
    },
    {
      "type": "Feature",
      "properties": {
        "lat": 35.656808,
        "lon": 139.818196,
        "name": "H1-250.THE PREMIUM CUBE G 潮見",
        "capacity": 15,
        "region_id": "4",
        "station_id": "00004663"
      },
      "geometry": {
        "type": "Point",
        "coordinates": [
          139.818196,
          35.656808
        ]
      }
    },
    {
      "type": "Feature",
      "properties": {
        "lat": 35.67777,
        "lon": 139.80549,
        "name": "H1-251.レオーネ清澄白河",
        "capacity": 15,
        "region_id": "4",
        "station_id": "00004532"
      },
      "geometry": {
        "type": "Point",
        "coordinates": [
          139.80549,
          35.67777
        ]
      }
    },
    {
      "type": "Feature",
      "properties": {
        "lat": 35.665379,
        "lon": 139.795407,
        "name": "H1-252.東日印刷",
        "capacity": 4,
        "region_id": "4",
        "station_id": "00004607"
      },
      "geometry": {
        "type": "Point",
        "coordinates": [
          139.795407,
          35.665379
        ]
      }
    },
    {
      "type": "Feature",
      "properties": {
        "lat": 35.68166,
        "lon": 139.81723,
        "name": "H1-253.レピュア住吉レジデンス",
        "capacity": 4,
        "region_id": "4",
        "station_id": "00004608"
      },
      "geometry": {
        "type": "Point",
        "coordinates": [
          139.81723,
          35.68166
        ]
      }
    },
    {
      "type": "Feature",
      "properties": {
        "lat": 35.700489,
        "lon": 139.834021,
        "name": "H1-254.メインステージ亀戸Ⅱ",
        "capacity": 6,
        "region_id": "4",
        "station_id": "00004697"
      },
      "geometry": {
        "type": "Point",
        "coordinates": [
          139.834021,
          35.700489
        ]
      }
    },
    {
      "type": "Feature",
      "properties": {
        "lat": 35.647402,
        "lon": 139.818409,
        "name": "H1-255.東京辰巳アイスアリーナ",
        "capacity": 6,
        "region_id": "4",
        "station_id": "00004632"
      },
      "geometry": {
        "type": "Point",
        "coordinates": [
          139.818409,
          35.647402
        ]
      }
    },
    {
      "type": "Feature",
      "properties": {
        "lat": 35.675586,
        "lon": 139.82107,
        "name": "H1-256.南砂2丁目",
        "capacity": 21,
        "region_id": "4",
        "station_id": "00004631"
      },
      "geometry": {
        "type": "Point",
        "coordinates": [
          139.82107,
          35.675586
        ]
      }
    },
    {
      "type": "Feature",
      "properties": {
        "lat": 35.6708,
        "lon": 139.80452,
        "name": "H1-257.AXAS木場Asylcourt",
        "capacity": 5,
        "region_id": "4",
        "station_id": "00004695"
      },
      "geometry": {
        "type": "Point",
        "coordinates": [
          139.80452,
          35.6708
        ]
      }
    },
    {
      "type": "Feature",
      "properties": {
        "lat": 35.627376,
        "lon": 139.783094,
        "name": "H1-258.TOYOTA ARENA TOKYO",
        "capacity": 19,
        "region_id": "4",
        "station_id": "00004794"
      },
      "geometry": {
        "type": "Point",
        "coordinates": [
          139.783094,
          35.627376
        ]
      }
    },
    {
      "type": "Feature",
      "properties": {
        "lat": 35.657571,
        "lon": 139.817351,
        "name": "H1-259.潮見駅前プラザ二番街",
        "capacity": 10,
        "region_id": "4",
        "station_id": "00004765"
      },
      "geometry": {
        "type": "Point",
        "coordinates": [
          139.817351,
          35.657571
        ]
      }
    },
    {
      "type": "Feature",
      "properties": {
        "lat": 35.619234,
        "lon": 139.774485,
        "name": "H1-26.青海客船ターミナル",
        "capacity": 14,
        "region_id": "4",
        "station_id": "00010120"
      },
      "geometry": {
        "type": "Point",
        "coordinates": [
          139.774485,
          35.619234
        ]
      }
    },
    {
      "type": "Feature",
      "properties": {
        "lat": 35.704418,
        "lon": 139.82695,
        "name": "H1-261.クレヴィスタ亀戸Ⅱ",
        "capacity": 7,
        "region_id": "4",
        "station_id": "00004893"
      },
      "geometry": {
        "type": "Point",
        "coordinates": [
          139.82695,
          35.704418
        ]
      }
    },
    {
      "type": "Feature",
      "properties": {
        "lat": 35.673552,
        "lon": 139.799022,
        "name": "H1-262.セブン‐イレブン江東深川２丁目店",
        "capacity": 7,
        "region_id": "4",
        "station_id": "00004927"
      },
      "geometry": {
        "type": "Point",
        "coordinates": [
          139.799022,
          35.673552
        ]
      }
    },
    {
      "type": "Feature",
      "properties": {
        "lat": 35.617808,
        "lon": 139.780488,
        "name": "H1-263.テレコムセンタービル",
        "capacity": 3,
        "region_id": "4",
        "station_id": "00004935"
      },
      "geometry": {
        "type": "Point",
        "coordinates": [
          139.780488,
          35.617808
        ]
      }
    },
    {
      "type": "Feature",
      "properties": {
        "lat": 35.630471,
        "lon": 139.793038,
        "name": "H1-264.東京ビッグサイト第2",
        "capacity": 6,
        "region_id": "4",
        "station_id": "00004936"
      },
      "geometry": {
        "type": "Point",
        "coordinates": [
          139.793038,
          35.630471
        ]
      }
    },
    {
      "type": "Feature",
      "properties": {
        "lat": 35.69591,
        "lon": 139.8303,
        "name": "H1-265.AXAS東京EAST",
        "capacity": 4,
        "region_id": "4",
        "station_id": "00004976"
      },
      "geometry": {
        "type": "Point",
        "coordinates": [
          139.8303,
          35.69591
        ]
      }
    },
    {
      "type": "Feature",
      "properties": {
        "lat": 35.653222,
        "lon": 139.81181,
        "name": "H1-266.ポルシェサービスセンター東京ベイ辰巳",
        "capacity": 1,
        "region_id": "4",
        "station_id": "00005040"
      },
      "geometry": {
        "type": "Point",
        "coordinates": [
          139.81181,
          35.653222
        ]
      }
    },
    {
      "type": "Feature",
      "properties": {
        "lat": 35.669582,
        "lon": 139.812965,
        "name": "H1-267.東陽3丁目駐輪場",
        "capacity": 21,
        "region_id": "4",
        "station_id": "00005362"
      },
      "geometry": {
        "type": "Point",
        "coordinates": [
          139.812965,
          35.669582
        ]
      }
    },
    {
      "type": "Feature",
      "properties": {
        "lat": 35.657154,
        "lon": 139.793505,
        "name": "H1-268.豊洲セイルパーク",
        "capacity": 22,
        "region_id": "4",
        "station_id": "00005209"
      },
      "geometry": {
        "type": "Point",
        "coordinates": [
          139.793505,
          35.657154
        ]
      }
    },
    {
      "type": "Feature",
      "properties": {
        "lat": 35.669606,
        "lon": 139.812447,
        "name": "H1-269.サンヤマトパーキング",
        "capacity": 15,
        "region_id": "4",
        "station_id": "00005319"
      },
      "geometry": {
        "type": "Point",
        "coordinates": [
          139.812447,
          35.669606
        ]
      }
    },
    {
      "type": "Feature",
      "properties": {
        "lat": 35.624467,
        "lon": 139.781305,
        "name": "H1-27.パレットタウン乗船場",
        "capacity": 10,
        "region_id": "4",
        "station_id": "00010121"
      },
      "geometry": {
        "type": "Point",
        "coordinates": [
          139.781305,
          35.624467
        ]
      }
    },
    {
      "type": "Feature",
      "properties": {
        "lat": 35.683041,
        "lon": 139.814119,
        "name": "H1-270.メイクスデザイン住吉アジールコート",
        "capacity": 2,
        "region_id": "4",
        "station_id": "00005339"
      },
      "geometry": {
        "type": "Point",
        "coordinates": [
          139.814119,
          35.683041
        ]
      }
    },
    {
      "type": "Feature",
      "properties": {
        "lat": 35.678873,
        "lon": 139.809968,
        "name": "H1-271.シャルール木場公園",
        "capacity": 1,
        "region_id": "4",
        "station_id": "00005364"
      },
      "geometry": {
        "type": "Point",
        "coordinates": [
          139.809968,
          35.678873
        ]
      }
    },
    {
      "type": "Feature",
      "properties": {
        "lat": 35.700699,
        "lon": 139.832079,
        "name": "H1-272.リパーク亀戸5丁目",
        "capacity": 38,
        "region_id": "4",
        "station_id": "00005437"
      },
      "geometry": {
        "type": "Point",
        "coordinates": [
          139.832079,
          35.700699
        ]
      }
    },
    {
      "type": "Feature",
      "properties": {
        "lat": 35.662433,
        "lon": 139.813231,
        "name": "H1-273.ヴェッセル木場南2",
        "capacity": 6,
        "region_id": "4",
        "station_id": "00005414"
      },
      "geometry": {
        "type": "Point",
        "coordinates": [
          139.813231,
          35.662433
        ]
      }
    },
    {
      "type": "Feature",
      "properties": {
        "lat": 35.686639,
        "lon": 139.806556,
        "name": "H1-274.LUMEED CUBE 菊川 PREMIUM",
        "capacity": 4,
        "region_id": "4",
        "station_id": "00005438"
      },
      "geometry": {
        "type": "Point",
        "coordinates": [
          139.806556,
          35.686639
        ]
      }
    },
    {
      "type": "Feature",
      "properties": {
        "lat": 35.649289,
        "lon": 139.80117,
        "name": "H1-275.ル・リオン豊洲ウォーターフロント　A",
        "capacity": 1,
        "region_id": "4",
        "station_id": "00005407"
      },
      "geometry": {
        "type": "Point",
        "coordinates": [
          139.80117,
          35.649289
        ]
      }
    },
    {
      "type": "Feature",
      "properties": {
        "lat": 35.649192,
        "lon": 139.801171,
        "name": "H1-276.ル・リオン豊洲ウォーターフロント　B",
        "capacity": 2,
        "region_id": "4",
        "station_id": "00005408"
      },
      "geometry": {
        "type": "Point",
        "coordinates": [
          139.801171,
          35.649192
        ]
      }
    },
    {
      "type": "Feature",
      "properties": {
        "lat": 35.649192,
        "lon": 139.80104,
        "name": "H1-277.ル・リオン豊洲ウォーターフロント　C",
        "capacity": 26,
        "region_id": "4",
        "station_id": "00005409"
      },
      "geometry": {
        "type": "Point",
        "coordinates": [
          139.80104,
          35.649192
        ]
      }
    },
    {
      "type": "Feature",
      "properties": {
        "lat": 35.673329,
        "lon": 139.800451,
        "name": "H1-278.AXAS門前仲町レジデンス",
        "capacity": 4,
        "region_id": "4",
        "station_id": "00005410"
      },
      "geometry": {
        "type": "Point",
        "coordinates": [
          139.800451,
          35.673329
        ]
      }
    },
    {
      "type": "Feature",
      "properties": {
        "lat": 35.657341,
        "lon": 139.809105,
        "name": "H1-279.ベイフレール枝川",
        "capacity": 4,
        "region_id": "4",
        "station_id": "00005542"
      },
      "geometry": {
        "type": "Point",
        "coordinates": [
          139.809105,
          35.657341
        ]
      }
    },
    {
      "type": "Feature",
      "properties": {
        "lat": 35.630063,
        "lon": 139.792209,
        "name": "H1-28.有明客船ターミナル",
        "capacity": 10,
        "region_id": "4",
        "station_id": "00010122"
      },
      "geometry": {
        "type": "Point",
        "coordinates": [
          139.792209,
          35.630063
        ]
      }
    },
    {
      "type": "Feature",
      "properties": {
        "lat": 35.669744,
        "lon": 139.842081,
        "name": "H1-280.広和自動車",
        "capacity": 12,
        "region_id": "4",
        "station_id": "00005523"
      },
      "geometry": {
        "type": "Point",
        "coordinates": [
          139.842081,
          35.669744
        ]
      }
    },
    {
      "type": "Feature",
      "properties": {
        "lat": 35.658141,
        "lon": 139.807419,
        "name": "H1-281.枝川第1駐車場",
        "capacity": 18,
        "region_id": "4",
        "station_id": "00005544"
      },
      "geometry": {
        "type": "Point",
        "coordinates": [
          139.807419,
          35.658141
        ]
      }
    },
    {
      "type": "Feature",
      "properties": {
        "lat": 35.656434,
        "lon": 139.805759,
        "name": "H1-282.コンフォリア・リヴ豊洲キャナル",
        "capacity": 3,
        "region_id": "4",
        "station_id": "00005541"
      },
      "geometry": {
        "type": "Point",
        "coordinates": [
          139.805759,
          35.656434
        ]
      }
    },
    {
      "type": "Feature",
      "properties": {
        "lat": 35.672616,
        "lon": 139.803523,
        "name": "H1-283.木場（３）駐車場-①",
        "capacity": 10,
        "region_id": "4",
        "station_id": "00005563"
      },
      "geometry": {
        "type": "Point",
        "coordinates": [
          139.803523,
          35.672616
        ]
      }
    },
    {
      "type": "Feature",
      "properties": {
        "lat": 35.67235,
        "lon": 139.803515,
        "name": "H1-284.木場（３）駐車場-②",
        "capacity": 5,
        "region_id": "4",
        "station_id": "00005564"
      },
      "geometry": {
        "type": "Point",
        "coordinates": [
          139.803515,
          35.67235
        ]
      }
    },
    {
      "type": "Feature",
      "properties": {
        "lat": 35.647618,
        "lon": 139.792152,
        "name": "H1-29.スカイズタワー＆ガーデン",
        "capacity": 30,
        "region_id": "4",
        "station_id": "00010147"
      },
      "geometry": {
        "type": "Point",
        "coordinates": [
          139.792152,
          35.647618
        ]
      }
    },
    {
      "type": "Feature",
      "properties": {
        "lat": 35.67338,
        "lon": 139.8164,
        "name": "H1-30.江東区役所（北側）",
        "capacity": 13,
        "region_id": "4",
        "station_id": "00010074"
      },
      "geometry": {
        "type": "Point",
        "coordinates": [
          139.8164,
          35.67338
        ]
      }
    },
    {
      "type": "Feature",
      "properties": {
        "lat": 35.67214,
        "lon": 139.8166,
        "name": "H1-31.江東区役所（南側）",
        "capacity": 18,
        "region_id": "4",
        "station_id": "00010076"
      },
      "geometry": {
        "type": "Point",
        "coordinates": [
          139.8166,
          35.67214
        ]
      }
    },
    {
      "type": "Feature",
      "properties": {
        "lat": 35.664591,
        "lon": 139.813954,
        "name": "H1-32.区営塩浜住宅前",
        "capacity": 22,
        "region_id": "4",
        "station_id": "00010115"
      },
      "geometry": {
        "type": "Point",
        "coordinates": [
          139.813954,
          35.664591
        ]
      }
    },
    {
      "type": "Feature",
      "properties": {
        "lat": 35.66789,
        "lon": 139.803,
        "name": "H1-33.深川ギャザリア（ウエストスクエア）",
        "capacity": 16,
        "region_id": "4",
        "station_id": "00010116"
      },
      "geometry": {
        "type": "Point",
        "coordinates": [
          139.803,
          35.66789
        ]
      }
    },
    {
      "type": "Feature",
      "properties": {
        "lat": 35.67391,
        "lon": 139.796165,
        "name": "H1-34.門前仲町駅",
        "capacity": 49,
        "region_id": "4",
        "station_id": "00010167"
      },
      "geometry": {
        "type": "Point",
        "coordinates": [
          139.796165,
          35.67391
        ]
      }
    },
    {
      "type": "Feature",
      "properties": {
        "lat": 35.652376,
        "lon": 139.797724,
        "name": "H1-35.ヒューリック豊洲プライムスクエア",
        "capacity": 29,
        "region_id": "4",
        "station_id": "00010174"
      },
      "geometry": {
        "type": "Point",
        "coordinates": [
          139.797724,
          35.652376
        ]
      }
    },
    {
      "type": "Feature",
      "properties": {
        "lat": 35.66605,
        "lon": 139.806699,
        "name": "H1-36.フジゴルフセンター",
        "capacity": 16,
        "region_id": "4",
        "station_id": "00010193"
      },
      "geometry": {
        "type": "Point",
        "coordinates": [
          139.806699,
          35.66605
        ]
      }
    },
    {
      "type": "Feature",
      "properties": {
        "lat": 35.646857,
        "lon": 139.808912,
        "name": "H1-38.辰巳駅西口自転車駐車場",
        "capacity": 88,
        "region_id": "4",
        "station_id": "00010206"
      },
      "geometry": {
        "type": "Point",
        "coordinates": [
          139.808912,
          35.646857
        ]
      }
    },
    {
      "type": "Feature",
      "properties": {
        "lat": 35.645823,
        "lon": 139.812178,
        "name": "H1-39.辰巳駅東口自転車駐車場",
        "capacity": 26,
        "region_id": "4",
        "station_id": "00010207"
      },
      "geometry": {
        "type": "Point",
        "coordinates": [
          139.812178,
          35.645823
        ]
      }
    },
    {
      "type": "Feature",
      "properties": {
        "lat": 35.674076,
        "lon": 139.795008,
        "name": "H1-40.深川東京モダン館",
        "capacity": 1,
        "region_id": "4",
        "station_id": "00010209"
      },
      "geometry": {
        "type": "Point",
        "coordinates": [
          139.795008,
          35.674076
        ]
      }
    },
    {
      "type": "Feature",
      "properties": {
        "lat": 35.676475,
        "lon": 139.804741,
        "name": "H1-41.深川北スポーツセンター",
        "capacity": 12,
        "region_id": "4",
        "station_id": "00010212"
      },
      "geometry": {
        "type": "Point",
        "coordinates": [
          139.804741,
          35.676475
        ]
      }
    },
    {
      "type": "Feature",
      "properties": {
        "lat": 35.675639,
        "lon": 139.815255,
        "name": "H1-43.東京イースト21",
        "capacity": 12,
        "region_id": "4",
        "station_id": "00010215"
      },
      "geometry": {
        "type": "Point",
        "coordinates": [
          139.815255,
          35.675639
        ]
      }
    },
    {
      "type": "Feature",
      "properties": {
        "lat": 35.648726,
        "lon": 139.790877,
        "name": "H1-44.テプコ豊洲ビル",
        "capacity": 25,
        "region_id": "4",
        "station_id": "00010223"
      },
      "geometry": {
        "type": "Point",
        "coordinates": [
          139.790877,
          35.648726
        ]
      }
    },
    {
      "type": "Feature",
      "properties": {
        "lat": 35.648596,
        "lon": 139.824936,
        "name": "H1-45.夢の島競技場",
        "capacity": 19,
        "region_id": "4",
        "station_id": "00010224"
      },
      "geometry": {
        "type": "Point",
        "coordinates": [
          139.824936,
          35.648596
        ]
      }
    },
    {
      "type": "Feature",
      "properties": {
        "lat": 35.659287,
        "lon": 139.807358,
        "name": "H1-46.セブン-イレブン 江東枝川2丁目店",
        "capacity": 18,
        "region_id": "4",
        "station_id": "00010264"
      },
      "geometry": {
        "type": "Point",
        "coordinates": [
          139.807358,
          35.659287
        ]
      }
    },
    {
      "type": "Feature",
      "properties": {
        "lat": 35.672481,
        "lon": 139.835877,
        "name": "H1-47.トピレックプラザ",
        "capacity": 16,
        "region_id": "4",
        "station_id": "00010266"
      },
      "geometry": {
        "type": "Point",
        "coordinates": [
          139.835877,
          35.672481
        ]
      }
    },
    {
      "type": "Feature",
      "properties": {
        "lat": 35.658249,
        "lon": 139.815775,
        "name": "H1-48.セブン-イレブン 江東潮見２丁目店",
        "capacity": 10,
        "region_id": "4",
        "station_id": "00010271"
      },
      "geometry": {
        "type": "Point",
        "coordinates": [
          139.815775,
          35.658249
        ]
      }
    },
    {
      "type": "Feature",
      "properties": {
        "lat": 35.667892,
        "lon": 139.8311,
        "name": "H1-49.セブン-イレブン 江東新砂３丁目店",
        "capacity": 13,
        "region_id": "4",
        "station_id": "00010272"
      },
      "geometry": {
        "type": "Point",
        "coordinates": [
          139.8311,
          35.667892
        ]
      }
    },
    {
      "type": "Feature",
      "properties": {
        "lat": 35.655457,
        "lon": 139.795161,
        "name": "H1-50.豊洲交通広場　北",
        "capacity": 58,
        "region_id": "4",
        "station_id": "00010275"
      },
      "geometry": {
        "type": "Point",
        "coordinates": [
          139.795161,
          35.655457
        ]
      }
    },
    {
      "type": "Feature",
      "properties": {
        "lat": 35.654958,
        "lon": 139.795718,
        "name": "H1-51.豊洲交通広場　東",
        "capacity": 52,
        "region_id": "4",
        "station_id": "00010276"
      },
      "geometry": {
        "type": "Point",
        "coordinates": [
          139.795718,
          35.654958
        ]
      }
    },
    {
      "type": "Feature",
      "properties": {
        "lat": 35.646756,
        "lon": 139.809295,
        "name": "H1-52.辰巳駅",
        "capacity": 57,
        "region_id": "4",
        "station_id": "00010277"
      },
      "geometry": {
        "type": "Point",
        "coordinates": [
          139.809295,
          35.646756
        ]
      }
    },
    {
      "type": "Feature",
      "properties": {
        "lat": 35.653991,
        "lon": 139.795513,
        "name": "H1-53.豊洲シビックセンター",
        "capacity": 19,
        "region_id": "4",
        "station_id": "00010278"
      },
      "geometry": {
        "type": "Point",
        "coordinates": [
          139.795513,
          35.653991
        ]
      }
    },
    {
      "type": "Feature",
      "properties": {
        "lat": 35.680052,
        "lon": 139.831874,
        "name": "H1-54.砂町文化センター",
        "capacity": 22,
        "region_id": "4",
        "station_id": "00010293"
      },
      "geometry": {
        "type": "Point",
        "coordinates": [
          139.831874,
          35.680052
        ]
      }
    },
    {
      "type": "Feature",
      "properties": {
        "lat": 35.681089,
        "lon": 139.800777,
        "name": "H1-55.深川江戸資料館",
        "capacity": 15,
        "region_id": "4",
        "station_id": "00010294"
      },
      "geometry": {
        "type": "Point",
        "coordinates": [
          139.800777,
          35.681089
        ]
      }
    },
    {
      "type": "Feature",
      "properties": {
        "lat": 35.672361,
        "lon": 139.829825,
        "name": "H1-56.南砂三丁目緑地公園西",
        "capacity": 20,
        "region_id": "4",
        "station_id": "00010299"
      },
      "geometry": {
        "type": "Point",
        "coordinates": [
          139.829825,
          35.672361
        ]
      }
    },
    {
      "type": "Feature",
      "properties": {
        "lat": 35.64508,
        "lon": 139.826456,
        "name": "H1-57.新木場駅",
        "capacity": 61,
        "region_id": "4",
        "station_id": "00010300"
      },
      "geometry": {
        "type": "Point",
        "coordinates": [
          139.826456,
          35.64508
        ]
      }
    },
    {
      "type": "Feature",
      "properties": {
        "lat": 35.658703,
        "lon": 139.817251,
        "name": "H1-58.潮見駅",
        "capacity": 20,
        "region_id": "4",
        "station_id": "00010301"
      },
      "geometry": {
        "type": "Point",
        "coordinates": [
          139.817251,
          35.658703
        ]
      }
    },
    {
      "type": "Feature",
      "properties": {
        "lat": 35.681316,
        "lon": 139.792176,
        "name": "H1-59.LYURO 東京清澄",
        "capacity": 11,
        "region_id": "4",
        "station_id": "00010308"
      },
      "geometry": {
        "type": "Point",
        "coordinates": [
          139.792176,
          35.681316
        ]
      }
    },
    {
      "type": "Feature",
      "properties": {
        "lat": 35.679678,
        "lon": 139.844892,
        "name": "H1-60.荒川・砂町庭球場西",
        "capacity": 9,
        "region_id": "4",
        "station_id": "00010309"
      },
      "geometry": {
        "type": "Point",
        "coordinates": [
          139.844892,
          35.679678
        ]
      }
    },
    {
      "type": "Feature",
      "properties": {
        "lat": 35.648281,
        "lon": 139.786112,
        "name": "H1-61.Brilliaランニングスタジアムマギーズ東京前",
        "capacity": 13,
        "region_id": "4",
        "station_id": "00010311"
      },
      "geometry": {
        "type": "Point",
        "coordinates": [
          139.786112,
          35.648281
        ]
      }
    },
    {
      "type": "Feature",
      "properties": {
        "lat": 35.683343,
        "lon": 139.812161,
        "name": "H1-62.扇橋一丁目公園南",
        "capacity": 20,
        "region_id": "4",
        "station_id": "00010312"
      },
      "geometry": {
        "type": "Point",
        "coordinates": [
          139.812161,
          35.683343
        ]
      }
    },
    {
      "type": "Feature",
      "properties": {
        "lat": 35.65637,
        "lon": 139.811765,
        "name": "H1-63.東京スイソミル",
        "capacity": 10,
        "region_id": "4",
        "station_id": "00010317"
      },
      "geometry": {
        "type": "Point",
        "coordinates": [
          139.811765,
          35.65637
        ]
      }
    },
    {
      "type": "Feature",
      "properties": {
        "lat": 35.640228,
        "lon": 139.804267,
        "name": "H1-64.ローソン東雲駅前店",
        "capacity": 9,
        "region_id": "4",
        "station_id": "00010343"
      },
      "geometry": {
        "type": "Point",
        "coordinates": [
          139.804267,
          35.640228
        ]
      }
    },
    {
      "type": "Feature",
      "properties": {
        "lat": 35.669507,
        "lon": 139.825553,
        "name": "H1-65.ローソン南砂日曹橋店",
        "capacity": 15,
        "region_id": "4",
        "station_id": "00010344"
      },
      "geometry": {
        "type": "Point",
        "coordinates": [
          139.825553,
          35.669507
        ]
      }
    },
    {
      "type": "Feature",
      "properties": {
        "lat": 35.687732,
        "lon": 139.846383,
        "name": "H1-66.中川船番所資料館",
        "capacity": 7,
        "region_id": "4",
        "station_id": "00010345"
      },
      "geometry": {
        "type": "Point",
        "coordinates": [
          139.846383,
          35.687732
        ]
      }
    },
    {
      "type": "Feature",
      "properties": {
        "lat": 35.69766,
        "lon": 139.843408,
        "name": "H1-67.セブン-イレブン 江東亀戸9丁目店",
        "capacity": 13,
        "region_id": "4",
        "station_id": "00010354"
      },
      "geometry": {
        "type": "Point",
        "coordinates": [
          139.843408,
          35.69766
        ]
      }
    },
    {
      "type": "Feature",
      "properties": {
        "lat": 35.649274,
        "lon": 139.792213,
        "name": "H1-68.芝浦工業大学附属中学高等学校",
        "capacity": 17,
        "region_id": "4",
        "station_id": "00010406"
      },
      "geometry": {
        "type": "Point",
        "coordinates": [
          139.792213,
          35.649274
        ]
      }
    },
    {
      "type": "Feature",
      "properties": {
        "lat": 35.680474,
        "lon": 139.812316,
        "name": "H1-69.ファミリーマート 江東石島店",
        "capacity": 14,
        "region_id": "4",
        "station_id": "00010412"
      },
      "geometry": {
        "type": "Point",
        "coordinates": [
          139.812316,
          35.680474
        ]
      }
    },
    {
      "type": "Feature",
      "properties": {
        "lat": 35.63403,
        "lon": 139.784319,
        "name": "H1-70.有明スポーツセンター",
        "capacity": 16,
        "region_id": "4",
        "station_id": "00010434"
      },
      "geometry": {
        "type": "Point",
        "coordinates": [
          139.784319,
          35.63403
        ]
      }
    },
    {
      "type": "Feature",
      "properties": {
        "lat": 35.674578,
        "lon": 139.797396,
        "name": "H1-72.ネクストサイト深川ビル",
        "capacity": 20,
        "region_id": "4",
        "station_id": "00010472"
      },
      "geometry": {
        "type": "Point",
        "coordinates": [
          139.797396,
          35.674578
        ]
      }
    },
    {
      "type": "Feature",
      "properties": {
        "lat": 35.67386,
        "lon": 139.79976,
        "name": "H1-73.イシマビル",
        "capacity": 8,
        "region_id": "4",
        "station_id": "00010484"
      },
      "geometry": {
        "type": "Point",
        "coordinates": [
          139.79976,
          35.67386
        ]
      }
    },
    {
      "type": "Feature",
      "properties": {
        "lat": 35.63848,
        "lon": 139.832305,
        "name": "H1-74.タダノ教習センター",
        "capacity": 10,
        "region_id": "4",
        "station_id": "00010496"
      },
      "geometry": {
        "type": "Point",
        "coordinates": [
          139.832305,
          35.63848
        ]
      }
    },
    {
      "type": "Feature",
      "properties": {
        "lat": 35.684247,
        "lon": 139.815638,
        "name": "H1-75.ジオ深川住吉",
        "capacity": 12,
        "region_id": "4",
        "station_id": "00010504"
      },
      "geometry": {
        "type": "Point",
        "coordinates": [
          139.815638,
          35.684247
        ]
      }
    },
    {
      "type": "Feature",
      "properties": {
        "lat": 35.638571,
        "lon": 139.78829,
        "name": "H1-76.有明物流センター",
        "capacity": 18,
        "region_id": "4",
        "station_id": "00010512"
      },
      "geometry": {
        "type": "Point",
        "coordinates": [
          139.78829,
          35.638571
        ]
      }
    },
    {
      "type": "Feature",
      "properties": {
        "lat": 35.684641,
        "lon": 139.844243,
        "name": "H1-77.ライフ東砂店",
        "capacity": 14,
        "region_id": "4",
        "station_id": "00010535"
      },
      "geometry": {
        "type": "Point",
        "coordinates": [
          139.844243,
          35.684641
        ]
      }
    },
    {
      "type": "Feature",
      "properties": {
        "lat": 35.645604,
        "lon": 139.834941,
        "name": "H1-78.ローソン新木場一丁目店",
        "capacity": 15,
        "region_id": "4",
        "station_id": "00010427"
      },
      "geometry": {
        "type": "Point",
        "coordinates": [
          139.834941,
          35.645604
        ]
      }
    },
    {
      "type": "Feature",
      "properties": {
        "lat": 35.659829,
        "lon": 139.793243,
        "name": "H1-81.豊洲IHIビル（北側）",
        "capacity": 21,
        "region_id": "4",
        "station_id": "00010558"
      },
      "geometry": {
        "type": "Point",
        "coordinates": [
          139.793243,
          35.659829
        ]
      }
    },
    {
      "type": "Feature",
      "properties": {
        "lat": 35.683514,
        "lon": 139.827081,
        "name": "H1-82.セブンｰイレブン 北砂3丁目明治通り店",
        "capacity": 28,
        "region_id": "4",
        "station_id": "00010561"
      },
      "geometry": {
        "type": "Point",
        "coordinates": [
          139.827081,
          35.683514
        ]
      }
    },
    {
      "type": "Feature",
      "properties": {
        "lat": 35.642165,
        "lon": 139.800439,
        "name": "H1-83.ローソン江東東雲店",
        "capacity": 10,
        "region_id": "4",
        "station_id": "00010557"
      },
      "geometry": {
        "type": "Point",
        "coordinates": [
          139.800439,
          35.642165
        ]
      }
    },
    {
      "type": "Feature",
      "properties": {
        "lat": 35.647091,
        "lon": 139.817333,
        "name": "H1-84.NTT東日本辰巳ビル",
        "capacity": 9,
        "region_id": "4",
        "station_id": "00010556"
      },
      "geometry": {
        "type": "Point",
        "coordinates": [
          139.817333,
          35.647091
        ]
      }
    },
    {
      "type": "Feature",
      "properties": {
        "lat": 35.662514,
        "lon": 139.803694,
        "name": "H1-87.パークアクシス木場キャナルウエスト",
        "capacity": 8,
        "region_id": "4",
        "station_id": "00010619"
      },
      "geometry": {
        "type": "Point",
        "coordinates": [
          139.803694,
          35.662514
        ]
      }
    },
    {
      "type": "Feature",
      "properties": {
        "lat": 35.637041,
        "lon": 139.781088,
        "name": "H1-89.BUDDY スポーツアリーナ",
        "capacity": 16,
        "region_id": "4",
        "station_id": "00010630"
      },
      "geometry": {
        "type": "Point",
        "coordinates": [
          139.781088,
          35.637041
        ]
      }
    },
    {
      "type": "Feature",
      "properties": {
        "lat": 35.655102,
        "lon": 139.805205,
        "name": "H1-90.富士倉庫運輸(株) FACE-1前",
        "capacity": 12,
        "region_id": "4",
        "station_id": "00010646"
      },
      "geometry": {
        "type": "Point",
        "coordinates": [
          139.805205,
          35.655102
        ]
      }
    },
    {
      "type": "Feature",
      "properties": {
        "lat": 35.696913,
        "lon": 139.823911,
        "name": "H1-91.亀戸駅北口第三自転車駐車場",
        "capacity": 15,
        "region_id": "4",
        "station_id": "00010650"
      },
      "geometry": {
        "type": "Point",
        "coordinates": [
          139.823911,
          35.696913
        ]
      }
    },
    {
      "type": "Feature",
      "properties": {
        "lat": 35.69788,
        "lon": 139.830559,
        "name": "H1-92.亀戸駅東口第二自転車駐車場",
        "capacity": 20,
        "region_id": "4",
        "station_id": "00010651"
      },
      "geometry": {
        "type": "Point",
        "coordinates": [
          139.830559,
          35.69788
        ]
      }
    },
    {
      "type": "Feature",
      "properties": {
        "lat": 35.64143,
        "lon": 139.835455,
        "name": "H1-93.新木場一丁目公園",
        "capacity": 15,
        "region_id": "4",
        "station_id": "00010701"
      },
      "geometry": {
        "type": "Point",
        "coordinates": [
          139.835455,
          35.64143
        ]
      }
    },
    {
      "type": "Feature",
      "properties": {
        "lat": 35.64423,
        "lon": 139.835823,
        "name": "H1-94.新木場一丁目緑地公園",
        "capacity": 9,
        "region_id": "4",
        "station_id": "00010702"
      },
      "geometry": {
        "type": "Point",
        "coordinates": [
          139.835823,
          35.64423
        ]
      }
    },
    {
      "type": "Feature",
      "properties": {
        "lat": 35.619451,
        "lon": 139.834429,
        "name": "H1-95.若洲公園",
        "capacity": 23,
        "region_id": "4",
        "station_id": "00010703"
      },
      "geometry": {
        "type": "Point",
        "coordinates": [
          139.834429,
          35.619451
        ]
      }
    },
    {
      "type": "Feature",
      "properties": {
        "lat": 35.668757,
        "lon": 139.790156,
        "name": "H1-96.越中島公園",
        "capacity": 12,
        "region_id": "4",
        "station_id": "00010704"
      },
      "geometry": {
        "type": "Point",
        "coordinates": [
          139.790156,
          35.668757
        ]
      }
    },
    {
      "type": "Feature",
      "properties": {
        "lat": 35.661852,
        "lon": 139.802224,
        "name": "H1-97.浜園公園",
        "capacity": 8,
        "region_id": "4",
        "station_id": "00010705"
      },
      "geometry": {
        "type": "Point",
        "coordinates": [
          139.802224,
          35.661852
        ]
      }
    },
    {
      "type": "Feature",
      "properties": {
        "lat": 35.668705,
        "lon": 139.810549,
        "name": "H1-98.洲崎川緑道公園",
        "capacity": 34,
        "region_id": "4",
        "station_id": "00010706"
      },
      "geometry": {
        "type": "Point",
        "coordinates": [
          139.810549,
          35.668705
        ]
      }
    },
    {
      "type": "Feature",
      "properties": {
        "lat": 35.669695,
        "lon": 139.831874,
        "name": "H1-99.南砂三丁目公園",
        "capacity": 50,
        "region_id": "4",
        "station_id": "00010707"
      },
      "geometry": {
        "type": "Point",
        "coordinates": [
          139.831874,
          35.669695
        ]
      }
    },
    {
      "type": "Feature",
      "properties": {
        "lat": 35.609052,
        "lon": 139.729825,
        "name": "I1-01.品川区役所 本庁舎前",
        "capacity": 11,
        "region_id": "10",
        "station_id": "00010414"
      },
      "geometry": {
        "type": "Point",
        "coordinates": [
          139.729825,
          35.609052
        ]
      }
    },
    {
      "type": "Feature",
      "properties": {
        "lat": 35.608161,
        "lon": 139.730048,
        "name": "I1-02.品川区役所 第三庁舎前",
        "capacity": 8,
        "region_id": "10",
        "station_id": "00010415"
      },
      "geometry": {
        "type": "Point",
        "coordinates": [
          139.730048,
          35.608161
        ]
      }
    },
    {
      "type": "Feature",
      "properties": {
        "lat": 35.605617,
        "lon": 139.73472,
        "name": "I1-03.大井町駅中央口（西側）",
        "capacity": 34,
        "region_id": "10",
        "station_id": "00010416"
      },
      "geometry": {
        "type": "Point",
        "coordinates": [
          139.73472,
          35.605617
        ]
      }
    },
    {
      "type": "Feature",
      "properties": {
        "lat": 35.605146,
        "lon": 139.734694,
        "name": "I1-04.大井町歩道橋",
        "capacity": 12,
        "region_id": "10",
        "station_id": "00010417"
      },
      "geometry": {
        "type": "Point",
        "coordinates": [
          139.734694,
          35.605146
        ]
      }
    },
    {
      "type": "Feature",
      "properties": {
        "lat": 35.593489,
        "lon": 139.72967,
        "name": "I1-06.大森貝塚遺跡庭園",
        "capacity": 13,
        "region_id": "10",
        "station_id": "00010419"
      },
      "geometry": {
        "type": "Point",
        "coordinates": [
          139.72967,
          35.593489
        ]
      }
    },
    {
      "type": "Feature",
      "properties": {
        "lat": 35.590641,
        "lon": 139.736354,
        "name": "I1-07.しながわ水族館",
        "capacity": 17,
        "region_id": "10",
        "station_id": "00010420"
      },
      "geometry": {
        "type": "Point",
        "coordinates": [
          139.736354,
          35.590641
        ]
      }
    },
    {
      "type": "Feature",
      "properties": {
        "lat": 35.622294,
        "lon": 139.751644,
        "name": "I1-08.天王洲アイル第一水辺広場",
        "capacity": 32,
        "region_id": "10",
        "station_id": "00010421"
      },
      "geometry": {
        "type": "Point",
        "coordinates": [
          139.751644,
          35.622294
        ]
      }
    },
    {
      "type": "Feature",
      "properties": {
        "lat": 35.616633,
        "lon": 139.748945,
        "name": "I1-09.東品川海上公園第1",
        "capacity": 5,
        "region_id": "10",
        "station_id": "00010461"
      },
      "geometry": {
        "type": "Point",
        "coordinates": [
          139.748945,
          35.616633
        ]
      }
    },
    {
      "type": "Feature",
      "properties": {
        "lat": 35.607717,
        "lon": 139.749478,
        "name": "I1-10.品川シーサイド公園第1",
        "capacity": 20,
        "region_id": "10",
        "station_id": "00010462"
      },
      "geometry": {
        "type": "Point",
        "coordinates": [
          139.749478,
          35.607717
        ]
      }
    },
    {
      "type": "Feature",
      "properties": {
        "lat": 35.610537,
        "lon": 139.712434,
        "name": "I1-100.東急荏原中延駅駐輪場",
        "capacity": 10,
        "region_id": "10",
        "station_id": "00001426"
      },
      "geometry": {
        "type": "Point",
        "coordinates": [
          139.712434,
          35.610537
        ]
      }
    },
    {
      "type": "Feature",
      "properties": {
        "lat": 35.60838,
        "lon": 139.726587,
        "name": "I1-101.下神明駅前",
        "capacity": 24,
        "region_id": "10",
        "station_id": "00001757"
      },
      "geometry": {
        "type": "Point",
        "coordinates": [
          139.726587,
          35.60838
        ]
      }
    },
    {
      "type": "Feature",
      "properties": {
        "lat": 35.598244,
        "lon": 139.722447,
        "name": "I1-102.J.GRAN Court 品川西大井 EAST",
        "capacity": 7,
        "region_id": "10",
        "station_id": "00001942"
      },
      "geometry": {
        "type": "Point",
        "coordinates": [
          139.722447,
          35.598244
        ]
      }
    },
    {
      "type": "Feature",
      "properties": {
        "lat": 35.622389,
        "lon": 139.721552,
        "name": "I1-103.五反田ＪＰビルディング",
        "capacity": 4,
        "region_id": "10",
        "station_id": "00002252"
      },
      "geometry": {
        "type": "Point",
        "coordinates": [
          139.721552,
          35.622389
        ]
      }
    },
    {
      "type": "Feature",
      "properties": {
        "lat": 35.603422,
        "lon": 139.742498,
        "name": "I1-105.ステージ品川",
        "capacity": 10,
        "region_id": "10",
        "station_id": "00002581"
      },
      "geometry": {
        "type": "Point",
        "coordinates": [
          139.742498,
          35.603422
        ]
      }
    },
    {
      "type": "Feature",
      "properties": {
        "lat": 35.598674,
        "lon": 139.722279,
        "name": "I1-106.J.GRAN Court 品川西大井 WEST",
        "capacity": 7,
        "region_id": "10",
        "station_id": "00002584"
      },
      "geometry": {
        "type": "Point",
        "coordinates": [
          139.722279,
          35.598674
        ]
      }
    },
    {
      "type": "Feature",
      "properties": {
        "lat": 35.600931,
        "lon": 139.753948,
        "name": "I1-107.八潮公園第三",
        "capacity": 19,
        "region_id": "10",
        "station_id": "00002644"
      },
      "geometry": {
        "type": "Point",
        "coordinates": [
          139.753948,
          35.600931
        ]
      }
    },
    {
      "type": "Feature",
      "properties": {
        "lat": 35.621053,
        "lon": 139.741459,
        "name": "I1-108.ネオトウキョウアネックス ",
        "capacity": 6,
        "region_id": "10",
        "station_id": "00002718"
      },
      "geometry": {
        "type": "Point",
        "coordinates": [
          139.741459,
          35.621053
        ]
      }
    },
    {
      "type": "Feature",
      "properties": {
        "lat": 35.604708,
        "lon": 139.754295,
        "name": "I1-109.八潮5丁目 1",
        "capacity": 4,
        "region_id": "10",
        "station_id": "00002773"
      },
      "geometry": {
        "type": "Point",
        "coordinates": [
          139.754295,
          35.604708
        ]
      }
    },
    {
      "type": "Feature",
      "properties": {
        "lat": 35.603984,
        "lon": 139.744504,
        "name": "I1-11.鮫洲入江広場",
        "capacity": 13,
        "region_id": "10",
        "station_id": "00010463"
      },
      "geometry": {
        "type": "Point",
        "coordinates": [
          139.744504,
          35.603984
        ]
      }
    },
    {
      "type": "Feature",
      "properties": {
        "lat": 35.603698,
        "lon": 139.754304,
        "name": "I1-110.八潮5丁目 2",
        "capacity": 5,
        "region_id": "10",
        "station_id": "00002774"
      },
      "geometry": {
        "type": "Point",
        "coordinates": [
          139.754304,
          35.603698
        ]
      }
    },
    {
      "type": "Feature",
      "properties": {
        "lat": 35.603243,
        "lon": 139.752783,
        "name": "I1-111.八潮5丁目 3",
        "capacity": 10,
        "region_id": "10",
        "station_id": "00002775"
      },
      "geometry": {
        "type": "Point",
        "coordinates": [
          139.752783,
          35.603243
        ]
      }
    },
    {
      "type": "Feature",
      "properties": {
        "lat": 35.603083,
        "lon": 139.75229,
        "name": "I1-112.八潮5丁目 4",
        "capacity": 9,
        "region_id": "10",
        "station_id": "00002776"
      },
      "geometry": {
        "type": "Point",
        "coordinates": [
          139.75229,
          35.603083
        ]
      }
    },
    {
      "type": "Feature",
      "properties": {
        "lat": 35.60032,
        "lon": 139.750741,
        "name": "I1-113.八潮5丁目 5",
        "capacity": 9,
        "region_id": "10",
        "station_id": "00002777"
      },
      "geometry": {
        "type": "Point",
        "coordinates": [
          139.750741,
          35.60032
        ]
      }
    },
    {
      "type": "Feature",
      "properties": {
        "lat": 35.598631,
        "lon": 139.751217,
        "name": "I1-114.八潮5丁目 6",
        "capacity": 7,
        "region_id": "10",
        "station_id": "00002778"
      },
      "geometry": {
        "type": "Point",
        "coordinates": [
          139.751217,
          35.598631
        ]
      }
    },
    {
      "type": "Feature",
      "properties": {
        "lat": 35.59727,
        "lon": 139.752362,
        "name": "I1-116.八潮5丁目 8",
        "capacity": 5,
        "region_id": "10",
        "station_id": "00002780"
      },
      "geometry": {
        "type": "Point",
        "coordinates": [
          139.752362,
          35.59727
        ]
      }
    },
    {
      "type": "Feature",
      "properties": {
        "lat": 35.605391,
        "lon": 139.699328,
        "name": "I1-117.クレイシア旗の台",
        "capacity": 2,
        "region_id": "10",
        "station_id": "00002915"
      },
      "geometry": {
        "type": "Point",
        "coordinates": [
          139.699328,
          35.605391
        ]
      }
    },
    {
      "type": "Feature",
      "properties": {
        "lat": 35.600672,
        "lon": 139.745674,
        "name": "I1-118.ブランズシティ品川勝島",
        "capacity": 26,
        "region_id": "10",
        "station_id": "00002914"
      },
      "geometry": {
        "type": "Point",
        "coordinates": [
          139.745674,
          35.600672
        ]
      }
    },
    {
      "type": "Feature",
      "properties": {
        "lat": 35.602392,
        "lon": 139.72227,
        "name": "I1-119.西大井広場公園",
        "capacity": 11,
        "region_id": "10",
        "station_id": "00002994"
      },
      "geometry": {
        "type": "Point",
        "coordinates": [
          139.72227,
          35.602392
        ]
      }
    },
    {
      "type": "Feature",
      "properties": {
        "lat": 35.596067,
        "lon": 139.74119,
        "name": "I1-12.しながわ区民公園（北側）",
        "capacity": 11,
        "region_id": "10",
        "station_id": "00010464"
      },
      "geometry": {
        "type": "Point",
        "coordinates": [
          139.74119,
          35.596067
        ]
      }
    },
    {
      "type": "Feature",
      "properties": {
        "lat": 35.619513,
        "lon": 139.70433,
        "name": "I1-120.ファイブ店（エンジェルファイブ店　屋上駐輪場）",
        "capacity": 4,
        "region_id": "10",
        "station_id": "00003028"
      },
      "geometry": {
        "type": "Point",
        "coordinates": [
          139.70433,
          35.619513
        ]
      }
    },
    {
      "type": "Feature",
      "properties": {
        "lat": 35.6035,
        "lon": 139.73346,
        "name": "I1-121.エステムプラザ品川サウスヒルズ",
        "capacity": 18,
        "region_id": "10",
        "station_id": "00003188"
      },
      "geometry": {
        "type": "Point",
        "coordinates": [
          139.73346,
          35.6035
        ]
      }
    },
    {
      "type": "Feature",
      "properties": {
        "lat": 35.618661,
        "lon": 139.71857,
        "name": "I1-122.エルフォルテ 五反田",
        "capacity": 2,
        "region_id": "10",
        "station_id": "00003359"
      },
      "geometry": {
        "type": "Point",
        "coordinates": [
          139.71857,
          35.618661
        ]
      }
    },
    {
      "type": "Feature",
      "properties": {
        "lat": 35.61815,
        "lon": 139.7308,
        "name": "I1-123.エステムプラザ品川大崎駅前レジデンシャル",
        "capacity": 5,
        "region_id": "10",
        "station_id": "00003559"
      },
      "geometry": {
        "type": "Point",
        "coordinates": [
          139.7308,
          35.61815
        ]
      }
    },
    {
      "type": "Feature",
      "properties": {
        "lat": 35.621396,
        "lon": 139.706049,
        "name": "I1-124.東急武蔵小山駅東口駐輪場",
        "capacity": 25,
        "region_id": "10",
        "station_id": "00003541"
      },
      "geometry": {
        "type": "Point",
        "coordinates": [
          139.706049,
          35.621396
        ]
      }
    },
    {
      "type": "Feature",
      "properties": {
        "lat": 35.614687,
        "lon": 139.71279,
        "name": "I1-125.ひらさん広場",
        "capacity": 6,
        "region_id": "10",
        "station_id": "00003878"
      },
      "geometry": {
        "type": "Point",
        "coordinates": [
          139.71279,
          35.614687
        ]
      }
    },
    {
      "type": "Feature",
      "properties": {
        "lat": 35.612153,
        "lon": 139.700624,
        "name": "I1-126.摩耶寺",
        "capacity": 10,
        "region_id": "10",
        "station_id": "00003539"
      },
      "geometry": {
        "type": "Point",
        "coordinates": [
          139.700624,
          35.612153
        ]
      }
    },
    {
      "type": "Feature",
      "properties": {
        "lat": 35.62454,
        "lon": 139.71695,
        "name": "I1-127.ARKMARK目黒不動前",
        "capacity": 0,
        "region_id": "10",
        "station_id": "00003708"
      },
      "geometry": {
        "type": "Point",
        "coordinates": [
          139.71695,
          35.62454
        ]
      }
    },
    {
      "type": "Feature",
      "properties": {
        "lat": 35.61543,
        "lon": 139.707114,
        "name": "I1-128.スクエア荏原",
        "capacity": 5,
        "region_id": "10",
        "station_id": "00003954"
      },
      "geometry": {
        "type": "Point",
        "coordinates": [
          139.707114,
          35.61543
        ]
      }
    },
    {
      "type": "Feature",
      "properties": {
        "lat": 35.608624,
        "lon": 139.73715,
        "name": "I1-129.メイプルコート南品川",
        "capacity": 5,
        "region_id": "10",
        "station_id": "00003970"
      },
      "geometry": {
        "type": "Point",
        "coordinates": [
          139.73715,
          35.608624
        ]
      }
    },
    {
      "type": "Feature",
      "properties": {
        "lat": 35.613421,
        "lon": 139.75375,
        "name": "I1-13.八潮北公園",
        "capacity": 9,
        "region_id": "10",
        "station_id": "00010465"
      },
      "geometry": {
        "type": "Point",
        "coordinates": [
          139.75375,
          35.613421
        ]
      }
    },
    {
      "type": "Feature",
      "properties": {
        "lat": 35.617489,
        "lon": 139.717475,
        "name": "I1-130.戸越銀座-平塚",
        "capacity": 0,
        "region_id": "10",
        "station_id": "00004312"
      },
      "geometry": {
        "type": "Point",
        "coordinates": [
          139.717475,
          35.617489
        ]
      }
    },
    {
      "type": "Feature",
      "properties": {
        "lat": 35.622075,
        "lon": 139.725486,
        "name": "I1-131.大崎5丁目児童遊園",
        "capacity": 3,
        "region_id": "10",
        "station_id": "00004399"
      },
      "geometry": {
        "type": "Point",
        "coordinates": [
          139.725486,
          35.622075
        ]
      }
    },
    {
      "type": "Feature",
      "properties": {
        "lat": 35.611985,
        "lon": 139.726749,
        "name": "I1-132.そよかぜ公園",
        "capacity": 4,
        "region_id": "10",
        "station_id": "00004398"
      },
      "geometry": {
        "type": "Point",
        "coordinates": [
          139.726749,
          35.611985
        ]
      }
    },
    {
      "type": "Feature",
      "properties": {
        "lat": 35.61285,
        "lon": 139.73677,
        "name": "I1-133.AXAS品川大井町",
        "capacity": 3,
        "region_id": "10",
        "station_id": "00004469"
      },
      "geometry": {
        "type": "Point",
        "coordinates": [
          139.73677,
          35.61285
        ]
      }
    },
    {
      "type": "Feature",
      "properties": {
        "lat": 35.594302,
        "lon": 139.733533,
        "name": "I1-134.セントパレス南大井",
        "capacity": 4,
        "region_id": "10",
        "station_id": "00004442"
      },
      "geometry": {
        "type": "Point",
        "coordinates": [
          139.733533,
          35.594302
        ]
      }
    },
    {
      "type": "Feature",
      "properties": {
        "lat": 35.608768,
        "lon": 139.737264,
        "name": "I1-135.南品川６丁目",
        "capacity": 5,
        "region_id": "10",
        "station_id": "00004443"
      },
      "geometry": {
        "type": "Point",
        "coordinates": [
          139.737264,
          35.608768
        ]
      }
    },
    {
      "type": "Feature",
      "properties": {
        "lat": 35.623805,
        "lon": 139.731251,
        "name": "I1-136.DIKマンション五反田",
        "capacity": 11,
        "region_id": "10",
        "station_id": "00004723"
      },
      "geometry": {
        "type": "Point",
        "coordinates": [
          139.731251,
          35.623805
        ]
      }
    },
    {
      "type": "Feature",
      "properties": {
        "lat": 35.609962,
        "lon": 139.711739,
        "name": "I1-137.荏原中延駅前",
        "capacity": 7,
        "region_id": "10",
        "station_id": "00004722"
      },
      "geometry": {
        "type": "Point",
        "coordinates": [
          139.711739,
          35.609962
        ]
      }
    },
    {
      "type": "Feature",
      "properties": {
        "lat": 35.615696,
        "lon": 139.699551,
        "name": "I1-138.アイディ西小山",
        "capacity": 3,
        "region_id": "10",
        "station_id": "00004981"
      },
      "geometry": {
        "type": "Point",
        "coordinates": [
          139.699551,
          35.615696
        ]
      }
    },
    {
      "type": "Feature",
      "properties": {
        "lat": 35.605877,
        "lon": 139.71191,
        "name": "I1-139.中延駅西",
        "capacity": 4,
        "region_id": "10",
        "station_id": "00004923"
      },
      "geometry": {
        "type": "Point",
        "coordinates": [
          139.71191,
          35.605877
        ]
      }
    },
    {
      "type": "Feature",
      "properties": {
        "lat": 35.614038,
        "lon": 139.720311,
        "name": "I1-140.戸越八幡神社",
        "capacity": 9,
        "region_id": "10",
        "station_id": "00004985"
      },
      "geometry": {
        "type": "Point",
        "coordinates": [
          139.720311,
          35.614038
        ]
      }
    },
    {
      "type": "Feature",
      "properties": {
        "lat": 35.625099,
        "lon": 139.731098,
        "name": "I1-141.PREMIUM CUBE 品川大崎1",
        "capacity": 3,
        "region_id": "10",
        "station_id": "00004970"
      },
      "geometry": {
        "type": "Point",
        "coordinates": [
          139.731098,
          35.625099
        ]
      }
    },
    {
      "type": "Feature",
      "properties": {
        "lat": 35.625013,
        "lon": 139.73111,
        "name": "I1-142.PREMIUM CUBE 品川大崎2",
        "capacity": 3,
        "region_id": "10",
        "station_id": "00004971"
      },
      "geometry": {
        "type": "Point",
        "coordinates": [
          139.73111,
          35.625013
        ]
      }
    },
    {
      "type": "Feature",
      "properties": {
        "lat": 35.609166,
        "lon": 139.705342,
        "name": "I1-143.AXAS旗の台",
        "capacity": 3,
        "region_id": "10",
        "station_id": "00004978"
      },
      "geometry": {
        "type": "Point",
        "coordinates": [
          139.705342,
          35.609166
        ]
      }
    },
    {
      "type": "Feature",
      "properties": {
        "lat": 35.61884,
        "lon": 139.70112,
        "name": "I1-144.AXAS武蔵小山ASYLCOURT",
        "capacity": 7,
        "region_id": "10",
        "station_id": "00004977"
      },
      "geometry": {
        "type": "Point",
        "coordinates": [
          139.70112,
          35.61884
        ]
      }
    },
    {
      "type": "Feature",
      "properties": {
        "lat": 35.622415,
        "lon": 139.724408,
        "name": "I1-145.都五反田ビル東館",
        "capacity": 3,
        "region_id": "10",
        "station_id": "00005039"
      },
      "geometry": {
        "type": "Point",
        "coordinates": [
          139.724408,
          35.622415
        ]
      }
    },
    {
      "type": "Feature",
      "properties": {
        "lat": 35.611126,
        "lon": 139.705487,
        "name": "I1-146.コーナン品川旗の台店",
        "capacity": 5,
        "region_id": "10",
        "station_id": "00005043"
      },
      "geometry": {
        "type": "Point",
        "coordinates": [
          139.705487,
          35.611126
        ]
      }
    },
    {
      "type": "Feature",
      "properties": {
        "lat": 35.609741,
        "lon": 139.710097,
        "name": "I1-147.中延2丁目",
        "capacity": 50,
        "region_id": "10",
        "station_id": "00005240"
      },
      "geometry": {
        "type": "Point",
        "coordinates": [
          139.710097,
          35.609741
        ]
      }
    },
    {
      "type": "Feature",
      "properties": {
        "lat": 35.62169,
        "lon": 139.717741,
        "name": "I1-148.西五反田A",
        "capacity": 32,
        "region_id": "10",
        "station_id": "00005241"
      },
      "geometry": {
        "type": "Point",
        "coordinates": [
          139.717741,
          35.62169
        ]
      }
    },
    {
      "type": "Feature",
      "properties": {
        "lat": 35.621772,
        "lon": 139.717514,
        "name": "I1-149.西五反田E",
        "capacity": 20,
        "region_id": "10",
        "station_id": "00005242"
      },
      "geometry": {
        "type": "Point",
        "coordinates": [
          139.717514,
          35.621772
        ]
      }
    },
    {
      "type": "Feature",
      "properties": {
        "lat": 35.625097,
        "lon": 139.707111,
        "name": "I1-150.リパーク小山台１丁目第９",
        "capacity": 21,
        "region_id": "10",
        "station_id": "00005502"
      },
      "geometry": {
        "type": "Point",
        "coordinates": [
          139.707111,
          35.625097
        ]
      }
    },
    {
      "type": "Feature",
      "properties": {
        "lat": 35.635074,
        "lon": 139.715591,
        "name": "I1-151.目黒駅前",
        "capacity": 69,
        "region_id": "10",
        "station_id": "00005318"
      },
      "geometry": {
        "type": "Point",
        "coordinates": [
          139.715591,
          35.635074
        ]
      }
    },
    {
      "type": "Feature",
      "properties": {
        "lat": 35.621483,
        "lon": 139.721111,
        "name": "I1-152.モントーレ五反田",
        "capacity": 3,
        "region_id": "10",
        "station_id": "00005342"
      },
      "geometry": {
        "type": "Point",
        "coordinates": [
          139.721111,
          35.621483
        ]
      }
    },
    {
      "type": "Feature",
      "properties": {
        "lat": 35.611442,
        "lon": 139.741708,
        "name": "I1-153.AXAS南品川",
        "capacity": 2,
        "region_id": "10",
        "station_id": "00005419"
      },
      "geometry": {
        "type": "Point",
        "coordinates": [
          139.741708,
          35.611442
        ]
      }
    },
    {
      "type": "Feature",
      "properties": {
        "lat": 35.611721,
        "lon": 139.727126,
        "name": "I1-154.ロアール西品川",
        "capacity": 30,
        "region_id": "10",
        "station_id": "00005422"
      },
      "geometry": {
        "type": "Point",
        "coordinates": [
          139.727126,
          35.611721
        ]
      }
    },
    {
      "type": "Feature",
      "properties": {
        "lat": 35.61389,
        "lon": 139.704542,
        "name": "I1-155.荏原５丁目 D’S FACTORY ポート",
        "capacity": 14,
        "region_id": "10",
        "station_id": "00005543"
      },
      "geometry": {
        "type": "Point",
        "coordinates": [
          139.704542,
          35.61389
        ]
      }
    },
    {
      "type": "Feature",
      "properties": {
        "lat": 35.6214,
        "lon": 139.741958,
        "name": "I1-16.品川浦",
        "capacity": 13,
        "region_id": "10",
        "station_id": "00010515"
      },
      "geometry": {
        "type": "Point",
        "coordinates": [
          139.741958,
          35.6214
        ]
      }
    },
    {
      "type": "Feature",
      "properties": {
        "lat": 35.616364,
        "lon": 139.749171,
        "name": "I1-17.東品川海上公園第2",
        "capacity": 9,
        "region_id": "10",
        "station_id": "00010516"
      },
      "geometry": {
        "type": "Point",
        "coordinates": [
          139.749171,
          35.616364
        ]
      }
    },
    {
      "type": "Feature",
      "properties": {
        "lat": 35.61379,
        "lon": 139.746617,
        "name": "I1-18.東品川公園",
        "capacity": 5,
        "region_id": "10",
        "station_id": "00010517"
      },
      "geometry": {
        "type": "Point",
        "coordinates": [
          139.746617,
          35.61379
        ]
      }
    },
    {
      "type": "Feature",
      "properties": {
        "lat": 35.607571,
        "lon": 139.749108,
        "name": "I1-19.品川シーサイド公園第2",
        "capacity": 10,
        "region_id": "10",
        "station_id": "00010518"
      },
      "geometry": {
        "type": "Point",
        "coordinates": [
          139.749108,
          35.607571
        ]
      }
    },
    {
      "type": "Feature",
      "properties": {
        "lat": 35.59632,
        "lon": 139.751279,
        "name": "I1-20.しおじ公園",
        "capacity": 20,
        "region_id": "10",
        "station_id": "00010519"
      },
      "geometry": {
        "type": "Point",
        "coordinates": [
          139.751279,
          35.59632
        ]
      }
    },
    {
      "type": "Feature",
      "properties": {
        "lat": 35.593887,
        "lon": 139.741204,
        "name": "I1-21.大井競馬場(正門前)",
        "capacity": 39,
        "region_id": "10",
        "station_id": "00010524"
      },
      "geometry": {
        "type": "Point",
        "coordinates": [
          139.741204,
          35.593887
        ]
      }
    },
    {
      "type": "Feature",
      "properties": {
        "lat": 35.596579,
        "lon": 139.745009,
        "name": "I1-22.ウィラ大井 (ショッピングモール)",
        "capacity": 5,
        "region_id": "10",
        "station_id": "00010529"
      },
      "geometry": {
        "type": "Point",
        "coordinates": [
          139.745009,
          35.596579
        ]
      }
    },
    {
      "type": "Feature",
      "properties": {
        "lat": 35.616114,
        "lon": 139.74033,
        "name": "I1-23.東海橋防災船着場",
        "capacity": 29,
        "region_id": "10",
        "station_id": "00010531"
      },
      "geometry": {
        "type": "Point",
        "coordinates": [
          139.74033,
          35.616114
        ]
      }
    },
    {
      "type": "Feature",
      "properties": {
        "lat": 35.593611,
        "lon": 139.738056,
        "name": "I1-24.しながわ区民公園(中央口)",
        "capacity": 13,
        "region_id": "10",
        "station_id": "00010532"
      },
      "geometry": {
        "type": "Point",
        "coordinates": [
          139.738056,
          35.593611
        ]
      }
    },
    {
      "type": "Feature",
      "properties": {
        "lat": 35.607084,
        "lon": 139.705007,
        "name": "I1-25.セブン-イレブン 品川旗の台2丁目店",
        "capacity": 5,
        "region_id": "10",
        "station_id": "00010567"
      },
      "geometry": {
        "type": "Point",
        "coordinates": [
          139.705007,
          35.607084
        ]
      }
    },
    {
      "type": "Feature",
      "properties": {
        "lat": 35.617475,
        "lon": 139.729221,
        "name": "I1-26.大崎西口公園",
        "capacity": 49,
        "region_id": "10",
        "station_id": "00010568"
      },
      "geometry": {
        "type": "Point",
        "coordinates": [
          139.729221,
          35.617475
        ]
      }
    },
    {
      "type": "Feature",
      "properties": {
        "lat": 35.620699,
        "lon": 139.730904,
        "name": "I1-27.小関橋公園",
        "capacity": 19,
        "region_id": "10",
        "station_id": "00010569"
      },
      "geometry": {
        "type": "Point",
        "coordinates": [
          139.730904,
          35.620699
        ]
      }
    },
    {
      "type": "Feature",
      "properties": {
        "lat": 35.599987,
        "lon": 139.745195,
        "name": "I1-29.ローソン 勝島一丁目店",
        "capacity": 10,
        "region_id": "10",
        "station_id": "00010579"
      },
      "geometry": {
        "type": "Point",
        "coordinates": [
          139.745195,
          35.599987
        ]
      }
    },
    {
      "type": "Feature",
      "properties": {
        "lat": 35.603327,
        "lon": 139.729006,
        "name": "I1-30.ローソン 大井三丁目店",
        "capacity": 6,
        "region_id": "10",
        "station_id": "00010580"
      },
      "geometry": {
        "type": "Point",
        "coordinates": [
          139.729006,
          35.603327
        ]
      }
    },
    {
      "type": "Feature",
      "properties": {
        "lat": 35.608193,
        "lon": 139.719139,
        "name": "I1-31.セブン-イレブン 品川戸越5丁目店",
        "capacity": 5,
        "region_id": "10",
        "station_id": "00010581"
      },
      "geometry": {
        "type": "Point",
        "coordinates": [
          139.719139,
          35.608193
        ]
      }
    },
    {
      "type": "Feature",
      "properties": {
        "lat": 35.611878,
        "lon": 139.747725,
        "name": "I1-34.NTT品川ビル",
        "capacity": 0,
        "region_id": "10",
        "station_id": "00010595"
      },
      "geometry": {
        "type": "Point",
        "coordinates": [
          139.747725,
          35.611878
        ]
      }
    },
    {
      "type": "Feature",
      "properties": {
        "lat": 35.622954,
        "lon": 139.750593,
        "name": "I1-35.シーフォートスクエア",
        "capacity": 16,
        "region_id": "10",
        "station_id": "00010615"
      },
      "geometry": {
        "type": "Point",
        "coordinates": [
          139.750593,
          35.622954
        ]
      }
    },
    {
      "type": "Feature",
      "properties": {
        "lat": 35.623466,
        "lon": 139.734359,
        "name": "I1-37.ガーデンシティ品川御殿山",
        "capacity": 9,
        "region_id": "10",
        "station_id": "00010618"
      },
      "geometry": {
        "type": "Point",
        "coordinates": [
          139.734359,
          35.623466
        ]
      }
    },
    {
      "type": "Feature",
      "properties": {
        "lat": 35.594544,
        "lon": 139.760423,
        "name": "I1-38.ローソン 八潮三丁目店",
        "capacity": 88,
        "region_id": "10",
        "station_id": "00010623"
      },
      "geometry": {
        "type": "Point",
        "coordinates": [
          139.760423,
          35.594544
        ]
      }
    },
    {
      "type": "Feature",
      "properties": {
        "lat": 35.628116,
        "lon": 139.713149,
        "name": "I1-39.MID POINT 目黒不動前",
        "capacity": 3,
        "region_id": "10",
        "station_id": "00010624"
      },
      "geometry": {
        "type": "Point",
        "coordinates": [
          139.713149,
          35.628116
        ]
      }
    },
    {
      "type": "Feature",
      "properties": {
        "lat": 35.622371,
        "lon": 139.737457,
        "name": "I1-40.御殿山トラストタワー",
        "capacity": 51,
        "region_id": "10",
        "station_id": "00010640"
      },
      "geometry": {
        "type": "Point",
        "coordinates": [
          139.737457,
          35.622371
        ]
      }
    },
    {
      "type": "Feature",
      "properties": {
        "lat": 35.611582,
        "lon": 139.742528,
        "name": "I1-42.京急青横駐車場",
        "capacity": 15,
        "region_id": "10",
        "station_id": "00010656"
      },
      "geometry": {
        "type": "Point",
        "coordinates": [
          139.742528,
          35.611582
        ]
      }
    },
    {
      "type": "Feature",
      "properties": {
        "lat": 35.594722,
        "lon": 139.737101,
        "name": "I1-43.京急南大井駐車場",
        "capacity": 10,
        "region_id": "10",
        "station_id": "00010657"
      },
      "geometry": {
        "type": "Point",
        "coordinates": [
          139.737101,
          35.594722
        ]
      }
    },
    {
      "type": "Feature",
      "properties": {
        "lat": 35.604606,
        "lon": 139.734483,
        "name": "I1-44.大井三ツ又商店街入口",
        "capacity": 7,
        "region_id": "10",
        "station_id": "00010668"
      },
      "geometry": {
        "type": "Point",
        "coordinates": [
          139.734483,
          35.604606
        ]
      }
    },
    {
      "type": "Feature",
      "properties": {
        "lat": 35.62541,
        "lon": 139.718135,
        "name": "I1-45.セブン-イレブン品川西五反田3丁目店",
        "capacity": 4,
        "region_id": "10",
        "station_id": "00010669"
      },
      "geometry": {
        "type": "Point",
        "coordinates": [
          139.718135,
          35.62541
        ]
      }
    },
    {
      "type": "Feature",
      "properties": {
        "lat": 35.630151,
        "lon": 139.725215,
        "name": "I1-47.NTT 東日本 関東病院(南側)",
        "capacity": 7,
        "region_id": "10",
        "station_id": "00010741"
      },
      "geometry": {
        "type": "Point",
        "coordinates": [
          139.725215,
          35.630151
        ]
      }
    },
    {
      "type": "Feature",
      "properties": {
        "lat": 35.632191,
        "lon": 139.725002,
        "name": "I1-48.NTT 東日本 関東病院(北側)",
        "capacity": 7,
        "region_id": "10",
        "station_id": "00010742"
      },
      "geometry": {
        "type": "Point",
        "coordinates": [
          139.725002,
          35.632191
        ]
      }
    },
    {
      "type": "Feature",
      "properties": {
        "lat": 35.603815,
        "lon": 139.741362,
        "name": "I1-49.京急鮫洲バイク駐輪場",
        "capacity": 7,
        "region_id": "10",
        "station_id": "00010748"
      },
      "geometry": {
        "type": "Point",
        "coordinates": [
          139.741362,
          35.603815
        ]
      }
    },
    {
      "type": "Feature",
      "properties": {
        "lat": 35.599196,
        "lon": 139.739158,
        "name": "I1-50.京急立会川第2バイク駐輪場",
        "capacity": 10,
        "region_id": "10",
        "station_id": "00010749"
      },
      "geometry": {
        "type": "Point",
        "coordinates": [
          139.739158,
          35.599196
        ]
      }
    },
    {
      "type": "Feature",
      "properties": {
        "lat": 35.589573,
        "lon": 139.735585,
        "name": "I1-51.京急鈴ヶ森駐車場",
        "capacity": 10,
        "region_id": "10",
        "station_id": "00010750"
      },
      "geometry": {
        "type": "Point",
        "coordinates": [
          139.735585,
          35.589573
        ]
      }
    },
    {
      "type": "Feature",
      "properties": {
        "lat": 35.607557,
        "lon": 139.746866,
        "name": "I1-52.カスタリアタワー品川シーサイド",
        "capacity": 12,
        "region_id": "10",
        "station_id": "00010754"
      },
      "geometry": {
        "type": "Point",
        "coordinates": [
          139.746866,
          35.607557
        ]
      }
    },
    {
      "type": "Feature",
      "properties": {
        "lat": 35.620355,
        "lon": 139.749339,
        "name": "I1-53.天王洲公園",
        "capacity": 10,
        "region_id": "10",
        "station_id": "00010757"
      },
      "geometry": {
        "type": "Point",
        "coordinates": [
          139.749339,
          35.620355
        ]
      }
    },
    {
      "type": "Feature",
      "properties": {
        "lat": 35.622356,
        "lon": 139.749468,
        "name": "I1-54.天王洲オーシャンスクエア",
        "capacity": 29,
        "region_id": "10",
        "station_id": "00010759"
      },
      "geometry": {
        "type": "Point",
        "coordinates": [
          139.749468,
          35.622356
        ]
      }
    },
    {
      "type": "Feature",
      "properties": {
        "lat": 35.593559,
        "lon": 139.734704,
        "name": "I1-55.鈴ヶ森公園",
        "capacity": 9,
        "region_id": "10",
        "station_id": "00010770"
      },
      "geometry": {
        "type": "Point",
        "coordinates": [
          139.734704,
          35.593559
        ]
      }
    },
    {
      "type": "Feature",
      "properties": {
        "lat": 35.589972,
        "lon": 139.729368,
        "name": "I1-57.大井水神公園",
        "capacity": 58,
        "region_id": "10",
        "station_id": "00010771"
      },
      "geometry": {
        "type": "Point",
        "coordinates": [
          139.729368,
          35.589972
        ]
      }
    },
    {
      "type": "Feature",
      "properties": {
        "lat": 35.609664,
        "lon": 139.730006,
        "name": "I1-58.品川区役所　第二庁舎前",
        "capacity": 17,
        "region_id": "10",
        "station_id": "00010772"
      },
      "geometry": {
        "type": "Point",
        "coordinates": [
          139.730006,
          35.609664
        ]
      }
    },
    {
      "type": "Feature",
      "properties": {
        "lat": 35.612357,
        "lon": 139.721484,
        "name": "I1-59.文庫の森第一",
        "capacity": 12,
        "region_id": "10",
        "station_id": "00010782"
      },
      "geometry": {
        "type": "Point",
        "coordinates": [
          139.721484,
          35.612357
        ]
      }
    },
    {
      "type": "Feature",
      "properties": {
        "lat": 35.611368,
        "lon": 139.720424,
        "name": "I1-60.文庫の森第二",
        "capacity": 10,
        "region_id": "10",
        "station_id": "00010783"
      },
      "geometry": {
        "type": "Point",
        "coordinates": [
          139.720424,
          35.611368
        ]
      }
    },
    {
      "type": "Feature",
      "properties": {
        "lat": 35.622588,
        "lon": 139.716159,
        "name": "I1-61.五反田文化センター",
        "capacity": 8,
        "region_id": "10",
        "station_id": "00010786"
      },
      "geometry": {
        "type": "Point",
        "coordinates": [
          139.716159,
          35.622588
        ]
      }
    },
    {
      "type": "Feature",
      "properties": {
        "lat": 35.622277,
        "lon": 139.745638,
        "name": "I1-62.天王洲Rim",
        "capacity": 7,
        "region_id": "10",
        "station_id": "00010812"
      },
      "geometry": {
        "type": "Point",
        "coordinates": [
          139.745638,
          35.622277
        ]
      }
    },
    {
      "type": "Feature",
      "properties": {
        "lat": 35.62765,
        "lon": 139.719212,
        "name": "I1-63.セブン-イレブン西五反田店",
        "capacity": 5,
        "region_id": "10",
        "station_id": "00010824"
      },
      "geometry": {
        "type": "Point",
        "coordinates": [
          139.719212,
          35.62765
        ]
      }
    },
    {
      "type": "Feature",
      "properties": {
        "lat": 35.622965,
        "lon": 139.731014,
        "name": "I1-64.株式会社ユアス ゆうパック取扱所：ポストのうしろ",
        "capacity": 9,
        "region_id": "10",
        "station_id": "00010829"
      },
      "geometry": {
        "type": "Point",
        "coordinates": [
          139.731014,
          35.622965
        ]
      }
    },
    {
      "type": "Feature",
      "properties": {
        "lat": 35.605996,
        "lon": 139.743037,
        "name": "I1-65.セブン-イレブン品川東大井1丁目店",
        "capacity": 5,
        "region_id": "10",
        "station_id": "00010841"
      },
      "geometry": {
        "type": "Point",
        "coordinates": [
          139.743037,
          35.605996
        ]
      }
    },
    {
      "type": "Feature",
      "properties": {
        "lat": 35.596733,
        "lon": 139.73804,
        "name": "I1-66.南大井文化センター駐車場",
        "capacity": 7,
        "region_id": "10",
        "station_id": "00010856"
      },
      "geometry": {
        "type": "Point",
        "coordinates": [
          139.73804,
          35.596733
        ]
      }
    },
    {
      "type": "Feature",
      "properties": {
        "lat": 35.601149,
        "lon": 139.754284,
        "name": "I1-67.八潮公園第一",
        "capacity": 5,
        "region_id": "10",
        "station_id": "00010861"
      },
      "geometry": {
        "type": "Point",
        "coordinates": [
          139.754284,
          35.601149
        ]
      }
    },
    {
      "type": "Feature",
      "properties": {
        "lat": 35.600003,
        "lon": 139.754288,
        "name": "I1-68.八潮公園第二",
        "capacity": 4,
        "region_id": "10",
        "station_id": "00010862"
      },
      "geometry": {
        "type": "Point",
        "coordinates": [
          139.754288,
          35.600003
        ]
      }
    },
    {
      "type": "Feature",
      "properties": {
        "lat": 35.624566,
        "lon": 139.72448,
        "name": "I1-70.五反田リバーステーション",
        "capacity": 8,
        "region_id": "10",
        "station_id": "00010883"
      },
      "geometry": {
        "type": "Point",
        "coordinates": [
          139.72448,
          35.624566
        ]
      }
    },
    {
      "type": "Feature",
      "properties": {
        "lat": 35.596483,
        "lon": 139.7355,
        "name": "I1-71.セブン-イレブン南大井浜川店",
        "capacity": 6,
        "region_id": "10",
        "station_id": "00010892"
      },
      "geometry": {
        "type": "Point",
        "coordinates": [
          139.7355,
          35.596483
        ]
      }
    },
    {
      "type": "Feature",
      "properties": {
        "lat": 35.600081,
        "lon": 139.728193,
        "name": "I1-72.セブン-イレブン大井店",
        "capacity": 20,
        "region_id": "10",
        "station_id": "00010893"
      },
      "geometry": {
        "type": "Point",
        "coordinates": [
          139.728193,
          35.600081
        ]
      }
    },
    {
      "type": "Feature",
      "properties": {
        "lat": 35.622403,
        "lon": 139.71771,
        "name": "I1-74.セブン-イレブン西五反田6丁目店",
        "capacity": 6,
        "region_id": "10",
        "station_id": "00010907"
      },
      "geometry": {
        "type": "Point",
        "coordinates": [
          139.71771,
          35.622403
        ]
      }
    },
    {
      "type": "Feature",
      "properties": {
        "lat": 35.603275,
        "lon": 139.713428,
        "name": "I1-75.セブン-イレブン品川二葉4丁目店",
        "capacity": 4,
        "region_id": "10",
        "station_id": "00010911"
      },
      "geometry": {
        "type": "Point",
        "coordinates": [
          139.713428,
          35.603275
        ]
      }
    },
    {
      "type": "Feature",
      "properties": {
        "lat": 35.612217,
        "lon": 139.708164,
        "name": "I1-77.セブン-イレブン品川西中延1丁目店",
        "capacity": 5,
        "region_id": "10",
        "station_id": "00010918"
      },
      "geometry": {
        "type": "Point",
        "coordinates": [
          139.708164,
          35.612217
        ]
      }
    },
    {
      "type": "Feature",
      "properties": {
        "lat": 35.621904,
        "lon": 139.741429,
        "name": "I1-79.品川浦第二",
        "capacity": 14,
        "region_id": "10",
        "station_id": "00010928"
      },
      "geometry": {
        "type": "Point",
        "coordinates": [
          139.741429,
          35.621904
        ]
      }
    },
    {
      "type": "Feature",
      "properties": {
        "lat": 35.622714,
        "lon": 139.74471,
        "name": "I1-80.リバーサイド品川港南ビル",
        "capacity": 10,
        "region_id": "10",
        "station_id": "00010933"
      },
      "geometry": {
        "type": "Point",
        "coordinates": [
          139.74471,
          35.622714
        ]
      }
    },
    {
      "type": "Feature",
      "properties": {
        "lat": 35.608127,
        "lon": 139.717865,
        "name": "I1-81.戸越6丁目",
        "capacity": 20,
        "region_id": "10",
        "station_id": "00010937"
      },
      "geometry": {
        "type": "Point",
        "coordinates": [
          139.717865,
          35.608127
        ]
      }
    },
    {
      "type": "Feature",
      "properties": {
        "lat": 35.627386,
        "lon": 139.711182,
        "name": "I1-82.トミンハイム西五反田四丁目",
        "capacity": 7,
        "region_id": "10",
        "station_id": "00010938"
      },
      "geometry": {
        "type": "Point",
        "coordinates": [
          139.711182,
          35.627386
        ]
      }
    },
    {
      "type": "Feature",
      "properties": {
        "lat": 35.600161,
        "lon": 139.749902,
        "name": "I1-83.かもめ歩道橋",
        "capacity": 12,
        "region_id": "10",
        "station_id": "00010939"
      },
      "geometry": {
        "type": "Point",
        "coordinates": [
          139.749902,
          35.600161
        ]
      }
    },
    {
      "type": "Feature",
      "properties": {
        "lat": 35.613819,
        "lon": 139.728418,
        "name": "I1-84.セブン-イレブン西品川2丁目店",
        "capacity": 2,
        "region_id": "10",
        "station_id": "00010957"
      },
      "geometry": {
        "type": "Point",
        "coordinates": [
          139.728418,
          35.613819
        ]
      }
    },
    {
      "type": "Feature",
      "properties": {
        "lat": 35.621081,
        "lon": 139.741178,
        "name": "I1-85.GOODOFFICE品川",
        "capacity": 5,
        "region_id": "10",
        "station_id": "00010953"
      },
      "geometry": {
        "type": "Point",
        "coordinates": [
          139.741178,
          35.621081
        ]
      }
    },
    {
      "type": "Feature",
      "properties": {
        "lat": 35.601694,
        "lon": 139.719778,
        "name": "I1-86.ファミリーマート二葉三丁目店",
        "capacity": 3,
        "region_id": "10",
        "station_id": "00010968"
      },
      "geometry": {
        "type": "Point",
        "coordinates": [
          139.719778,
          35.601694
        ]
      }
    },
    {
      "type": "Feature",
      "properties": {
        "lat": 35.599774,
        "lon": 139.723467,
        "name": "I1-87.セブン-イレブン西大井滝王子通り店",
        "capacity": 12,
        "region_id": "10",
        "station_id": "00010992"
      },
      "geometry": {
        "type": "Point",
        "coordinates": [
          139.723467,
          35.599774
        ]
      }
    },
    {
      "type": "Feature",
      "properties": {
        "lat": 35.58768,
        "lon": 139.734515,
        "name": "I1-88.セブン-イレブン品川南大井3丁目店",
        "capacity": 3,
        "region_id": "10",
        "station_id": "00010993"
      },
      "geometry": {
        "type": "Point",
        "coordinates": [
          139.734515,
          35.58768
        ]
      }
    },
    {
      "type": "Feature",
      "properties": {
        "lat": 35.608402,
        "lon": 139.726118,
        "name": "I1-89.下神明駅自転車駐車場",
        "capacity": 5,
        "region_id": "10",
        "station_id": "00000180"
      },
      "geometry": {
        "type": "Point",
        "coordinates": [
          139.726118,
          35.608402
        ]
      }
    },
    {
      "type": "Feature",
      "properties": {
        "lat": 35.634019,
        "lon": 139.719749,
        "name": "I1-91.アクロス目黒タワー",
        "capacity": 6,
        "region_id": "10",
        "station_id": "00000470"
      },
      "geometry": {
        "type": "Point",
        "coordinates": [
          139.719749,
          35.634019
        ]
      }
    },
    {
      "type": "Feature",
      "properties": {
        "lat": 35.595873,
        "lon": 139.75134,
        "name": "I1-92.中央海浜公園前交差点（北側）",
        "capacity": 10,
        "region_id": "10",
        "station_id": "00000566"
      },
      "geometry": {
        "type": "Point",
        "coordinates": [
          139.75134,
          35.595873
        ]
      }
    },
    {
      "type": "Feature",
      "properties": {
        "lat": 35.595498,
        "lon": 139.750654,
        "name": "I1-93.中央海浜公園前交差点（南側）",
        "capacity": 5,
        "region_id": "10",
        "station_id": "00000567"
      },
      "geometry": {
        "type": "Point",
        "coordinates": [
          139.750654,
          35.595498
        ]
      }
    },
    {
      "type": "Feature",
      "properties": {
        "lat": 35.584998,
        "lon": 139.761055,
        "name": "I1-95.東京レールゲート EAST",
        "capacity": 34,
        "region_id": "10",
        "station_id": "00000886"
      },
      "geometry": {
        "type": "Point",
        "coordinates": [
          139.761055,
          35.584998
        ]
      }
    },
    {
      "type": "Feature",
      "properties": {
        "lat": 35.613387,
        "lon": 139.749307,
        "name": "I1-97.トミンハイム東品川三丁目第二",
        "capacity": 24,
        "region_id": "10",
        "station_id": "00000930"
      },
      "geometry": {
        "type": "Point",
        "coordinates": [
          139.749307,
          35.613387
        ]
      }
    },
    {
      "type": "Feature",
      "properties": {
        "lat": 35.60411,
        "lon": 139.709784,
        "name": "I1-98.コーポ荏原",
        "capacity": 3,
        "region_id": "10",
        "station_id": "00001049"
      },
      "geometry": {
        "type": "Point",
        "coordinates": [
          139.709784,
          35.60411
        ]
      }
    },
    {
      "type": "Feature",
      "properties": {
        "lat": 35.61663,
        "lon": 139.74192,
        "name": "I1-99.北品川２丁目",
        "capacity": 7,
        "region_id": "10",
        "station_id": "00001050"
      },
      "geometry": {
        "type": "Point",
        "coordinates": [
          139.74192,
          35.61663
        ]
      }
    },
    {
      "type": "Feature",
      "properties": {
        "lat": 35.640675,
        "lon": 139.698088,
        "name": "J1-01.目黒区総合庁舎",
        "capacity": 10,
        "region_id": "12",
        "station_id": "00010684"
      },
      "geometry": {
        "type": "Point",
        "coordinates": [
          139.698088,
          35.640675
        ]
      }
    },
    {
      "type": "Feature",
      "properties": {
        "lat": 35.657718,
        "lon": 139.681043,
        "name": "J1-02.駒場野公園",
        "capacity": 13,
        "region_id": "12",
        "station_id": "00010685"
      },
      "geometry": {
        "type": "Point",
        "coordinates": [
          139.681043,
          35.657718
        ]
      }
    },
    {
      "type": "Feature",
      "properties": {
        "lat": 35.650688,
        "lon": 139.696696,
        "name": "J1-03.西郷山公園",
        "capacity": 14,
        "region_id": "12",
        "station_id": "00010686"
      },
      "geometry": {
        "type": "Point",
        "coordinates": [
          139.696696,
          35.650688
        ]
      }
    },
    {
      "type": "Feature",
      "properties": {
        "lat": 35.650351,
        "lon": 139.692853,
        "name": "J1-04.菅刈公園",
        "capacity": 19,
        "region_id": "12",
        "station_id": "00010687"
      },
      "geometry": {
        "type": "Point",
        "coordinates": [
          139.692853,
          35.650351
        ]
      }
    },
    {
      "type": "Feature",
      "properties": {
        "lat": 35.64853,
        "lon": 139.686309,
        "name": "J1-05.東山公園　北",
        "capacity": 30,
        "region_id": "12",
        "station_id": "00010688"
      },
      "geometry": {
        "type": "Point",
        "coordinates": [
          139.686309,
          35.64853
        ]
      }
    },
    {
      "type": "Feature",
      "properties": {
        "lat": 35.642251,
        "lon": 139.69692,
        "name": "J1-06.観音橋自転車置場",
        "capacity": 66,
        "region_id": "12",
        "station_id": "00010689"
      },
      "geometry": {
        "type": "Point",
        "coordinates": [
          139.69692,
          35.642251
        ]
      }
    },
    {
      "type": "Feature",
      "properties": {
        "lat": 35.641992,
        "lon": 139.701588,
        "name": "J1-07.目黒川船入場",
        "capacity": 12,
        "region_id": "12",
        "station_id": "00010690"
      },
      "geometry": {
        "type": "Point",
        "coordinates": [
          139.701588,
          35.641992
        ]
      }
    },
    {
      "type": "Feature",
      "properties": {
        "lat": 35.634533,
        "lon": 139.708868,
        "name": "J1-08.目黒区民センター公園",
        "capacity": 17,
        "region_id": "12",
        "station_id": "00010691"
      },
      "geometry": {
        "type": "Point",
        "coordinates": [
          139.708868,
          35.634533
        ]
      }
    },
    {
      "type": "Feature",
      "properties": {
        "lat": 35.655779,
        "lon": 139.680948,
        "name": "J1-10.NTTデータ駒場研修センター",
        "capacity": 10,
        "region_id": "12",
        "station_id": "00010717"
      },
      "geometry": {
        "type": "Point",
        "coordinates": [
          139.680948,
          35.655779
        ]
      }
    },
    {
      "type": "Feature",
      "properties": {
        "lat": 35.605828,
        "lon": 139.680265,
        "name": "J1-12.工大橋下流自転車置場",
        "capacity": 8,
        "region_id": "12",
        "station_id": "00010789"
      },
      "geometry": {
        "type": "Point",
        "coordinates": [
          139.680265,
          35.605828
        ]
      }
    },
    {
      "type": "Feature",
      "properties": {
        "lat": 35.61061,
        "lon": 139.693443,
        "name": "J1-13.洗足二丁目駐輪場",
        "capacity": 16,
        "region_id": "12",
        "station_id": "00010790"
      },
      "geometry": {
        "type": "Point",
        "coordinates": [
          139.693443,
          35.61061
        ]
      }
    },
    {
      "type": "Feature",
      "properties": {
        "lat": 35.614856,
        "lon": 139.678208,
        "name": "J1-14.二の橋自転車置場1",
        "capacity": 39,
        "region_id": "12",
        "station_id": "00010791"
      },
      "geometry": {
        "type": "Point",
        "coordinates": [
          139.678208,
          35.614856
        ]
      }
    },
    {
      "type": "Feature",
      "properties": {
        "lat": 35.614391,
        "lon": 139.678396,
        "name": "J1-15.二の橋自転車置場2",
        "capacity": 15,
        "region_id": "12",
        "station_id": "00010792"
      },
      "geometry": {
        "type": "Point",
        "coordinates": [
          139.678396,
          35.614391
        ]
      }
    },
    {
      "type": "Feature",
      "properties": {
        "lat": 35.617353,
        "lon": 139.672256,
        "name": "J1-16.八雲橋自転車置場",
        "capacity": 15,
        "region_id": "12",
        "station_id": "00010793"
      },
      "geometry": {
        "type": "Point",
        "coordinates": [
          139.672256,
          35.617353
        ]
      }
    },
    {
      "type": "Feature",
      "properties": {
        "lat": 35.613902,
        "lon": 139.691476,
        "name": "J1-17.ファミリーマート原町二丁目店",
        "capacity": 6,
        "region_id": "12",
        "station_id": "00010796"
      },
      "geometry": {
        "type": "Point",
        "coordinates": [
          139.691476,
          35.613902
        ]
      }
    },
    {
      "type": "Feature",
      "properties": {
        "lat": 35.615098,
        "lon": 139.675954,
        "name": "J1-19.NTT東日本自由が丘ビル",
        "capacity": 3,
        "region_id": "12",
        "station_id": "00010801"
      },
      "geometry": {
        "type": "Point",
        "coordinates": [
          139.675954,
          35.615098
        ]
      }
    },
    {
      "type": "Feature",
      "properties": {
        "lat": 35.617773,
        "lon": 139.685351,
        "name": "J1-20.すずめのお宿緑地公園",
        "capacity": 8,
        "region_id": "12",
        "station_id": "00010805"
      },
      "geometry": {
        "type": "Point",
        "coordinates": [
          139.685351,
          35.617773
        ]
      }
    },
    {
      "type": "Feature",
      "properties": {
        "lat": 35.630694,
        "lon": 139.690482,
        "name": "J1-21.中央緑地公園",
        "capacity": 5,
        "region_id": "12",
        "station_id": "00010806"
      },
      "geometry": {
        "type": "Point",
        "coordinates": [
          139.690482,
          35.630694
        ]
      }
    },
    {
      "type": "Feature",
      "properties": {
        "lat": 35.627373,
        "lon": 139.692044,
        "name": "J1-22.NTTコミュニケーションズ唐ヶ崎ビル",
        "capacity": 8,
        "region_id": "12",
        "station_id": "00010834"
      },
      "geometry": {
        "type": "Point",
        "coordinates": [
          139.692044,
          35.627373
        ]
      }
    },
    {
      "type": "Feature",
      "properties": {
        "lat": 35.623756,
        "lon": 139.692517,
        "name": "J1-23.清水池公園",
        "capacity": 23,
        "region_id": "12",
        "station_id": "00010839"
      },
      "geometry": {
        "type": "Point",
        "coordinates": [
          139.692517,
          35.623756
        ]
      }
    },
    {
      "type": "Feature",
      "properties": {
        "lat": 35.612389,
        "lon": 139.676238,
        "name": "J1-24.ボヌールREIWA",
        "capacity": 5,
        "region_id": "12",
        "station_id": "00010869"
      },
      "geometry": {
        "type": "Point",
        "coordinates": [
          139.676238,
          35.612389
        ]
      }
    },
    {
      "type": "Feature",
      "properties": {
        "lat": 35.625081,
        "lon": 139.682632,
        "name": "J1-25.碑文谷公園",
        "capacity": 17,
        "region_id": "12",
        "station_id": "00010886"
      },
      "geometry": {
        "type": "Point",
        "coordinates": [
          139.682632,
          35.625081
        ]
      }
    },
    {
      "type": "Feature",
      "properties": {
        "lat": 35.623459,
        "lon": 139.687128,
        "name": "J1-26.田向公園",
        "capacity": 7,
        "region_id": "12",
        "station_id": "00010887"
      },
      "geometry": {
        "type": "Point",
        "coordinates": [
          139.687128,
          35.623459
        ]
      }
    },
    {
      "type": "Feature",
      "properties": {
        "lat": 35.623215,
        "lon": 139.668472,
        "name": "J1-27.衾町公園",
        "capacity": 4,
        "region_id": "12",
        "station_id": "00010888"
      },
      "geometry": {
        "type": "Point",
        "coordinates": [
          139.668472,
          35.623215
        ]
      }
    },
    {
      "type": "Feature",
      "properties": {
        "lat": 35.617422,
        "lon": 139.664456,
        "name": "J1-28.宮前公園",
        "capacity": 5,
        "region_id": "12",
        "station_id": "00010889"
      },
      "geometry": {
        "type": "Point",
        "coordinates": [
          139.664456,
          35.617422
        ]
      }
    },
    {
      "type": "Feature",
      "properties": {
        "lat": 35.626121,
        "lon": 139.688576,
        "name": "J1-29.カスタリア目黒鷹番",
        "capacity": 5,
        "region_id": "12",
        "station_id": "00010897"
      },
      "geometry": {
        "type": "Point",
        "coordinates": [
          139.688576,
          35.626121
        ]
      }
    },
    {
      "type": "Feature",
      "properties": {
        "lat": 35.634194,
        "lon": 139.688833,
        "name": "J1-31.守屋図書館",
        "capacity": 20,
        "region_id": "12",
        "station_id": "00010983"
      },
      "geometry": {
        "type": "Point",
        "coordinates": [
          139.688833,
          35.634194
        ]
      }
    },
    {
      "type": "Feature",
      "properties": {
        "lat": 35.606793,
        "lon": 139.678372,
        "name": "J1-32.緑が丘駅前高架下",
        "capacity": 14,
        "region_id": "12",
        "station_id": "00011005"
      },
      "geometry": {
        "type": "Point",
        "coordinates": [
          139.678372,
          35.606793
        ]
      }
    },
    {
      "type": "Feature",
      "properties": {
        "lat": 35.629861,
        "lon": 139.666293,
        "name": "J1-33.芳窪街かど公園",
        "capacity": 15,
        "region_id": "12",
        "station_id": "00011023"
      },
      "geometry": {
        "type": "Point",
        "coordinates": [
          139.666293,
          35.629861
        ]
      }
    },
    {
      "type": "Feature",
      "properties": {
        "lat": 35.636269,
        "lon": 139.709073,
        "name": "J1-34.田道広場公園",
        "capacity": 11,
        "region_id": "12",
        "station_id": "00011032"
      },
      "geometry": {
        "type": "Point",
        "coordinates": [
          139.709073,
          35.636269
        ]
      }
    },
    {
      "type": "Feature",
      "properties": {
        "lat": 35.634574,
        "lon": 139.710332,
        "name": "J1-35.目黒川田道街かど公園",
        "capacity": 7,
        "region_id": "12",
        "station_id": "00011033"
      },
      "geometry": {
        "type": "Point",
        "coordinates": [
          139.710332,
          35.634574
        ]
      }
    },
    {
      "type": "Feature",
      "properties": {
        "lat": 35.629067,
        "lon": 139.711779,
        "name": "J1-36.WJ Haus",
        "capacity": 3,
        "region_id": "12",
        "station_id": "00000132"
      },
      "geometry": {
        "type": "Point",
        "coordinates": [
          139.711779,
          35.629067
        ]
      }
    },
    {
      "type": "Feature",
      "properties": {
        "lat": 35.640398,
        "lon": 139.704069,
        "name": "J1-37.中目黒公園",
        "capacity": 18,
        "region_id": "12",
        "station_id": "00000146"
      },
      "geometry": {
        "type": "Point",
        "coordinates": [
          139.704069,
          35.640398
        ]
      }
    },
    {
      "type": "Feature",
      "properties": {
        "lat": 35.626355,
        "lon": 139.700153,
        "name": "J1-38.林試の森公園 北",
        "capacity": 12,
        "region_id": "12",
        "station_id": "00000147"
      },
      "geometry": {
        "type": "Point",
        "coordinates": [
          139.700153,
          35.626355
        ]
      }
    },
    {
      "type": "Feature",
      "properties": {
        "lat": 35.655483,
        "lon": 139.687325,
        "name": "J1-39.松見坂公園",
        "capacity": 8,
        "region_id": "12",
        "station_id": "00000151"
      },
      "geometry": {
        "type": "Point",
        "coordinates": [
          139.687325,
          35.655483
        ]
      }
    },
    {
      "type": "Feature",
      "properties": {
        "lat": 35.616541,
        "lon": 139.697369,
        "name": "J1-40.西小山公園",
        "capacity": 8,
        "region_id": "12",
        "station_id": "00000156"
      },
      "geometry": {
        "type": "Point",
        "coordinates": [
          139.697369,
          35.616541
        ]
      }
    },
    {
      "type": "Feature",
      "properties": {
        "lat": 35.631319,
        "lon": 139.70237,
        "name": "J1-41.CASSIA目黒",
        "capacity": 8,
        "region_id": "12",
        "station_id": "00000157"
      },
      "geometry": {
        "type": "Point",
        "coordinates": [
          139.70237,
          35.631319
        ]
      }
    },
    {
      "type": "Feature",
      "properties": {
        "lat": 35.618622,
        "lon": 139.67596,
        "name": "J1-42.都立大学駅北口バス停前",
        "capacity": 20,
        "region_id": "12",
        "station_id": "00000158"
      },
      "geometry": {
        "type": "Point",
        "coordinates": [
          139.67596,
          35.618622
        ]
      }
    },
    {
      "type": "Feature",
      "properties": {
        "lat": 35.63237,
        "lon": 139.712681,
        "name": "J1-43.アルコタワー・ホテル雅叙園東京",
        "capacity": 11,
        "region_id": "12",
        "station_id": "00000372"
      },
      "geometry": {
        "type": "Point",
        "coordinates": [
          139.712681,
          35.63237
        ]
      }
    },
    {
      "type": "Feature",
      "properties": {
        "lat": 35.634441,
        "lon": 139.687186,
        "name": "J1-44.五本木2丁目",
        "capacity": 8,
        "region_id": "12",
        "station_id": "00000487"
      },
      "geometry": {
        "type": "Point",
        "coordinates": [
          139.687186,
          35.634441
        ]
      }
    },
    {
      "type": "Feature",
      "properties": {
        "lat": 35.63767,
        "lon": 139.7045,
        "name": "J1-45.プラウド中目黒",
        "capacity": 3,
        "region_id": "12",
        "station_id": "00000611"
      },
      "geometry": {
        "type": "Point",
        "coordinates": [
          139.7045,
          35.63767
        ]
      }
    },
    {
      "type": "Feature",
      "properties": {
        "lat": 35.632735,
        "lon": 139.683899,
        "name": "J1-46.五本木西みどり街かど公園",
        "capacity": 4,
        "region_id": "12",
        "station_id": "00000612"
      },
      "geometry": {
        "type": "Point",
        "coordinates": [
          139.683899,
          35.632735
        ]
      }
    },
    {
      "type": "Feature",
      "properties": {
        "lat": 35.61847,
        "lon": 139.70019,
        "name": "J1-47.本町みなみ街かど公園",
        "capacity": 18,
        "region_id": "12",
        "station_id": "00000613"
      },
      "geometry": {
        "type": "Point",
        "coordinates": [
          139.70019,
          35.61847
        ]
      }
    },
    {
      "type": "Feature",
      "properties": {
        "lat": 35.64372,
        "lon": 139.68777,
        "name": "J1-48.グランドエクセル祐天寺",
        "capacity": 6,
        "region_id": "12",
        "station_id": "00000618"
      },
      "geometry": {
        "type": "Point",
        "coordinates": [
          139.68777,
          35.64372
        ]
      }
    },
    {
      "type": "Feature",
      "properties": {
        "lat": 35.638864,
        "lon": 139.696568,
        "name": "J1-49.伊勢脇公園",
        "capacity": 4,
        "region_id": "12",
        "station_id": "00000667"
      },
      "geometry": {
        "type": "Point",
        "coordinates": [
          139.696568,
          35.638864
        ]
      }
    },
    {
      "type": "Feature",
      "properties": {
        "lat": 35.609958,
        "lon": 139.684087,
        "name": "J1-50.大岡山公園",
        "capacity": 4,
        "region_id": "12",
        "station_id": "00000668"
      },
      "geometry": {
        "type": "Point",
        "coordinates": [
          139.684087,
          35.609958
        ]
      }
    },
    {
      "type": "Feature",
      "properties": {
        "lat": 35.650627,
        "lon": 139.687228,
        "name": "J1-51.池尻大橋駅東口駐輪場",
        "capacity": 5,
        "region_id": "12",
        "station_id": "00000669"
      },
      "geometry": {
        "type": "Point",
        "coordinates": [
          139.687228,
          35.650627
        ]
      }
    },
    {
      "type": "Feature",
      "properties": {
        "lat": 35.629807,
        "lon": 139.662398,
        "name": "J1-52.駒沢一丁目公園前",
        "capacity": 10,
        "region_id": "12",
        "station_id": "00000763"
      },
      "geometry": {
        "type": "Point",
        "coordinates": [
          139.662398,
          35.629807
        ]
      }
    },
    {
      "type": "Feature",
      "properties": {
        "lat": 35.612833,
        "lon": 139.675047,
        "name": "J1-53.ボヌールAllamanda",
        "capacity": 5,
        "region_id": "12",
        "station_id": "00000776"
      },
      "geometry": {
        "type": "Point",
        "coordinates": [
          139.675047,
          35.612833
        ]
      }
    },
    {
      "type": "Feature",
      "properties": {
        "lat": 35.638904,
        "lon": 139.712518,
        "name": "J1-54.田道住区センター三田分室",
        "capacity": 5,
        "region_id": "12",
        "station_id": "00000903"
      },
      "geometry": {
        "type": "Point",
        "coordinates": [
          139.712518,
          35.638904
        ]
      }
    },
    {
      "type": "Feature",
      "properties": {
        "lat": 35.654009,
        "lon": 139.692727,
        "name": "J1-56.青葉台四丁目街かど公園",
        "capacity": 6,
        "region_id": "12",
        "station_id": "00000904"
      },
      "geometry": {
        "type": "Point",
        "coordinates": [
          139.692727,
          35.654009
        ]
      }
    },
    {
      "type": "Feature",
      "properties": {
        "lat": 35.606667,
        "lon": 139.667324,
        "name": "J1-57.トレインチ自由が丘",
        "capacity": 2,
        "region_id": "12",
        "station_id": "00001107"
      },
      "geometry": {
        "type": "Point",
        "coordinates": [
          139.667324,
          35.606667
        ]
      }
    },
    {
      "type": "Feature",
      "properties": {
        "lat": 35.629011,
        "lon": 139.69716,
        "name": "J1-58.目黒女子会館前",
        "capacity": 1,
        "region_id": "12",
        "station_id": "00001347"
      },
      "geometry": {
        "type": "Point",
        "coordinates": [
          139.69716,
          35.629011
        ]
      }
    },
    {
      "type": "Feature",
      "properties": {
        "lat": 35.647704,
        "lon": 139.693671,
        "name": "J1-59.第44興和ビル",
        "capacity": 3,
        "region_id": "12",
        "station_id": "00001630"
      },
      "geometry": {
        "type": "Point",
        "coordinates": [
          139.693671,
          35.647704
        ]
      }
    },
    {
      "type": "Feature",
      "properties": {
        "lat": 35.616836,
        "lon": 139.674072,
        "name": "J1-60.中根1丁目浜野プランニング",
        "capacity": 7,
        "region_id": "12",
        "station_id": "00002643"
      },
      "geometry": {
        "type": "Point",
        "coordinates": [
          139.674072,
          35.616836
        ]
      }
    },
    {
      "type": "Feature",
      "properties": {
        "lat": 35.629284,
        "lon": 139.690878,
        "name": "J1-62.目黒区中央町１丁目",
        "capacity": 14,
        "region_id": "12",
        "station_id": "00002745"
      },
      "geometry": {
        "type": "Point",
        "coordinates": [
          139.690878,
          35.629284
        ]
      }
    },
    {
      "type": "Feature",
      "properties": {
        "lat": 35.606108,
        "lon": 139.680211,
        "name": "J1-63.大岡山2丁目",
        "capacity": 9,
        "region_id": "12",
        "station_id": "00002845"
      },
      "geometry": {
        "type": "Point",
        "coordinates": [
          139.680211,
          35.606108
        ]
      }
    },
    {
      "type": "Feature",
      "properties": {
        "lat": 35.616637,
        "lon": 139.699698,
        "name": "J1-64.東急西小山駅（北）駐輪場",
        "capacity": 23,
        "region_id": "12",
        "station_id": "00003540"
      },
      "geometry": {
        "type": "Point",
        "coordinates": [
          139.699698,
          35.616637
        ]
      }
    },
    {
      "type": "Feature",
      "properties": {
        "lat": 35.62257,
        "lon": 139.699875,
        "name": "J1-65.目黒本町3丁目",
        "capacity": 7,
        "region_id": "12",
        "station_id": "00004309"
      },
      "geometry": {
        "type": "Point",
        "coordinates": [
          139.699875,
          35.62257
        ]
      }
    },
    {
      "type": "Feature",
      "properties": {
        "lat": 35.62584,
        "lon": 139.68823,
        "name": "J1-66.レピュア学芸大学レジデンス",
        "capacity": 8,
        "region_id": "12",
        "station_id": "00004585"
      },
      "geometry": {
        "type": "Point",
        "coordinates": [
          139.68823,
          35.62584
        ]
      }
    },
    {
      "type": "Feature",
      "properties": {
        "lat": 35.619774,
        "lon": 139.675895,
        "name": "J1-67.柿の木坂アベニュー",
        "capacity": 5,
        "region_id": "12",
        "station_id": "00005206"
      },
      "geometry": {
        "type": "Point",
        "coordinates": [
          139.675895,
          35.619774
        ]
      }
    },
    {
      "type": "Feature",
      "properties": {
        "lat": 35.61414,
        "lon": 139.664311,
        "name": "J1-68.チェスナットヒルズ",
        "capacity": 2,
        "region_id": "12",
        "station_id": "00005305"
      },
      "geometry": {
        "type": "Point",
        "coordinates": [
          139.664311,
          35.61414
        ]
      }
    },
    {
      "type": "Feature",
      "properties": {
        "lat": 35.631289,
        "lon": 139.711002,
        "name": "J1-69.東和ビルⅡ",
        "capacity": 3,
        "region_id": "12",
        "station_id": "00005309"
      },
      "geometry": {
        "type": "Point",
        "coordinates": [
          139.711002,
          35.631289
        ]
      }
    },
    {
      "type": "Feature",
      "properties": {
        "lat": 35.629911,
        "lon": 139.671038,
        "name": "J1-70.東が丘 - 駒沢",
        "capacity": 32,
        "region_id": "12",
        "station_id": "00005343"
      },
      "geometry": {
        "type": "Point",
        "coordinates": [
          139.671038,
          35.629911
        ]
      }
    },
    {
      "type": "Feature",
      "properties": {
        "lat": 35.629921,
        "lon": 139.707234,
        "name": "J1-71.下目黒4丁目3－1駐車場",
        "capacity": 5,
        "region_id": "12",
        "station_id": "00005540"
      },
      "geometry": {
        "type": "Point",
        "coordinates": [
          139.707234,
          35.629921
        ]
      }
    },
    {
      "type": "Feature",
      "properties": {
        "lat": 35.650472,
        "lon": 139.687198,
        "name": "J1-72.オーパス目黒大橋駐車場",
        "capacity": 5,
        "region_id": "12",
        "station_id": "00005557"
      },
      "geometry": {
        "type": "Point",
        "coordinates": [
          139.687198,
          35.650472
        ]
      }
    },
    {
      "type": "Feature",
      "properties": {
        "lat": 35.576914,
        "lon": 139.742281,
        "name": "K1-01.大森海苔のふるさと館",
        "capacity": 9,
        "region_id": "7",
        "station_id": "00010285"
      },
      "geometry": {
        "type": "Point",
        "coordinates": [
          139.742281,
          35.576914
        ]
      }
    },
    {
      "type": "Feature",
      "properties": {
        "lat": 35.579049,
        "lon": 139.739878,
        "name": "K1-02.平和の森公園",
        "capacity": 14,
        "region_id": "7",
        "station_id": "00010286"
      },
      "geometry": {
        "type": "Point",
        "coordinates": [
          139.739878,
          35.579049
        ]
      }
    },
    {
      "type": "Feature",
      "properties": {
        "lat": 35.576593,
        "lon": 139.706597,
        "name": "K1-03.池上会館",
        "capacity": 9,
        "region_id": "7",
        "station_id": "00010287"
      },
      "geometry": {
        "type": "Point",
        "coordinates": [
          139.706597,
          35.576593
        ]
      }
    },
    {
      "type": "Feature",
      "properties": {
        "lat": 35.559483,
        "lon": 139.724273,
        "name": "K1-04.京急蒲田駅東口",
        "capacity": 17,
        "region_id": "7",
        "station_id": "00010288"
      },
      "geometry": {
        "type": "Point",
        "coordinates": [
          139.724273,
          35.559483
        ]
      }
    },
    {
      "type": "Feature",
      "properties": {
        "lat": 35.581832,
        "lon": 139.741581,
        "name": "K1-05.平和島公園プール",
        "capacity": 15,
        "region_id": "7",
        "station_id": "00010289"
      },
      "geometry": {
        "type": "Point",
        "coordinates": [
          139.741581,
          35.581832
        ]
      }
    },
    {
      "type": "Feature",
      "properties": {
        "lat": 35.585269,
        "lon": 139.726279,
        "name": "K1-06.大森駅入新井自転車駐車場",
        "capacity": 11,
        "region_id": "7",
        "station_id": "00010290"
      },
      "geometry": {
        "type": "Point",
        "coordinates": [
          139.726279,
          35.585269
        ]
      }
    },
    {
      "type": "Feature",
      "properties": {
        "lat": 35.562368,
        "lon": 139.730143,
        "name": "K1-08.セブン‐イレブン 大田区東蒲田キネマ通り店",
        "capacity": 9,
        "region_id": "7",
        "station_id": "00010310"
      },
      "geometry": {
        "type": "Point",
        "coordinates": [
          139.730143,
          35.562368
        ]
      }
    },
    {
      "type": "Feature",
      "properties": {
        "lat": 35.570763,
        "lon": 139.705895,
        "name": "K1-09.セブン‐イレブン 大田区西蒲田２丁目店",
        "capacity": 15,
        "region_id": "7",
        "station_id": "00010314"
      },
      "geometry": {
        "type": "Point",
        "coordinates": [
          139.705895,
          35.570763
        ]
      }
    },
    {
      "type": "Feature",
      "properties": {
        "lat": 35.559647,
        "lon": 139.730098,
        "name": "K1-10.セブン‐イレブン 大田区西糀谷１丁目店",
        "capacity": 9,
        "region_id": "7",
        "station_id": "00010315"
      },
      "geometry": {
        "type": "Point",
        "coordinates": [
          139.730098,
          35.559647
        ]
      }
    },
    {
      "type": "Feature",
      "properties": {
        "lat": 35.589794,
        "lon": 139.666955,
        "name": "K1-100.多摩川台公園",
        "capacity": 5,
        "region_id": "7",
        "station_id": "00000199"
      },
      "geometry": {
        "type": "Point",
        "coordinates": [
          139.666955,
          35.589794
        ]
      }
    },
    {
      "type": "Feature",
      "properties": {
        "lat": 35.599541,
        "lon": 139.697962,
        "name": "K1-101.小池公園",
        "capacity": 5,
        "region_id": "7",
        "station_id": "00000200"
      },
      "geometry": {
        "type": "Point",
        "coordinates": [
          139.697962,
          35.599541
        ]
      }
    },
    {
      "type": "Feature",
      "properties": {
        "lat": 35.595119,
        "lon": 139.6996,
        "name": "K1-102.上池台四丁目公園",
        "capacity": 7,
        "region_id": "7",
        "station_id": "00000201"
      },
      "geometry": {
        "type": "Point",
        "coordinates": [
          139.6996,
          35.595119
        ]
      }
    },
    {
      "type": "Feature",
      "properties": {
        "lat": 35.594515,
        "lon": 139.691219,
        "name": "K1-103.雪谷特別出張所",
        "capacity": 7,
        "region_id": "7",
        "station_id": "00000232"
      },
      "geometry": {
        "type": "Point",
        "coordinates": [
          139.691219,
          35.594515
        ]
      }
    },
    {
      "type": "Feature",
      "properties": {
        "lat": 35.543573,
        "lon": 139.714393,
        "name": "K1-104.六郷BASE",
        "capacity": 6,
        "region_id": "7",
        "station_id": "00000233"
      },
      "geometry": {
        "type": "Point",
        "coordinates": [
          139.714393,
          35.543573
        ]
      }
    },
    {
      "type": "Feature",
      "properties": {
        "lat": 35.555702,
        "lon": 139.740802,
        "name": "K1-105.東糀谷二丁目児童公園",
        "capacity": 4,
        "region_id": "7",
        "station_id": "00000234"
      },
      "geometry": {
        "type": "Point",
        "coordinates": [
          139.740802,
          35.555702
        ]
      }
    },
    {
      "type": "Feature",
      "properties": {
        "lat": 35.599329,
        "lon": 139.703343,
        "name": "K1-106.ファミリーマート上池台夫婦坂店",
        "capacity": 10,
        "region_id": "7",
        "station_id": "00000246"
      },
      "geometry": {
        "type": "Point",
        "coordinates": [
          139.703343,
          35.599329
        ]
      }
    },
    {
      "type": "Feature",
      "properties": {
        "lat": 35.596854,
        "lon": 139.712139,
        "name": "K1-107.馬込駅A2出口",
        "capacity": 8,
        "region_id": "7",
        "station_id": "00000269"
      },
      "geometry": {
        "type": "Point",
        "coordinates": [
          139.712139,
          35.596854
        ]
      }
    },
    {
      "type": "Feature",
      "properties": {
        "lat": 35.557999,
        "lon": 139.732564,
        "name": "K1-108.仲江名公園",
        "capacity": 3,
        "region_id": "7",
        "station_id": "00000270"
      },
      "geometry": {
        "type": "Point",
        "coordinates": [
          139.732564,
          35.557999
        ]
      }
    },
    {
      "type": "Feature",
      "properties": {
        "lat": 35.549323,
        "lon": 139.737091,
        "name": "K1-109.萩中公園プール駐輪場",
        "capacity": 9,
        "region_id": "7",
        "station_id": "00000271"
      },
      "geometry": {
        "type": "Point",
        "coordinates": [
          139.737091,
          35.549323
        ]
      }
    },
    {
      "type": "Feature",
      "properties": {
        "lat": 35.558289,
        "lon": 139.697403,
        "name": "K1-11.ファミリーマート大田多摩川二丁目店",
        "capacity": 4,
        "region_id": "7",
        "station_id": "00010322"
      },
      "geometry": {
        "type": "Point",
        "coordinates": [
          139.697403,
          35.558289
        ]
      }
    },
    {
      "type": "Feature",
      "properties": {
        "lat": 35.550479,
        "lon": 139.739538,
        "name": "K1-110.萩中集会所裏",
        "capacity": 26,
        "region_id": "7",
        "station_id": "00000272"
      },
      "geometry": {
        "type": "Point",
        "coordinates": [
          139.739538,
          35.550479
        ]
      }
    },
    {
      "type": "Feature",
      "properties": {
        "lat": 35.546499,
        "lon": 139.736761,
        "name": "K1-111.本羽田公園",
        "capacity": 8,
        "region_id": "7",
        "station_id": "00000273"
      },
      "geometry": {
        "type": "Point",
        "coordinates": [
          139.736761,
          35.546499
        ]
      }
    },
    {
      "type": "Feature",
      "properties": {
        "lat": 35.594658,
        "lon": 139.700133,
        "name": "K1-113.ファミリーマート大田上池台四丁目店",
        "capacity": 7,
        "region_id": "7",
        "station_id": "00000291"
      },
      "geometry": {
        "type": "Point",
        "coordinates": [
          139.700133,
          35.594658
        ]
      }
    },
    {
      "type": "Feature",
      "properties": {
        "lat": 35.568722,
        "lon": 139.680736,
        "name": "K1-114.下丸子公園",
        "capacity": 8,
        "region_id": "7",
        "station_id": "00000301"
      },
      "geometry": {
        "type": "Point",
        "coordinates": [
          139.680736,
          35.568722
        ]
      }
    },
    {
      "type": "Feature",
      "properties": {
        "lat": 35.565685,
        "lon": 139.736195,
        "name": "K1-115.旧呑川緑地（大森中三丁目）",
        "capacity": 9,
        "region_id": "7",
        "station_id": "00000302"
      },
      "geometry": {
        "type": "Point",
        "coordinates": [
          139.736195,
          35.565685
        ]
      }
    },
    {
      "type": "Feature",
      "properties": {
        "lat": 35.567176,
        "lon": 139.742345,
        "name": "K1-116.旧呑川緑地（大森東五丁目）",
        "capacity": 12,
        "region_id": "7",
        "station_id": "00000303"
      },
      "geometry": {
        "type": "Point",
        "coordinates": [
          139.742345,
          35.567176
        ]
      }
    },
    {
      "type": "Feature",
      "properties": {
        "lat": 35.581798,
        "lon": 139.695222,
        "name": "K1-117.安詳寺",
        "capacity": 13,
        "region_id": "7",
        "station_id": "00000375"
      },
      "geometry": {
        "type": "Point",
        "coordinates": [
          139.695222,
          35.581798
        ]
      }
    },
    {
      "type": "Feature",
      "properties": {
        "lat": 35.580741,
        "lon": 139.687152,
        "name": "K1-118.久が原3丁目",
        "capacity": 10,
        "region_id": "7",
        "station_id": "00000376"
      },
      "geometry": {
        "type": "Point",
        "coordinates": [
          139.687152,
          35.580741
        ]
      }
    },
    {
      "type": "Feature",
      "properties": {
        "lat": 35.58223,
        "lon": 139.72763,
        "name": "K1-119.シーンズ大森パークサイド",
        "capacity": 4,
        "region_id": "7",
        "station_id": "00000453"
      },
      "geometry": {
        "type": "Point",
        "coordinates": [
          139.72763,
          35.58223
        ]
      }
    },
    {
      "type": "Feature",
      "properties": {
        "lat": 35.540579,
        "lon": 139.754506,
        "name": "K1-121.東京広域ポート（川崎LiSE）",
        "capacity": 11,
        "region_id": "7",
        "station_id": "00000643"
      },
      "geometry": {
        "type": "Point",
        "coordinates": [
          139.754506,
          35.540579
        ]
      }
    },
    {
      "type": "Feature",
      "properties": {
        "lat": 35.581347,
        "lon": 139.662265,
        "name": "K1-122.東急新丸子駅駐輪場",
        "capacity": 21,
        "region_id": "7",
        "station_id": "00000644"
      },
      "geometry": {
        "type": "Point",
        "coordinates": [
          139.662265,
          35.581347
        ]
      }
    },
    {
      "type": "Feature",
      "properties": {
        "lat": 35.577794,
        "lon": 139.660751,
        "name": "K1-123.東急新丸子駅（東）駐輪場",
        "capacity": 12,
        "region_id": "7",
        "station_id": "00000645"
      },
      "geometry": {
        "type": "Point",
        "coordinates": [
          139.660751,
          35.577794
        ]
      }
    },
    {
      "type": "Feature",
      "properties": {
        "lat": 35.564161,
        "lon": 139.695187,
        "name": "K1-124.矢口2丁目",
        "capacity": 10,
        "region_id": "7",
        "station_id": "00000652"
      },
      "geometry": {
        "type": "Point",
        "coordinates": [
          139.695187,
          35.564161
        ]
      }
    },
    {
      "type": "Feature",
      "properties": {
        "lat": 35.571866,
        "lon": 139.703214,
        "name": "K1-125.池上駅南口第1",
        "capacity": 3,
        "region_id": "7",
        "station_id": "00000377"
      },
      "geometry": {
        "type": "Point",
        "coordinates": [
          139.703214,
          35.571866
        ]
      }
    },
    {
      "type": "Feature",
      "properties": {
        "lat": 35.571815,
        "lon": 139.702387,
        "name": "K1-126.池上駅南口第2",
        "capacity": 3,
        "region_id": "7",
        "station_id": "00000378"
      },
      "geometry": {
        "type": "Point",
        "coordinates": [
          139.702387,
          35.571815
        ]
      }
    },
    {
      "type": "Feature",
      "properties": {
        "lat": 35.559286,
        "lon": 139.722611,
        "name": "K1-127.第二石井ビル",
        "capacity": 2,
        "region_id": "7",
        "station_id": "00000705"
      },
      "geometry": {
        "type": "Point",
        "coordinates": [
          139.722611,
          35.559286
        ]
      }
    },
    {
      "type": "Feature",
      "properties": {
        "lat": 35.571975,
        "lon": 139.732137,
        "name": "K1-128.大森西3丁目",
        "capacity": 15,
        "region_id": "7",
        "station_id": "00000855"
      },
      "geometry": {
        "type": "Point",
        "coordinates": [
          139.732137,
          35.571975
        ]
      }
    },
    {
      "type": "Feature",
      "properties": {
        "lat": 35.557427,
        "lon": 139.739126,
        "name": "K1-129.ローソン東糀谷一丁目店",
        "capacity": 10,
        "region_id": "7",
        "station_id": "00000869"
      },
      "geometry": {
        "type": "Point",
        "coordinates": [
          139.739126,
          35.557427
        ]
      }
    },
    {
      "type": "Feature",
      "properties": {
        "lat": 35.567146,
        "lon": 139.693344,
        "name": "K1-131.東急武蔵新田駅駐輪場",
        "capacity": 14,
        "region_id": "7",
        "station_id": "00000978"
      },
      "geometry": {
        "type": "Point",
        "coordinates": [
          139.693344,
          35.567146
        ]
      }
    },
    {
      "type": "Feature",
      "properties": {
        "lat": 35.587232,
        "lon": 139.669519,
        "name": "K1-132.多摩川駅前自転車等駐車場",
        "capacity": 19,
        "region_id": "7",
        "station_id": "00000977"
      },
      "geometry": {
        "type": "Point",
        "coordinates": [
          139.669519,
          35.587232
        ]
      }
    },
    {
      "type": "Feature",
      "properties": {
        "lat": 35.584217,
        "lon": 139.759232,
        "name": "K1-133.東京港野鳥公園",
        "capacity": 13,
        "region_id": "7",
        "station_id": "00000996"
      },
      "geometry": {
        "type": "Point",
        "coordinates": [
          139.759232,
          35.584217
        ]
      }
    },
    {
      "type": "Feature",
      "properties": {
        "lat": 35.588363,
        "lon": 139.69042,
        "name": "K1-134.東調布公園",
        "capacity": 10,
        "region_id": "7",
        "station_id": "00000995"
      },
      "geometry": {
        "type": "Point",
        "coordinates": [
          139.69042,
          35.588363
        ]
      }
    },
    {
      "type": "Feature",
      "properties": {
        "lat": 35.608633,
        "lon": 139.693653,
        "name": "K1-135.北千束2丁目",
        "capacity": 6,
        "region_id": "7",
        "station_id": "00001146"
      },
      "geometry": {
        "type": "Point",
        "coordinates": [
          139.693653,
          35.608633
        ]
      }
    },
    {
      "type": "Feature",
      "properties": {
        "lat": 35.585489,
        "lon": 139.740194,
        "name": "K1-136.BIG FUN 平和島",
        "capacity": 11,
        "region_id": "7",
        "station_id": "00001144"
      },
      "geometry": {
        "type": "Point",
        "coordinates": [
          139.740194,
          35.585489
        ]
      }
    },
    {
      "type": "Feature",
      "properties": {
        "lat": 35.571578,
        "lon": 139.770532,
        "name": "K1-137.京浜島つばさ公園",
        "capacity": 10,
        "region_id": "7",
        "station_id": "00001145"
      },
      "geometry": {
        "type": "Point",
        "coordinates": [
          139.770532,
          35.571578
        ]
      }
    },
    {
      "type": "Feature",
      "properties": {
        "lat": 35.544534,
        "lon": 139.763244,
        "name": "K1-138.羽田エアポートガーデン",
        "capacity": 10,
        "region_id": "7",
        "station_id": "00001299"
      },
      "geometry": {
        "type": "Point",
        "coordinates": [
          139.763244,
          35.544534
        ]
      }
    },
    {
      "type": "Feature",
      "properties": {
        "lat": 35.548104,
        "lon": 139.748889,
        "name": "K1-139.プラットホステル京急 羽田ホーム",
        "capacity": 10,
        "region_id": "7",
        "station_id": "00001346"
      },
      "geometry": {
        "type": "Point",
        "coordinates": [
          139.748889,
          35.548104
        ]
      }
    },
    {
      "type": "Feature",
      "properties": {
        "lat": 35.578239,
        "lon": 139.723262,
        "name": "K1-14.大森地域庁舎",
        "capacity": 6,
        "region_id": "7",
        "station_id": "00010332"
      },
      "geometry": {
        "type": "Point",
        "coordinates": [
          139.723262,
          35.578239
        ]
      }
    },
    {
      "type": "Feature",
      "properties": {
        "lat": 35.586382,
        "lon": 139.705116,
        "name": "K1-140.西馬込駅前自転車駐車場(奥)",
        "capacity": 15,
        "region_id": "7",
        "station_id": "00001371"
      },
      "geometry": {
        "type": "Point",
        "coordinates": [
          139.705116,
          35.586382
        ]
      }
    },
    {
      "type": "Feature",
      "properties": {
        "lat": 35.561291,
        "lon": 139.715076,
        "name": "K1-141.蒲田駅西口歩道",
        "capacity": 1,
        "region_id": "7",
        "station_id": "00001523"
      },
      "geometry": {
        "type": "Point",
        "coordinates": [
          139.715076,
          35.561291
        ]
      }
    },
    {
      "type": "Feature",
      "properties": {
        "lat": 35.604567,
        "lon": 139.689096,
        "name": "K1-142.コーラル洗足池",
        "capacity": 5,
        "region_id": "7",
        "station_id": "00001629"
      },
      "geometry": {
        "type": "Point",
        "coordinates": [
          139.689096,
          35.604567
        ]
      }
    },
    {
      "type": "Feature",
      "properties": {
        "lat": 35.584914,
        "lon": 139.730504,
        "name": "K1-143.大森北1丁目",
        "capacity": 60,
        "region_id": "7",
        "station_id": "00001680"
      },
      "geometry": {
        "type": "Point",
        "coordinates": [
          139.730504,
          35.584914
        ]
      }
    },
    {
      "type": "Feature",
      "properties": {
        "lat": 35.559809,
        "lon": 139.716993,
        "name": "K1-144.蒲田五丁目44番自転車駐車場",
        "capacity": 9,
        "region_id": "7",
        "station_id": "00001793"
      },
      "geometry": {
        "type": "Point",
        "coordinates": [
          139.716993,
          35.559809
        ]
      }
    },
    {
      "type": "Feature",
      "properties": {
        "lat": 35.58209,
        "lon": 139.701362,
        "name": "K1-145.トヨタモビリティ東京馬込テクニカル研修センター",
        "capacity": 13,
        "region_id": "7",
        "station_id": "00001837"
      },
      "geometry": {
        "type": "Point",
        "coordinates": [
          139.701362,
          35.58209
        ]
      }
    },
    {
      "type": "Feature",
      "properties": {
        "lat": 35.582743,
        "lon": 139.710561,
        "name": "K1-146.南馬込6丁目25-11",
        "capacity": 4,
        "region_id": "7",
        "station_id": "00001924"
      },
      "geometry": {
        "type": "Point",
        "coordinates": [
          139.710561,
          35.582743
        ]
      }
    },
    {
      "type": "Feature",
      "properties": {
        "lat": 35.552741,
        "lon": 139.718404,
        "name": "K1-147.トヨタモビリティ東京GRGarage東京蒲田店",
        "capacity": 2,
        "region_id": "7",
        "station_id": "00001992"
      },
      "geometry": {
        "type": "Point",
        "coordinates": [
          139.718404,
          35.552741
        ]
      }
    },
    {
      "type": "Feature",
      "properties": {
        "lat": 35.552068,
        "lon": 139.71747,
        "name": "K1-148.トヨタモビリティ東京 蒲田仲六郷店",
        "capacity": 6,
        "region_id": "7",
        "station_id": "00001993"
      },
      "geometry": {
        "type": "Point",
        "coordinates": [
          139.71747,
          35.552068
        ]
      }
    },
    {
      "type": "Feature",
      "properties": {
        "lat": 35.59336,
        "lon": 139.715879,
        "name": "K1-149.トヨタモビリティ東京 大田店",
        "capacity": 5,
        "region_id": "7",
        "station_id": "00001995"
      },
      "geometry": {
        "type": "Point",
        "coordinates": [
          139.715879,
          35.59336
        ]
      }
    },
    {
      "type": "Feature",
      "properties": {
        "lat": 35.56694,
        "lon": 139.716331,
        "name": "K1-15.セブン‐イレブン 大田区西蒲田店",
        "capacity": 7,
        "region_id": "7",
        "station_id": "00010333"
      },
      "geometry": {
        "type": "Point",
        "coordinates": [
          139.716331,
          35.56694
        ]
      }
    },
    {
      "type": "Feature",
      "properties": {
        "lat": 35.568019,
        "lon": 139.696379,
        "name": "K1-150.トヨタモビリティ東京 池上第二京浜店",
        "capacity": 5,
        "region_id": "7",
        "station_id": "00001994"
      },
      "geometry": {
        "type": "Point",
        "coordinates": [
          139.696379,
          35.568019
        ]
      }
    },
    {
      "type": "Feature",
      "properties": {
        "lat": 35.549465,
        "lon": 139.711157,
        "name": "K1-151.PATH仲六郷",
        "capacity": 9,
        "region_id": "7",
        "station_id": "00002209"
      },
      "geometry": {
        "type": "Point",
        "coordinates": [
          139.711157,
          35.549465
        ]
      }
    },
    {
      "type": "Feature",
      "properties": {
        "lat": 35.543327,
        "lon": 139.703223,
        "name": "K1-152.アットホームスクエア前",
        "capacity": 8,
        "region_id": "7",
        "station_id": "00002239"
      },
      "geometry": {
        "type": "Point",
        "coordinates": [
          139.703223,
          35.543327
        ]
      }
    },
    {
      "type": "Feature",
      "properties": {
        "lat": 35.57761,
        "lon": 139.70014,
        "name": "K1-153.アロー池上店",
        "capacity": 10,
        "region_id": "7",
        "station_id": "00002583"
      },
      "geometry": {
        "type": "Point",
        "coordinates": [
          139.70014,
          35.57761
        ]
      }
    },
    {
      "type": "Feature",
      "properties": {
        "lat": 35.57838,
        "lon": 139.70098,
        "name": "K1-154.大田池上病院",
        "capacity": 3,
        "region_id": "7",
        "station_id": "00002641"
      },
      "geometry": {
        "type": "Point",
        "coordinates": [
          139.70098,
          35.57838
        ]
      }
    },
    {
      "type": "Feature",
      "properties": {
        "lat": 35.58469,
        "lon": 139.710088,
        "name": "K1-155.ハイタウン南馬込",
        "capacity": 5,
        "region_id": "7",
        "station_id": "00002827"
      },
      "geometry": {
        "type": "Point",
        "coordinates": [
          139.710088,
          35.58469
        ]
      }
    },
    {
      "type": "Feature",
      "properties": {
        "lat": 35.562418,
        "lon": 139.687586,
        "name": "K1-156.下丸子多摩川公園",
        "capacity": 23,
        "region_id": "7",
        "station_id": "00002826"
      },
      "geometry": {
        "type": "Point",
        "coordinates": [
          139.687586,
          35.562418
        ]
      }
    },
    {
      "type": "Feature",
      "properties": {
        "lat": 35.594501,
        "lon": 139.701404,
        "name": "K1-157.稲荷坂児童公園",
        "capacity": 3,
        "region_id": "7",
        "station_id": "00002828"
      },
      "geometry": {
        "type": "Point",
        "coordinates": [
          139.701404,
          35.594501
        ]
      }
    },
    {
      "type": "Feature",
      "properties": {
        "lat": 35.560655,
        "lon": 139.699126,
        "name": "K1-158.多摩川1丁目",
        "capacity": 5,
        "region_id": "7",
        "station_id": "00002844"
      },
      "geometry": {
        "type": "Point",
        "coordinates": [
          139.699126,
          35.560655
        ]
      }
    },
    {
      "type": "Feature",
      "properties": {
        "lat": 35.585874,
        "lon": 139.752145,
        "name": "K1-159.臨海斎場",
        "capacity": 7,
        "region_id": "7",
        "station_id": "00002896"
      },
      "geometry": {
        "type": "Point",
        "coordinates": [
          139.752145,
          35.585874
        ]
      }
    },
    {
      "type": "Feature",
      "properties": {
        "lat": 35.563092,
        "lon": 139.693548,
        "name": "K1-16.ファミリーマート 矢口二丁目店",
        "capacity": 6,
        "region_id": "7",
        "station_id": "00010334"
      },
      "geometry": {
        "type": "Point",
        "coordinates": [
          139.693548,
          35.563092
        ]
      }
    },
    {
      "type": "Feature",
      "properties": {
        "lat": 35.571393,
        "lon": 139.765882,
        "name": "K1-160.東横イン電建　京浜島ものづくり研究センター",
        "capacity": 8,
        "region_id": "7",
        "station_id": "00002942"
      },
      "geometry": {
        "type": "Point",
        "coordinates": [
          139.765882,
          35.571393
        ]
      }
    },
    {
      "type": "Feature",
      "properties": {
        "lat": 35.555286,
        "lon": 139.729097,
        "name": "K1-161.セブン-イレブン大田区西糀谷4丁目店",
        "capacity": 3,
        "region_id": "7",
        "station_id": "00002913"
      },
      "geometry": {
        "type": "Point",
        "coordinates": [
          139.729097,
          35.555286
        ]
      }
    },
    {
      "type": "Feature",
      "properties": {
        "lat": 35.563415,
        "lon": 139.735293,
        "name": "K1-162.セブン-イレブン 大田区北糀谷1丁目店",
        "capacity": 5,
        "region_id": "7",
        "station_id": "00002991"
      },
      "geometry": {
        "type": "Point",
        "coordinates": [
          139.735293,
          35.563415
        ]
      }
    },
    {
      "type": "Feature",
      "properties": {
        "lat": 35.606801,
        "lon": 139.693638,
        "name": "K1-163.大田区北千束2丁目",
        "capacity": 30,
        "region_id": "7",
        "station_id": "00003048"
      },
      "geometry": {
        "type": "Point",
        "coordinates": [
          139.693638,
          35.606801
        ]
      }
    },
    {
      "type": "Feature",
      "properties": {
        "lat": 35.552838,
        "lon": 139.716711,
        "name": "K1-164.京急仲六郷１丁目マルチモビリティステーション",
        "capacity": 8,
        "region_id": "7",
        "station_id": "00003115"
      },
      "geometry": {
        "type": "Point",
        "coordinates": [
          139.716711,
          35.552838
        ]
      }
    },
    {
      "type": "Feature",
      "properties": {
        "lat": 35.542346,
        "lon": 139.704354,
        "name": "K1-165.専修寺関東別院",
        "capacity": 9,
        "region_id": "7",
        "station_id": "00003191"
      },
      "geometry": {
        "type": "Point",
        "coordinates": [
          139.704354,
          35.542346
        ]
      }
    },
    {
      "type": "Feature",
      "properties": {
        "lat": 35.586655,
        "lon": 139.728366,
        "name": "K1-166.Luz大森1",
        "capacity": 9,
        "region_id": "7",
        "station_id": "00003562"
      },
      "geometry": {
        "type": "Point",
        "coordinates": [
          139.728366,
          35.586655
        ]
      }
    },
    {
      "type": "Feature",
      "properties": {
        "lat": 35.586665,
        "lon": 139.728134,
        "name": "K1-167.Luz大森2",
        "capacity": 2,
        "region_id": "7",
        "station_id": "00003563"
      },
      "geometry": {
        "type": "Point",
        "coordinates": [
          139.728134,
          35.586665
        ]
      }
    },
    {
      "type": "Feature",
      "properties": {
        "lat": 35.562539,
        "lon": 139.748013,
        "name": "K1-168.大田区営大森南五丁目アパート16号棟",
        "capacity": 8,
        "region_id": "7",
        "station_id": "00003421"
      },
      "geometry": {
        "type": "Point",
        "coordinates": [
          139.748013,
          35.562539
        ]
      }
    },
    {
      "type": "Feature",
      "properties": {
        "lat": 35.562383,
        "lon": 139.747563,
        "name": "K1-169.大田区営大森南五丁目アパート17号棟",
        "capacity": 4,
        "region_id": "7",
        "station_id": "00003422"
      },
      "geometry": {
        "type": "Point",
        "coordinates": [
          139.747563,
          35.562383
        ]
      }
    },
    {
      "type": "Feature",
      "properties": {
        "lat": 35.547688,
        "lon": 139.727847,
        "name": "K1-170.セブン-イレブン 大田区本羽田１丁目店",
        "capacity": 5,
        "region_id": "7",
        "station_id": "00003435"
      },
      "geometry": {
        "type": "Point",
        "coordinates": [
          139.727847,
          35.547688
        ]
      }
    },
    {
      "type": "Feature",
      "properties": {
        "lat": 35.573926,
        "lon": 139.720468,
        "name": "K1-171.南部駐車場",
        "capacity": 5,
        "region_id": "7",
        "station_id": "00003557"
      },
      "geometry": {
        "type": "Point",
        "coordinates": [
          139.720468,
          35.573926
        ]
      }
    },
    {
      "type": "Feature",
      "properties": {
        "lat": 35.573902,
        "lon": 139.720631,
        "name": "K1-172.南部中央ハイツ",
        "capacity": 5,
        "region_id": "7",
        "station_id": "00003558"
      },
      "geometry": {
        "type": "Point",
        "coordinates": [
          139.720631,
          35.573902
        ]
      }
    },
    {
      "type": "Feature",
      "properties": {
        "lat": 35.566751,
        "lon": 139.745821,
        "name": "K1-173.大森東特別出張所",
        "capacity": 4,
        "region_id": "7",
        "station_id": "00003538"
      },
      "geometry": {
        "type": "Point",
        "coordinates": [
          139.745821,
          35.566751
        ]
      }
    },
    {
      "type": "Feature",
      "properties": {
        "lat": 35.58239,
        "lon": 139.73243,
        "name": "K1-174.第五光マンション ",
        "capacity": 8,
        "region_id": "7",
        "station_id": "00003679"
      },
      "geometry": {
        "type": "Point",
        "coordinates": [
          139.73243,
          35.58239
        ]
      }
    },
    {
      "type": "Feature",
      "properties": {
        "lat": 35.57826,
        "lon": 139.756458,
        "name": "K1-175.東海ふ頭公園",
        "capacity": 5,
        "region_id": "7",
        "station_id": "00003680"
      },
      "geometry": {
        "type": "Point",
        "coordinates": [
          139.756458,
          35.57826
        ]
      }
    },
    {
      "type": "Feature",
      "properties": {
        "lat": 35.542079,
        "lon": 139.70903,
        "name": "K1-176.六郷土手第２駐車場・第２バイク駐輪場",
        "capacity": 29,
        "region_id": "7",
        "station_id": "00003703"
      },
      "geometry": {
        "type": "Point",
        "coordinates": [
          139.70903,
          35.542079
        ]
      }
    },
    {
      "type": "Feature",
      "properties": {
        "lat": 35.543335,
        "lon": 139.709949,
        "name": "K1-177.雑色第７駐車場",
        "capacity": 20,
        "region_id": "7",
        "station_id": "00003702"
      },
      "geometry": {
        "type": "Point",
        "coordinates": [
          139.709949,
          35.543335
        ]
      }
    },
    {
      "type": "Feature",
      "properties": {
        "lat": 35.561469,
        "lon": 139.711465,
        "name": "K1-178.西蒲田公園（公園入口横）",
        "capacity": 11,
        "region_id": "7",
        "station_id": "00003704"
      },
      "geometry": {
        "type": "Point",
        "coordinates": [
          139.711465,
          35.561469
        ]
      }
    },
    {
      "type": "Feature",
      "properties": {
        "lat": 35.56573,
        "lon": 139.735901,
        "name": "K1-179.旧呑川緑道（大森中3丁目）第二",
        "capacity": 8,
        "region_id": "7",
        "station_id": "00003701"
      },
      "geometry": {
        "type": "Point",
        "coordinates": [
          139.735901,
          35.56573
        ]
      }
    },
    {
      "type": "Feature",
      "properties": {
        "lat": 35.590458,
        "lon": 139.68053,
        "name": "K1-180.菱和パレス田園調布東",
        "capacity": 3,
        "region_id": "7",
        "station_id": "00003705"
      },
      "geometry": {
        "type": "Point",
        "coordinates": [
          139.68053,
          35.590458
        ]
      }
    },
    {
      "type": "Feature",
      "properties": {
        "lat": 35.589012,
        "lon": 139.697889,
        "name": "K1-181.クレヴィアリグゼ西馬込",
        "capacity": 10,
        "region_id": "7",
        "station_id": "00003918"
      },
      "geometry": {
        "type": "Point",
        "coordinates": [
          139.697889,
          35.589012
        ]
      }
    },
    {
      "type": "Feature",
      "properties": {
        "lat": 35.57229,
        "lon": 139.70498,
        "name": "K1-182.AXAS池上Sta．",
        "capacity": 7,
        "region_id": "7",
        "station_id": "00003877"
      },
      "geometry": {
        "type": "Point",
        "coordinates": [
          139.70498,
          35.57229
        ]
      }
    },
    {
      "type": "Feature",
      "properties": {
        "lat": 35.564957,
        "lon": 139.746994,
        "name": "K1-183.東京労災病院（駐輪場）",
        "capacity": 22,
        "region_id": "7",
        "station_id": "00004221"
      },
      "geometry": {
        "type": "Point",
        "coordinates": [
          139.746994,
          35.564957
        ]
      }
    },
    {
      "type": "Feature",
      "properties": {
        "lat": 35.546896,
        "lon": 139.749087,
        "name": "K1-184.羽田BASE",
        "capacity": 4,
        "region_id": "7",
        "station_id": "00003983"
      },
      "geometry": {
        "type": "Point",
        "coordinates": [
          139.749087,
          35.546896
        ]
      }
    },
    {
      "type": "Feature",
      "properties": {
        "lat": 35.560786,
        "lon": 139.699666,
        "name": "K1-185.ガリシア矢口渡",
        "capacity": 5,
        "region_id": "7",
        "station_id": "00004070"
      },
      "geometry": {
        "type": "Point",
        "coordinates": [
          139.699666,
          35.560786
        ]
      }
    },
    {
      "type": "Feature",
      "properties": {
        "lat": 35.573137,
        "lon": 139.733012,
        "name": "K1-186.コスモリード大森西",
        "capacity": 9,
        "region_id": "7",
        "station_id": "00003939"
      },
      "geometry": {
        "type": "Point",
        "coordinates": [
          139.733012,
          35.573137
        ]
      }
    },
    {
      "type": "Feature",
      "properties": {
        "lat": 35.578239,
        "lon": 139.759175,
        "name": "K1-187.ＴＳＫビル",
        "capacity": 20,
        "region_id": "7",
        "station_id": "00004126"
      },
      "geometry": {
        "type": "Point",
        "coordinates": [
          139.759175,
          35.578239
        ]
      }
    },
    {
      "type": "Feature",
      "properties": {
        "lat": 35.553412,
        "lon": 139.724074,
        "name": "K1-188.AXAS南蒲田AsylCourt",
        "capacity": 12,
        "region_id": "7",
        "station_id": "00004199"
      },
      "geometry": {
        "type": "Point",
        "coordinates": [
          139.724074,
          35.553412
        ]
      }
    },
    {
      "type": "Feature",
      "properties": {
        "lat": 35.597261,
        "lon": 139.711855,
        "name": "K1-189.東京イン",
        "capacity": 6,
        "region_id": "7",
        "station_id": "00004223"
      },
      "geometry": {
        "type": "Point",
        "coordinates": [
          139.711855,
          35.597261
        ]
      }
    },
    {
      "type": "Feature",
      "properties": {
        "lat": 35.57666,
        "lon": 139.6752,
        "name": "K1-190.LUMEED AXAS鵜の木1",
        "capacity": 8,
        "region_id": "7",
        "station_id": "00004200"
      },
      "geometry": {
        "type": "Point",
        "coordinates": [
          139.6752,
          35.57666
        ]
      }
    },
    {
      "type": "Feature",
      "properties": {
        "lat": 35.57667,
        "lon": 139.67511,
        "name": "K1-191.LUMEED AXAS鵜の木2",
        "capacity": 2,
        "region_id": "7",
        "station_id": "00004201"
      },
      "geometry": {
        "type": "Point",
        "coordinates": [
          139.67511,
          35.57667
        ]
      }
    },
    {
      "type": "Feature",
      "properties": {
        "lat": 35.579799,
        "lon": 139.735487,
        "name": "K1-192.プレールアイディ大森Ⅱ",
        "capacity": 1,
        "region_id": "7",
        "station_id": "00004163"
      },
      "geometry": {
        "type": "Point",
        "coordinates": [
          139.735487,
          35.579799
        ]
      }
    },
    {
      "type": "Feature",
      "properties": {
        "lat": 35.585578,
        "lon": 139.701976,
        "name": "K1-193.アイディ西馬込",
        "capacity": 1,
        "region_id": "7",
        "station_id": "00004164"
      },
      "geometry": {
        "type": "Point",
        "coordinates": [
          139.701976,
          35.585578
        ]
      }
    },
    {
      "type": "Feature",
      "properties": {
        "lat": 35.58142,
        "lon": 139.72203,
        "name": "K1-194.ウィスティリア大森山王",
        "capacity": 5,
        "region_id": "7",
        "station_id": "00004222"
      },
      "geometry": {
        "type": "Point",
        "coordinates": [
          139.72203,
          35.58142
        ]
      }
    },
    {
      "type": "Feature",
      "properties": {
        "lat": 35.57474,
        "lon": 139.68174,
        "name": "K1-195.AXAS鵜の木アジールコート",
        "capacity": 7,
        "region_id": "7",
        "station_id": "00004308"
      },
      "geometry": {
        "type": "Point",
        "coordinates": [
          139.68174,
          35.57474
        ]
      }
    },
    {
      "type": "Feature",
      "properties": {
        "lat": 35.570627,
        "lon": 139.716929,
        "name": "K1-196.ガーデン蒲田",
        "capacity": 9,
        "region_id": "7",
        "station_id": "00004395"
      },
      "geometry": {
        "type": "Point",
        "coordinates": [
          139.716929,
          35.570627
        ]
      }
    },
    {
      "type": "Feature",
      "properties": {
        "lat": 35.590957,
        "lon": 139.710513,
        "name": "K1-197.長遠寺バス停前",
        "capacity": 3,
        "region_id": "7",
        "station_id": "00004428"
      },
      "geometry": {
        "type": "Point",
        "coordinates": [
          139.710513,
          35.590957
        ]
      }
    },
    {
      "type": "Feature",
      "properties": {
        "lat": 35.579917,
        "lon": 139.735046,
        "name": "K1-198.エルメゾン大森",
        "capacity": 4,
        "region_id": "7",
        "station_id": "00004441"
      },
      "geometry": {
        "type": "Point",
        "coordinates": [
          139.735046,
          35.579917
        ]
      }
    },
    {
      "type": "Feature",
      "properties": {
        "lat": 35.574886,
        "lon": 139.733404,
        "name": "K1-199.ジーベック平和島Ⅱ",
        "capacity": 4,
        "region_id": "7",
        "station_id": "00004531"
      },
      "geometry": {
        "type": "Point",
        "coordinates": [
          139.733404,
          35.574886
        ]
      }
    },
    {
      "type": "Feature",
      "properties": {
        "lat": 35.601789,
        "lon": 139.695496,
        "name": "K1-200.D'sVARIE上池台レジデンス",
        "capacity": 6,
        "region_id": "7",
        "station_id": "00004529"
      },
      "geometry": {
        "type": "Point",
        "coordinates": [
          139.695496,
          35.601789
        ]
      }
    },
    {
      "type": "Feature",
      "properties": {
        "lat": 35.579218,
        "lon": 139.75492,
        "name": "K1-201.大田市場花き棟",
        "capacity": 7,
        "region_id": "7",
        "station_id": "00004494"
      },
      "geometry": {
        "type": "Point",
        "coordinates": [
          139.75492,
          35.579218
        ]
      }
    },
    {
      "type": "Feature",
      "properties": {
        "lat": 35.585423,
        "lon": 139.711161,
        "name": "K1-202.馬込アートギャラリー",
        "capacity": 6,
        "region_id": "7",
        "station_id": "00004495"
      },
      "geometry": {
        "type": "Point",
        "coordinates": [
          139.711161,
          35.585423
        ]
      }
    },
    {
      "type": "Feature",
      "properties": {
        "lat": 35.559937,
        "lon": 139.710432,
        "name": "K1-203.セブン-イレブン西蒲田環八通り店",
        "capacity": 6,
        "region_id": "7",
        "station_id": "00004606"
      },
      "geometry": {
        "type": "Point",
        "coordinates": [
          139.710432,
          35.559937
        ]
      }
    },
    {
      "type": "Feature",
      "properties": {
        "lat": 35.553789,
        "lon": 139.730668,
        "name": "K1-204.ランドリープレス糀谷駅前店",
        "capacity": 4,
        "region_id": "7",
        "station_id": "00004658"
      },
      "geometry": {
        "type": "Point",
        "coordinates": [
          139.730668,
          35.553789
        ]
      }
    },
    {
      "type": "Feature",
      "properties": {
        "lat": 35.583425,
        "lon": 139.716247,
        "name": "K1-205.アーバンリトリート 西馬込",
        "capacity": 3,
        "region_id": "7",
        "station_id": "00004664"
      },
      "geometry": {
        "type": "Point",
        "coordinates": [
          139.716247,
          35.583425
        ]
      }
    },
    {
      "type": "Feature",
      "properties": {
        "lat": 35.583353,
        "lon": 139.682594,
        "name": "K1-206.東嶺町",
        "capacity": 7,
        "region_id": "7",
        "station_id": "00004745"
      },
      "geometry": {
        "type": "Point",
        "coordinates": [
          139.682594,
          35.583353
        ]
      }
    },
    {
      "type": "Feature",
      "properties": {
        "lat": 35.555178,
        "lon": 139.709087,
        "name": "K1-207.道塚南公園",
        "capacity": 4,
        "region_id": "7",
        "station_id": "00004627"
      },
      "geometry": {
        "type": "Point",
        "coordinates": [
          139.709087,
          35.555178
        ]
      }
    },
    {
      "type": "Feature",
      "properties": {
        "lat": 35.545697,
        "lon": 139.709212,
        "name": "K1-208.アーバンネスト東京・仲六郷",
        "capacity": 5,
        "region_id": "7",
        "station_id": "00004659"
      },
      "geometry": {
        "type": "Point",
        "coordinates": [
          139.709212,
          35.545697
        ]
      }
    },
    {
      "type": "Feature",
      "properties": {
        "lat": 35.561562,
        "lon": 139.720581,
        "name": "K1-209.シー・バップ",
        "capacity": 6,
        "region_id": "7",
        "station_id": "00004721"
      },
      "geometry": {
        "type": "Point",
        "coordinates": [
          139.720581,
          35.561562
        ]
      }
    },
    {
      "type": "Feature",
      "properties": {
        "lat": 35.585257,
        "lon": 139.675317,
        "name": "K1-210.東京都大田区田園調布本町19-2",
        "capacity": 19,
        "region_id": "7",
        "station_id": "00004934"
      },
      "geometry": {
        "type": "Point",
        "coordinates": [
          139.675317,
          35.585257
        ]
      }
    },
    {
      "type": "Feature",
      "properties": {
        "lat": 35.5677,
        "lon": 139.72702,
        "name": "K1-211.ARKMARK梅屋敷ASYLCOURT",
        "capacity": 8,
        "region_id": "7",
        "station_id": "00004974"
      },
      "geometry": {
        "type": "Point",
        "coordinates": [
          139.72702,
          35.5677
        ]
      }
    },
    {
      "type": "Feature",
      "properties": {
        "lat": 35.569892,
        "lon": 139.738495,
        "name": "K1-212.大森貴舩",
        "capacity": 10,
        "region_id": "7",
        "station_id": "00005208"
      },
      "geometry": {
        "type": "Point",
        "coordinates": [
          139.738495,
          35.569892
        ]
      }
    },
    {
      "type": "Feature",
      "properties": {
        "lat": 35.543639,
        "lon": 139.713047,
        "name": "K1-213.六郷神社　正門前",
        "capacity": 9,
        "region_id": "7",
        "station_id": "00005236"
      },
      "geometry": {
        "type": "Point",
        "coordinates": [
          139.713047,
          35.543639
        ]
      }
    },
    {
      "type": "Feature",
      "properties": {
        "lat": 35.543396,
        "lon": 139.713036,
        "name": "K1-214.六郷神社　駐車場",
        "capacity": 12,
        "region_id": "7",
        "station_id": "00005237"
      },
      "geometry": {
        "type": "Point",
        "coordinates": [
          139.713036,
          35.543396
        ]
      }
    },
    {
      "type": "Feature",
      "properties": {
        "lat": 35.544096,
        "lon": 139.71192,
        "name": "K1-215.六郷神社　西参道",
        "capacity": 6,
        "region_id": "7",
        "station_id": "00005238"
      },
      "geometry": {
        "type": "Point",
        "coordinates": [
          139.71192,
          35.544096
        ]
      }
    },
    {
      "type": "Feature",
      "properties": {
        "lat": 35.540149,
        "lon": 139.708249,
        "name": "K1-216.止め天神",
        "capacity": 15,
        "region_id": "7",
        "station_id": "00005239"
      },
      "geometry": {
        "type": "Point",
        "coordinates": [
          139.708249,
          35.540149
        ]
      }
    },
    {
      "type": "Feature",
      "properties": {
        "lat": 35.575629,
        "lon": 139.693663,
        "name": "K1-217.グランデ ナイン",
        "capacity": 10,
        "region_id": "7",
        "station_id": "00005304"
      },
      "geometry": {
        "type": "Point",
        "coordinates": [
          139.693663,
          35.575629
        ]
      }
    },
    {
      "type": "Feature",
      "properties": {
        "lat": 35.596263,
        "lon": 139.686505,
        "name": "K1-218.雪ヶ谷八幡神社",
        "capacity": 4,
        "region_id": "7",
        "station_id": "00005308"
      },
      "geometry": {
        "type": "Point",
        "coordinates": [
          139.686505,
          35.596263
        ]
      }
    },
    {
      "type": "Feature",
      "properties": {
        "lat": 35.57362,
        "lon": 139.719151,
        "name": "K1-219.ハイマート富士",
        "capacity": 3,
        "region_id": "7",
        "station_id": "00005340"
      },
      "geometry": {
        "type": "Point",
        "coordinates": [
          139.719151,
          35.57362
        ]
      }
    },
    {
      "type": "Feature",
      "properties": {
        "lat": 35.562324,
        "lon": 139.690486,
        "name": "K1-22.矢口特別出張所",
        "capacity": 7,
        "region_id": "7",
        "station_id": "00010399"
      },
      "geometry": {
        "type": "Point",
        "coordinates": [
          139.690486,
          35.562324
        ]
      }
    },
    {
      "type": "Feature",
      "properties": {
        "lat": 35.574361,
        "lon": 139.701562,
        "name": "K1-220.ジーベック池上Ⅲ",
        "capacity": 3,
        "region_id": "7",
        "station_id": "00005341"
      },
      "geometry": {
        "type": "Point",
        "coordinates": [
          139.701562,
          35.574361
        ]
      }
    },
    {
      "type": "Feature",
      "properties": {
        "lat": 35.580689,
        "lon": 139.72736,
        "name": "K1-221.プライムネクサス大森北",
        "capacity": 9,
        "region_id": "7",
        "station_id": "00005359"
      },
      "geometry": {
        "type": "Point",
        "coordinates": [
          139.72736,
          35.580689
        ]
      }
    },
    {
      "type": "Feature",
      "properties": {
        "lat": 35.542784,
        "lon": 139.709874,
        "name": "K1-222.innoba大田",
        "capacity": 28,
        "region_id": "7",
        "station_id": "00005377"
      },
      "geometry": {
        "type": "Point",
        "coordinates": [
          139.709874,
          35.542784
        ]
      }
    },
    {
      "type": "Feature",
      "properties": {
        "lat": 35.54229,
        "lon": 139.714752,
        "name": "K1-223.ロアール多摩川南六郷",
        "capacity": 6,
        "region_id": "7",
        "station_id": "00005452"
      },
      "geometry": {
        "type": "Point",
        "coordinates": [
          139.714752,
          35.54229
        ]
      }
    },
    {
      "type": "Feature",
      "properties": {
        "lat": 35.550958,
        "lon": 139.721896,
        "name": "K1-224.大田区南六郷1-4-7",
        "capacity": 4,
        "region_id": "7",
        "station_id": "00005376"
      },
      "geometry": {
        "type": "Point",
        "coordinates": [
          139.721896,
          35.550958
        ]
      }
    },
    {
      "type": "Feature",
      "properties": {
        "lat": 35.590894,
        "lon": 139.705039,
        "name": "K1-225.AXAS西馬込AsylCourt1",
        "capacity": 14,
        "region_id": "7",
        "station_id": "00005426"
      },
      "geometry": {
        "type": "Point",
        "coordinates": [
          139.705039,
          35.590894
        ]
      }
    },
    {
      "type": "Feature",
      "properties": {
        "lat": 35.590758,
        "lon": 139.704739,
        "name": "K1-226.AXAS西馬込AsylCourt2",
        "capacity": 8,
        "region_id": "7",
        "station_id": "00005427"
      },
      "geometry": {
        "type": "Point",
        "coordinates": [
          139.704739,
          35.590758
        ]
      }
    },
    {
      "type": "Feature",
      "properties": {
        "lat": 35.54821,
        "lon": 139.73319,
        "name": "K1-227.本羽田２−５−６ ガレージ内",
        "capacity": 5,
        "region_id": "7",
        "station_id": "00005439"
      },
      "geometry": {
        "type": "Point",
        "coordinates": [
          139.73319,
          35.54821
        ]
      }
    },
    {
      "type": "Feature",
      "properties": {
        "lat": 35.573876,
        "lon": 139.733586,
        "name": "K1-228.ジーベック平和島",
        "capacity": 8,
        "region_id": "7",
        "station_id": "00005440"
      },
      "geometry": {
        "type": "Point",
        "coordinates": [
          139.733586,
          35.573876
        ]
      }
    },
    {
      "type": "Feature",
      "properties": {
        "lat": 35.561183,
        "lon": 139.716339,
        "name": "K1-23.大田区役所本庁舎前",
        "capacity": 7,
        "region_id": "7",
        "station_id": "00010400"
      },
      "geometry": {
        "type": "Point",
        "coordinates": [
          139.716339,
          35.561183
        ]
      }
    },
    {
      "type": "Feature",
      "properties": {
        "lat": 35.576344,
        "lon": 139.701731,
        "name": "K1-230.メイクスデザイン池上アジールコート A",
        "capacity": 2,
        "region_id": "7",
        "station_id": "00005401"
      },
      "geometry": {
        "type": "Point",
        "coordinates": [
          139.701731,
          35.576344
        ]
      }
    },
    {
      "type": "Feature",
      "properties": {
        "lat": 35.576374,
        "lon": 139.701507,
        "name": "K1-231.メイクスデザイン池上アジールコート B",
        "capacity": 2,
        "region_id": "7",
        "station_id": "00005402"
      },
      "geometry": {
        "type": "Point",
        "coordinates": [
          139.701507,
          35.576374
        ]
      }
    },
    {
      "type": "Feature",
      "properties": {
        "lat": 35.576377,
        "lon": 139.701565,
        "name": "K1-232.メイクスデザイン池上アジールコート C",
        "capacity": 7,
        "region_id": "7",
        "station_id": "00005403"
      },
      "geometry": {
        "type": "Point",
        "coordinates": [
          139.701565,
          35.576377
        ]
      }
    },
    {
      "type": "Feature",
      "properties": {
        "lat": 35.573882,
        "lon": 139.733175,
        "name": "K1-233.大森向陽ハイツ",
        "capacity": 5,
        "region_id": "7",
        "station_id": "00005462"
      },
      "geometry": {
        "type": "Point",
        "coordinates": [
          139.733175,
          35.573882
        ]
      }
    },
    {
      "type": "Feature",
      "properties": {
        "lat": 35.573405,
        "lon": 139.718043,
        "name": "K1-234.山口体験美術館",
        "capacity": 9,
        "region_id": "7",
        "station_id": "00005459"
      },
      "geometry": {
        "type": "Point",
        "coordinates": [
          139.718043,
          35.573405
        ]
      }
    },
    {
      "type": "Feature",
      "properties": {
        "lat": 35.599662,
        "lon": 139.712666,
        "name": "K1-235.プレスタイルアイディ馬込",
        "capacity": 4,
        "region_id": "7",
        "station_id": "00005501"
      },
      "geometry": {
        "type": "Point",
        "coordinates": [
          139.712666,
          35.599662
        ]
      }
    },
    {
      "type": "Feature",
      "properties": {
        "lat": 35.574807,
        "lon": 139.733292,
        "name": "K1-236.ジーベック大森ウエスト",
        "capacity": 5,
        "region_id": "7",
        "station_id": "00005500"
      },
      "geometry": {
        "type": "Point",
        "coordinates": [
          139.733292,
          35.574807
        ]
      }
    },
    {
      "type": "Feature",
      "properties": {
        "lat": 35.583273,
        "lon": 139.729296,
        "name": "K1-238.大森北４丁目",
        "capacity": 21,
        "region_id": "7",
        "station_id": "00005522"
      },
      "geometry": {
        "type": "Point",
        "coordinates": [
          139.729296,
          35.583273
        ]
      }
    },
    {
      "type": "Feature",
      "properties": {
        "lat": 35.55656,
        "lon": 139.718753,
        "name": "K1-239.グランデーム蒲田本町2丁目",
        "capacity": 9,
        "region_id": "7",
        "station_id": "00005562"
      },
      "geometry": {
        "type": "Point",
        "coordinates": [
          139.718753,
          35.55656
        ]
      }
    },
    {
      "type": "Feature",
      "properties": {
        "lat": 35.557074,
        "lon": 139.74575,
        "name": "K1-24.東糀谷防災公園",
        "capacity": 17,
        "region_id": "7",
        "station_id": "00010401"
      },
      "geometry": {
        "type": "Point",
        "coordinates": [
          139.74575,
          35.557074
        ]
      }
    },
    {
      "type": "Feature",
      "properties": {
        "lat": 35.570448,
        "lon": 139.705227,
        "name": "K1-240.メイクス池上ルーチェ",
        "capacity": 13,
        "region_id": "7",
        "station_id": "00005656"
      },
      "geometry": {
        "type": "Point",
        "coordinates": [
          139.705227,
          35.570448
        ]
      }
    },
    {
      "type": "Feature",
      "properties": {
        "lat": 35.56892,
        "lon": 139.725082,
        "name": "K1-25.鶴渡公園",
        "capacity": 0,
        "region_id": "7",
        "station_id": "00010402"
      },
      "geometry": {
        "type": "Point",
        "coordinates": [
          139.725082,
          35.56892
        ]
      }
    },
    {
      "type": "Feature",
      "properties": {
        "lat": 35.574785,
        "lon": 139.730762,
        "name": "K1-26.大森諏訪公園",
        "capacity": 13,
        "region_id": "7",
        "station_id": "00010403"
      },
      "geometry": {
        "type": "Point",
        "coordinates": [
          139.730762,
          35.574785
        ]
      }
    },
    {
      "type": "Feature",
      "properties": {
        "lat": 35.544715,
        "lon": 139.707623,
        "name": "K1-27.六郷文化センター",
        "capacity": 6,
        "region_id": "7",
        "station_id": "00010432"
      },
      "geometry": {
        "type": "Point",
        "coordinates": [
          139.707623,
          35.544715
        ]
      }
    },
    {
      "type": "Feature",
      "properties": {
        "lat": 35.574886,
        "lon": 139.685122,
        "name": "K1-28.鵜の木特別出張所",
        "capacity": 4,
        "region_id": "7",
        "station_id": "00010433"
      },
      "geometry": {
        "type": "Point",
        "coordinates": [
          139.685122,
          35.574886
        ]
      }
    },
    {
      "type": "Feature",
      "properties": {
        "lat": 35.55017,
        "lon": 139.728146,
        "name": "K1-29.萩中文化センター",
        "capacity": 9,
        "region_id": "7",
        "station_id": "00010450"
      },
      "geometry": {
        "type": "Point",
        "coordinates": [
          139.728146,
          35.55017
        ]
      }
    },
    {
      "type": "Feature",
      "properties": {
        "lat": 35.567922,
        "lon": 139.746181,
        "name": "K1-30.テクノFRONT森ケ崎",
        "capacity": 19,
        "region_id": "7",
        "station_id": "00010451"
      },
      "geometry": {
        "type": "Point",
        "coordinates": [
          139.746181,
          35.567922
        ]
      }
    },
    {
      "type": "Feature",
      "properties": {
        "lat": 35.546252,
        "lon": 139.731708,
        "name": "K1-31.テクノWING",
        "capacity": 5,
        "region_id": "7",
        "station_id": "00010452"
      },
      "geometry": {
        "type": "Point",
        "coordinates": [
          139.731708,
          35.546252
        ]
      }
    },
    {
      "type": "Feature",
      "properties": {
        "lat": 35.601958,
        "lon": 139.682876,
        "name": "K1-32.石川町文化センター",
        "capacity": 4,
        "region_id": "7",
        "station_id": "00010453"
      },
      "geometry": {
        "type": "Point",
        "coordinates": [
          139.682876,
          35.601958
        ]
      }
    },
    {
      "type": "Feature",
      "properties": {
        "lat": 35.549778,
        "lon": 139.707362,
        "name": "K1-35.セブン-イレブン 大田区西六郷2丁目店",
        "capacity": 8,
        "region_id": "7",
        "station_id": "00010475"
      },
      "geometry": {
        "type": "Point",
        "coordinates": [
          139.707362,
          35.549778
        ]
      }
    },
    {
      "type": "Feature",
      "properties": {
        "lat": 35.587815,
        "lon": 139.691748,
        "name": "K1-36.セブン-イレブン 大田区南雪谷5丁目店",
        "capacity": 7,
        "region_id": "7",
        "station_id": "00010476"
      },
      "geometry": {
        "type": "Point",
        "coordinates": [
          139.691748,
          35.587815
        ]
      }
    },
    {
      "type": "Feature",
      "properties": {
        "lat": 35.563874,
        "lon": 139.685011,
        "name": "K1-37.東京サーハウス前",
        "capacity": 21,
        "region_id": "7",
        "station_id": "00010482"
      },
      "geometry": {
        "type": "Point",
        "coordinates": [
          139.685011,
          35.563874
        ]
      }
    },
    {
      "type": "Feature",
      "properties": {
        "lat": 35.558916,
        "lon": 139.717253,
        "name": "K1-38.ネクストサイト蒲田ビル",
        "capacity": 6,
        "region_id": "7",
        "station_id": "00010488"
      },
      "geometry": {
        "type": "Point",
        "coordinates": [
          139.717253,
          35.558916
        ]
      }
    },
    {
      "type": "Feature",
      "properties": {
        "lat": 35.581752,
        "lon": 139.748705,
        "name": "K1-39.東京モノレール 流通センター駅前",
        "capacity": 28,
        "region_id": "7",
        "station_id": "00010489"
      },
      "geometry": {
        "type": "Point",
        "coordinates": [
          139.748705,
          35.581752
        ]
      }
    },
    {
      "type": "Feature",
      "properties": {
        "lat": 35.579488,
        "lon": 139.720829,
        "name": "K1-40.大田文化の森",
        "capacity": 6,
        "region_id": "7",
        "station_id": "00010508"
      },
      "geometry": {
        "type": "Point",
        "coordinates": [
          139.720829,
          35.579488
        ]
      }
    },
    {
      "type": "Feature",
      "properties": {
        "lat": 35.588644,
        "lon": 139.710413,
        "name": "K1-41.郷土博物館",
        "capacity": 7,
        "region_id": "7",
        "station_id": "00010509"
      },
      "geometry": {
        "type": "Point",
        "coordinates": [
          139.710413,
          35.588644
        ]
      }
    },
    {
      "type": "Feature",
      "properties": {
        "lat": 35.58849,
        "lon": 139.70376,
        "name": "K1-42.馬込西公園",
        "capacity": 15,
        "region_id": "7",
        "station_id": "00010510"
      },
      "geometry": {
        "type": "Point",
        "coordinates": [
          139.70376,
          35.58849
        ]
      }
    },
    {
      "type": "Feature",
      "properties": {
        "lat": 35.600707,
        "lon": 139.703216,
        "name": "K1-43.北馬込わくわく公園",
        "capacity": 3,
        "region_id": "7",
        "station_id": "00010511"
      },
      "geometry": {
        "type": "Point",
        "coordinates": [
          139.703216,
          35.600707
        ]
      }
    },
    {
      "type": "Feature",
      "properties": {
        "lat": 35.594795,
        "lon": 139.704951,
        "name": "K1-44.中馬込貝塚公園",
        "capacity": 7,
        "region_id": "7",
        "station_id": "00010520"
      },
      "geometry": {
        "type": "Point",
        "coordinates": [
          139.704951,
          35.594795
        ]
      }
    },
    {
      "type": "Feature",
      "properties": {
        "lat": 35.592801,
        "lon": 139.715472,
        "name": "K1-45.たぬき山公園",
        "capacity": 20,
        "region_id": "7",
        "station_id": "00010521"
      },
      "geometry": {
        "type": "Point",
        "coordinates": [
          139.715472,
          35.592801
        ]
      }
    },
    {
      "type": "Feature",
      "properties": {
        "lat": 35.571478,
        "lon": 139.702779,
        "name": "K1-46.池上駅前自転車駐車場",
        "capacity": 12,
        "region_id": "7",
        "station_id": "00010533"
      },
      "geometry": {
        "type": "Point",
        "coordinates": [
          139.702779,
          35.571478
        ]
      }
    },
    {
      "type": "Feature",
      "properties": {
        "lat": 35.598601,
        "lon": 139.684747,
        "name": "K1-47.NTT雪ヶ谷ビル",
        "capacity": 10,
        "region_id": "7",
        "station_id": "00010548"
      },
      "geometry": {
        "type": "Point",
        "coordinates": [
          139.684747,
          35.598601
        ]
      }
    },
    {
      "type": "Feature",
      "properties": {
        "lat": 35.590934,
        "lon": 139.696915,
        "name": "K1-48.ファミリーマート大田上池台三丁目店",
        "capacity": 13,
        "region_id": "7",
        "station_id": "00010549"
      },
      "geometry": {
        "type": "Point",
        "coordinates": [
          139.696915,
          35.590934
        ]
      }
    },
    {
      "type": "Feature",
      "properties": {
        "lat": 35.586585,
        "lon": 139.698552,
        "name": "K1-49.ローソン仲池上一丁目店",
        "capacity": 10,
        "region_id": "7",
        "station_id": "00010029"
      },
      "geometry": {
        "type": "Point",
        "coordinates": [
          139.698552,
          35.586585
        ]
      }
    },
    {
      "type": "Feature",
      "properties": {
        "lat": 35.556199,
        "lon": 139.721476,
        "name": "K1-50.テクノポートカマタ 第1",
        "capacity": 6,
        "region_id": "7",
        "station_id": "00010586"
      },
      "geometry": {
        "type": "Point",
        "coordinates": [
          139.721476,
          35.556199
        ]
      }
    },
    {
      "type": "Feature",
      "properties": {
        "lat": 35.555808,
        "lon": 139.722791,
        "name": "K1-51.テクノポートカマタ 第2",
        "capacity": 12,
        "region_id": "7",
        "station_id": "00010587"
      },
      "geometry": {
        "type": "Point",
        "coordinates": [
          139.722791,
          35.555808
        ]
      }
    },
    {
      "type": "Feature",
      "properties": {
        "lat": 35.564152,
        "lon": 139.727422,
        "name": "K1-52.大田区総合体育館",
        "capacity": 6,
        "region_id": "7",
        "station_id": "00010604"
      },
      "geometry": {
        "type": "Point",
        "coordinates": [
          139.727422,
          35.564152
        ]
      }
    },
    {
      "type": "Feature",
      "properties": {
        "lat": 35.589309,
        "lon": 139.678587,
        "name": "K1-53.セブン-イレブン 田園調布郵便局前店",
        "capacity": 20,
        "region_id": "7",
        "station_id": "00010605"
      },
      "geometry": {
        "type": "Point",
        "coordinates": [
          139.678587,
          35.589309
        ]
      }
    },
    {
      "type": "Feature",
      "properties": {
        "lat": 35.576275,
        "lon": 139.713704,
        "name": "K1-55.カバヤビル",
        "capacity": 20,
        "region_id": "7",
        "station_id": "00010616"
      },
      "geometry": {
        "type": "Point",
        "coordinates": [
          139.713704,
          35.576275
        ]
      }
    },
    {
      "type": "Feature",
      "properties": {
        "lat": 35.588106,
        "lon": 139.718852,
        "name": "K1-56.NTT馬込ビル",
        "capacity": 5,
        "region_id": "7",
        "station_id": "00010631"
      },
      "geometry": {
        "type": "Point",
        "coordinates": [
          139.718852,
          35.588106
        ]
      }
    },
    {
      "type": "Feature",
      "properties": {
        "lat": 35.579585,
        "lon": 139.705377,
        "name": "K1-57.池上本門寺",
        "capacity": 6,
        "region_id": "7",
        "station_id": "00010632"
      },
      "geometry": {
        "type": "Point",
        "coordinates": [
          139.705377,
          35.579585
        ]
      }
    },
    {
      "type": "Feature",
      "properties": {
        "lat": 35.565768,
        "lon": 139.727396,
        "name": "K1-59.京急梅屋敷第1駐車場",
        "capacity": 6,
        "region_id": "7",
        "station_id": "00010653"
      },
      "geometry": {
        "type": "Point",
        "coordinates": [
          139.727396,
          35.565768
        ]
      }
    },
    {
      "type": "Feature",
      "properties": {
        "lat": 35.576336,
        "lon": 139.733691,
        "name": "K1-60.京急平和島第1駐車場",
        "capacity": 10,
        "region_id": "7",
        "station_id": "00010654"
      },
      "geometry": {
        "type": "Point",
        "coordinates": [
          139.733691,
          35.576336
        ]
      }
    },
    {
      "type": "Feature",
      "properties": {
        "lat": 35.545459,
        "lon": 139.719489,
        "name": "K1-64.多摩川グリーンスクエア",
        "capacity": 10,
        "region_id": "7",
        "station_id": "00010676"
      },
      "geometry": {
        "type": "Point",
        "coordinates": [
          139.719489,
          35.545459
        ]
      }
    },
    {
      "type": "Feature",
      "properties": {
        "lat": 35.571711,
        "lon": 139.685337,
        "name": "K1-65.下丸子3丁目",
        "capacity": 11,
        "region_id": "7",
        "station_id": "00010683"
      },
      "geometry": {
        "type": "Point",
        "coordinates": [
          139.685337,
          35.571711
        ]
      }
    },
    {
      "type": "Feature",
      "properties": {
        "lat": 35.575097,
        "lon": 139.751446,
        "name": "K1-66.昭和島二丁目公園",
        "capacity": 8,
        "region_id": "7",
        "station_id": "00010712"
      },
      "geometry": {
        "type": "Point",
        "coordinates": [
          139.751446,
          35.575097
        ]
      }
    },
    {
      "type": "Feature",
      "properties": {
        "lat": 35.570508,
        "lon": 139.764013,
        "name": "K1-67.京浜島防災広場",
        "capacity": 26,
        "region_id": "7",
        "station_id": "00010713"
      },
      "geometry": {
        "type": "Point",
        "coordinates": [
          139.764013,
          35.570508
        ]
      }
    },
    {
      "type": "Feature",
      "properties": {
        "lat": 35.580511,
        "lon": 139.775957,
        "name": "K1-68.ART FACTORY 城南島",
        "capacity": 13,
        "region_id": "7",
        "station_id": "00010714"
      },
      "geometry": {
        "type": "Point",
        "coordinates": [
          139.775957,
          35.580511
        ]
      }
    },
    {
      "type": "Feature",
      "properties": {
        "lat": 35.585747,
        "lon": 139.735242,
        "name": "K1-69.京急平和島第2Bバイク駐輪場",
        "capacity": 4,
        "region_id": "7",
        "station_id": "00010747"
      },
      "geometry": {
        "type": "Point",
        "coordinates": [
          139.735242,
          35.585747
        ]
      }
    },
    {
      "type": "Feature",
      "properties": {
        "lat": 35.573358,
        "lon": 139.723105,
        "name": "K1-72.ファミリーマート大森西四丁目店",
        "capacity": 2,
        "region_id": "7",
        "station_id": "00010816"
      },
      "geometry": {
        "type": "Point",
        "coordinates": [
          139.723105,
          35.573358
        ]
      }
    },
    {
      "type": "Feature",
      "properties": {
        "lat": 35.587423,
        "lon": 139.753871,
        "name": "K1-74.大田スタジアム",
        "capacity": 7,
        "region_id": "7",
        "station_id": "00010818"
      },
      "geometry": {
        "type": "Point",
        "coordinates": [
          139.753871,
          35.587423
        ]
      }
    },
    {
      "type": "Feature",
      "properties": {
        "lat": 35.556231,
        "lon": 139.751408,
        "name": "K1-75.三井不動産インダストリアルパーク羽田",
        "capacity": 19,
        "region_id": "7",
        "station_id": "00010844"
      },
      "geometry": {
        "type": "Point",
        "coordinates": [
          139.751408,
          35.556231
        ]
      }
    },
    {
      "type": "Feature",
      "properties": {
        "lat": 35.585178,
        "lon": 139.726339,
        "name": "K1-76.グリーンベルト",
        "capacity": 18,
        "region_id": "7",
        "station_id": "00010849"
      },
      "geometry": {
        "type": "Point",
        "coordinates": [
          139.726339,
          35.585178
        ]
      }
    },
    {
      "type": "Feature",
      "properties": {
        "lat": 35.567562,
        "lon": 139.766854,
        "name": "K1-78.城南鋳物団地協同組合",
        "capacity": 5,
        "region_id": "7",
        "station_id": "00010864"
      },
      "geometry": {
        "type": "Point",
        "coordinates": [
          139.766854,
          35.567562
        ]
      }
    },
    {
      "type": "Feature",
      "properties": {
        "lat": 35.579849,
        "lon": 139.731241,
        "name": "K1-80.大森北6丁目",
        "capacity": 1,
        "region_id": "7",
        "station_id": "00010902"
      },
      "geometry": {
        "type": "Point",
        "coordinates": [
          139.731241,
          35.579849
        ]
      }
    },
    {
      "type": "Feature",
      "properties": {
        "lat": 35.549568,
        "lon": 139.731093,
        "name": "K1-81.コーナン本羽田萩中店",
        "capacity": 12,
        "region_id": "7",
        "station_id": "00010929"
      },
      "geometry": {
        "type": "Point",
        "coordinates": [
          139.731093,
          35.549568
        ]
      }
    },
    {
      "type": "Feature",
      "properties": {
        "lat": 35.561499,
        "lon": 139.71123,
        "name": "K1-82.西蒲田公園（駐輪場入口横）",
        "capacity": 12,
        "region_id": "7",
        "station_id": "00010930"
      },
      "geometry": {
        "type": "Point",
        "coordinates": [
          139.71123,
          35.561499
        ]
      }
    },
    {
      "type": "Feature",
      "properties": {
        "lat": 35.611085,
        "lon": 139.68599,
        "name": "K1-83.北千束北児童公園",
        "capacity": 10,
        "region_id": "7",
        "station_id": "00010931"
      },
      "geometry": {
        "type": "Point",
        "coordinates": [
          139.68599,
          35.611085
        ]
      }
    },
    {
      "type": "Feature",
      "properties": {
        "lat": 35.581698,
        "lon": 139.71491,
        "name": "K1-84.佐伯山緑地",
        "capacity": 11,
        "region_id": "7",
        "station_id": "00010941"
      },
      "geometry": {
        "type": "Point",
        "coordinates": [
          139.71491,
          35.581698
        ]
      }
    },
    {
      "type": "Feature",
      "properties": {
        "lat": 35.583555,
        "lon": 139.743381,
        "name": "K1-85.大田区青少年交流センター ゆいっつ",
        "capacity": 5,
        "region_id": "7",
        "station_id": "00010945"
      },
      "geometry": {
        "type": "Point",
        "coordinates": [
          139.743381,
          35.583555
        ]
      }
    },
    {
      "type": "Feature",
      "properties": {
        "lat": 35.547061,
        "lon": 139.756277,
        "name": "K1-87.羽田イノベーションシティ",
        "capacity": 10,
        "region_id": "7",
        "station_id": "00010951"
      },
      "geometry": {
        "type": "Point",
        "coordinates": [
          139.756277,
          35.547061
        ]
      }
    },
    {
      "type": "Feature",
      "properties": {
        "lat": 35.582756,
        "lon": 139.6925,
        "name": "K1-88.大田久が原西郵便局",
        "capacity": 9,
        "region_id": "7",
        "station_id": "00010987"
      },
      "geometry": {
        "type": "Point",
        "coordinates": [
          139.6925,
          35.582756
        ]
      }
    },
    {
      "type": "Feature",
      "properties": {
        "lat": 35.572086,
        "lon": 139.68708,
        "name": "K1-89.ファミリーマート大田千鳥三丁目店",
        "capacity": 14,
        "region_id": "7",
        "station_id": "00011001"
      },
      "geometry": {
        "type": "Point",
        "coordinates": [
          139.68708,
          35.572086
        ]
      }
    },
    {
      "type": "Feature",
      "properties": {
        "lat": 35.5873,
        "lon": 139.701644,
        "name": "K1-90.ファミリーマート大田仲池上一丁目店",
        "capacity": 6,
        "region_id": "7",
        "station_id": "00011002"
      },
      "geometry": {
        "type": "Point",
        "coordinates": [
          139.701644,
          35.5873
        ]
      }
    },
    {
      "type": "Feature",
      "properties": {
        "lat": 35.550027,
        "lon": 139.74973,
        "name": "K1-91.穴守稲荷神社",
        "capacity": 19,
        "region_id": "7",
        "station_id": "00011003"
      },
      "geometry": {
        "type": "Point",
        "coordinates": [
          139.74973,
          35.550027
        ]
      }
    },
    {
      "type": "Feature",
      "properties": {
        "lat": 35.561101,
        "lon": 139.715173,
        "name": "K1-92.蒲田駅西口自転車駐車場",
        "capacity": 25,
        "region_id": "7",
        "station_id": "00011014"
      },
      "geometry": {
        "type": "Point",
        "coordinates": [
          139.715173,
          35.561101
        ]
      }
    },
    {
      "type": "Feature",
      "properties": {
        "lat": 35.548864,
        "lon": 139.74484,
        "name": "K1-93.六間堀仲羽公園",
        "capacity": 6,
        "region_id": "7",
        "station_id": "00011015"
      },
      "geometry": {
        "type": "Point",
        "coordinates": [
          139.74484,
          35.548864
        ]
      }
    },
    {
      "type": "Feature",
      "properties": {
        "lat": 35.572188,
        "lon": 139.749613,
        "name": "K1-94.昭和島駅前",
        "capacity": 10,
        "region_id": "7",
        "station_id": "00011019"
      },
      "geometry": {
        "type": "Point",
        "coordinates": [
          139.749613,
          35.572188
        ]
      }
    },
    {
      "type": "Feature",
      "properties": {
        "lat": 35.578259,
        "lon": 139.783505,
        "name": "K1-95.城南島海浜公園",
        "capacity": 16,
        "region_id": "7",
        "station_id": "00011020"
      },
      "geometry": {
        "type": "Point",
        "coordinates": [
          139.783505,
          35.578259
        ]
      }
    },
    {
      "type": "Feature",
      "properties": {
        "lat": 35.586408,
        "lon": 139.705425,
        "name": "K1-96.西馬込駅前自転車駐車場",
        "capacity": 13,
        "region_id": "7",
        "station_id": "00011031"
      },
      "geometry": {
        "type": "Point",
        "coordinates": [
          139.705425,
          35.586408
        ]
      }
    },
    {
      "type": "Feature",
      "properties": {
        "lat": 35.555561,
        "lon": 139.704345,
        "name": "K1-97.トミンタワー多摩川二丁目",
        "capacity": 13,
        "region_id": "7",
        "station_id": "00000152"
      },
      "geometry": {
        "type": "Point",
        "coordinates": [
          139.704345,
          35.555561
        ]
      }
    },
    {
      "type": "Feature",
      "properties": {
        "lat": 35.577433,
        "lon": 139.680752,
        "name": "K1-98.鵜の木松山公園",
        "capacity": 5,
        "region_id": "7",
        "station_id": "00000197"
      },
      "geometry": {
        "type": "Point",
        "coordinates": [
          139.680752,
          35.577433
        ]
      }
    },
    {
      "type": "Feature",
      "properties": {
        "lat": 35.584086,
        "lon": 139.67898,
        "name": "K1-99.東原くすのき公園",
        "capacity": 7,
        "region_id": "7",
        "station_id": "00000198"
      },
      "geometry": {
        "type": "Point",
        "coordinates": [
          139.67898,
          35.584086
        ]
      }
    },
    {
      "type": "Feature",
      "properties": {
        "lat": 35.66088,
        "lon": 139.654546,
        "name": "L1-01.羽根木公園",
        "capacity": 12,
        "region_id": "17",
        "station_id": "00001663"
      },
      "geometry": {
        "type": "Point",
        "coordinates": [
          139.654546,
          35.66088
        ]
      }
    },
    {
      "type": "Feature",
      "properties": {
        "lat": 35.647075,
        "lon": 139.654472,
        "name": "L1-02.若林公園",
        "capacity": 7,
        "region_id": "17",
        "station_id": "00001664"
      },
      "geometry": {
        "type": "Point",
        "coordinates": [
          139.654472,
          35.647075
        ]
      }
    },
    {
      "type": "Feature",
      "properties": {
        "lat": 35.645838,
        "lon": 139.647799,
        "name": "L1-03.世田谷城阯公園",
        "capacity": 6,
        "region_id": "17",
        "station_id": "00001665"
      },
      "geometry": {
        "type": "Point",
        "coordinates": [
          139.647799,
          35.645838
        ]
      }
    },
    {
      "type": "Feature",
      "properties": {
        "lat": 35.63367,
        "lon": 139.678139,
        "name": "L1-04.下馬中央公園",
        "capacity": 4,
        "region_id": "17",
        "station_id": "00001666"
      },
      "geometry": {
        "type": "Point",
        "coordinates": [
          139.678139,
          35.63367
        ]
      }
    },
    {
      "type": "Feature",
      "properties": {
        "lat": 35.669285,
        "lon": 139.597931,
        "name": "L1-05.NTT烏山ビル",
        "capacity": 4,
        "region_id": "17",
        "station_id": "00001667"
      },
      "geometry": {
        "type": "Point",
        "coordinates": [
          139.597931,
          35.669285
        ]
      }
    },
    {
      "type": "Feature",
      "properties": {
        "lat": 35.618357,
        "lon": 139.626191,
        "name": "L1-06.NTT瀬田ビル",
        "capacity": 9,
        "region_id": "17",
        "station_id": "00001668"
      },
      "geometry": {
        "type": "Point",
        "coordinates": [
          139.626191,
          35.618357
        ]
      }
    },
    {
      "type": "Feature",
      "properties": {
        "lat": 35.648021,
        "lon": 139.606529,
        "name": "L1-07.NTT成城ビル",
        "capacity": 3,
        "region_id": "17",
        "station_id": "00001669"
      },
      "geometry": {
        "type": "Point",
        "coordinates": [
          139.606529,
          35.648021
        ]
      }
    },
    {
      "type": "Feature",
      "properties": {
        "lat": 35.63534,
        "lon": 139.601602,
        "name": "L1-08.NTT砧ビル",
        "capacity": 18,
        "region_id": "17",
        "station_id": "00001670"
      },
      "geometry": {
        "type": "Point",
        "coordinates": [
          139.601602,
          35.63534
        ]
      }
    },
    {
      "type": "Feature",
      "properties": {
        "lat": 35.632689,
        "lon": 139.654804,
        "name": "L1-09.コージーK・駒沢",
        "capacity": 10,
        "region_id": "17",
        "station_id": "00001671"
      },
      "geometry": {
        "type": "Point",
        "coordinates": [
          139.654804,
          35.632689
        ]
      }
    },
    {
      "type": "Feature",
      "properties": {
        "lat": 35.652913,
        "lon": 139.644825,
        "name": "L1-10.宮坂2-4-10",
        "capacity": 12,
        "region_id": "17",
        "station_id": "00001672"
      },
      "geometry": {
        "type": "Point",
        "coordinates": [
          139.644825,
          35.652913
        ]
      }
    },
    {
      "type": "Feature",
      "properties": {
        "lat": 35.656849,
        "lon": 139.594422,
        "name": "L1-11.アイムタウン上祖師谷",
        "capacity": 7,
        "region_id": "17",
        "station_id": "00001673"
      },
      "geometry": {
        "type": "Point",
        "coordinates": [
          139.594422,
          35.656849
        ]
      }
    },
    {
      "type": "Feature",
      "properties": {
        "lat": 35.646648,
        "lon": 139.633038,
        "name": "L1-12.鈴木リースホーム駐車場",
        "capacity": 15,
        "region_id": "17",
        "station_id": "00001674"
      },
      "geometry": {
        "type": "Point",
        "coordinates": [
          139.633038,
          35.646648
        ]
      }
    },
    {
      "type": "Feature",
      "properties": {
        "lat": 35.664335,
        "lon": 139.590114,
        "name": "L1-14.給田3丁目",
        "capacity": 23,
        "region_id": "17",
        "station_id": "00001819"
      },
      "geometry": {
        "type": "Point",
        "coordinates": [
          139.590114,
          35.664335
        ]
      }
    },
    {
      "type": "Feature",
      "properties": {
        "lat": 35.663222,
        "lon": 139.587803,
        "name": "L1-15.ソフィア",
        "capacity": 3,
        "region_id": "17",
        "station_id": "00001853"
      },
      "geometry": {
        "type": "Point",
        "coordinates": [
          139.587803,
          35.663222
        ]
      }
    },
    {
      "type": "Feature",
      "properties": {
        "lat": 35.65838,
        "lon": 139.59231,
        "name": "L1-16.上祖師谷7丁目",
        "capacity": 13,
        "region_id": "17",
        "station_id": "00002253"
      },
      "geometry": {
        "type": "Point",
        "coordinates": [
          139.59231,
          35.65838
        ]
      }
    },
    {
      "type": "Feature",
      "properties": {
        "lat": 35.659787,
        "lon": 139.636696,
        "name": "L1-17.赤堤3丁目",
        "capacity": 7,
        "region_id": "17",
        "station_id": "00002267"
      },
      "geometry": {
        "type": "Point",
        "coordinates": [
          139.636696,
          35.659787
        ]
      }
    },
    {
      "type": "Feature",
      "properties": {
        "lat": 35.662796,
        "lon": 139.626795,
        "name": "L1-18.上北沢1丁目",
        "capacity": 28,
        "region_id": "17",
        "station_id": "00002268"
      },
      "geometry": {
        "type": "Point",
        "coordinates": [
          139.626795,
          35.662796
        ]
      }
    },
    {
      "type": "Feature",
      "properties": {
        "lat": 35.673486,
        "lon": 139.598919,
        "name": "L1-20.シャンブル北烏山",
        "capacity": 11,
        "region_id": "17",
        "station_id": "00002582"
      },
      "geometry": {
        "type": "Point",
        "coordinates": [
          139.598919,
          35.673486
        ]
      }
    },
    {
      "type": "Feature",
      "properties": {
        "lat": 35.628001,
        "lon": 139.609645,
        "name": "L1-21.大蔵5丁目",
        "capacity": 12,
        "region_id": "17",
        "station_id": "00003454"
      },
      "geometry": {
        "type": "Point",
        "coordinates": [
          139.609645,
          35.628001
        ]
      }
    },
    {
      "type": "Feature",
      "properties": {
        "lat": 35.653355,
        "lon": 139.656296,
        "name": "L1-22.代田3丁目",
        "capacity": 9,
        "region_id": "17",
        "station_id": "00002846"
      },
      "geometry": {
        "type": "Point",
        "coordinates": [
          139.656296,
          35.653355
        ]
      }
    },
    {
      "type": "Feature",
      "properties": {
        "lat": 35.644042,
        "lon": 139.626184,
        "name": "L1-24.T’s garden",
        "capacity": 7,
        "region_id": "17",
        "station_id": "00003023"
      },
      "geometry": {
        "type": "Point",
        "coordinates": [
          139.626184,
          35.644042
        ]
      }
    },
    {
      "type": "Feature",
      "properties": {
        "lat": 35.632129,
        "lon": 139.658264,
        "name": "L1-25.ハイタウン駒沢公園NO.2A",
        "capacity": 2,
        "region_id": "17",
        "station_id": "00003049"
      },
      "geometry": {
        "type": "Point",
        "coordinates": [
          139.658264,
          35.632129
        ]
      }
    },
    {
      "type": "Feature",
      "properties": {
        "lat": 35.643009,
        "lon": 139.618487,
        "name": "L1-26.千蔵",
        "capacity": 1,
        "region_id": "17",
        "station_id": "00003051"
      },
      "geometry": {
        "type": "Point",
        "coordinates": [
          139.618487,
          35.643009
        ]
      }
    },
    {
      "type": "Feature",
      "properties": {
        "lat": 35.632164,
        "lon": 139.658199,
        "name": "L1-27.ハイタウン駒沢公園NO.2B",
        "capacity": 2,
        "region_id": "17",
        "station_id": "00003050"
      },
      "geometry": {
        "type": "Point",
        "coordinates": [
          139.658199,
          35.632164
        ]
      }
    },
    {
      "type": "Feature",
      "properties": {
        "lat": 35.660402,
        "lon": 139.592169,
        "name": "L1-28.上祖師谷７丁目用地-2",
        "capacity": 9,
        "region_id": "17",
        "station_id": "00003455"
      },
      "geometry": {
        "type": "Point",
        "coordinates": [
          139.592169,
          35.660402
        ]
      }
    },
    {
      "type": "Feature",
      "properties": {
        "lat": 35.643137,
        "lon": 139.588347,
        "name": "L1-29.野川緑地広場",
        "capacity": 11,
        "region_id": "17",
        "station_id": "00003581"
      },
      "geometry": {
        "type": "Point",
        "coordinates": [
          139.588347,
          35.643137
        ]
      }
    },
    {
      "type": "Feature",
      "properties": {
        "lat": 35.60913,
        "lon": 139.632484,
        "name": "L1-30.二子玉川公園",
        "capacity": 8,
        "region_id": "17",
        "station_id": "00003625"
      },
      "geometry": {
        "type": "Point",
        "coordinates": [
          139.632484,
          35.60913
        ]
      }
    },
    {
      "type": "Feature",
      "properties": {
        "lat": 35.634229,
        "lon": 139.653751,
        "name": "L1-31.区営住宅弦巻二丁目アパート",
        "capacity": 11,
        "region_id": "17",
        "station_id": "00003770"
      },
      "geometry": {
        "type": "Point",
        "coordinates": [
          139.653751,
          35.634229
        ]
      }
    },
    {
      "type": "Feature",
      "properties": {
        "lat": 35.617809,
        "lon": 139.623862,
        "name": "L1-33.区営住宅玉川四丁目アパート",
        "capacity": 8,
        "region_id": "17",
        "station_id": "00003772"
      },
      "geometry": {
        "type": "Point",
        "coordinates": [
          139.623862,
          35.617809
        ]
      }
    },
    {
      "type": "Feature",
      "properties": {
        "lat": 35.63894,
        "lon": 139.66534,
        "name": "L1-34.ARKMARK三軒茶屋",
        "capacity": 3,
        "region_id": "17",
        "station_id": "00003879"
      },
      "geometry": {
        "type": "Point",
        "coordinates": [
          139.66534,
          35.63894
        ]
      }
    },
    {
      "type": "Feature",
      "properties": {
        "lat": 35.628404,
        "lon": 139.679536,
        "name": "L1-35.ホームズ学芸大学",
        "capacity": 4,
        "region_id": "17",
        "station_id": "00004039"
      },
      "geometry": {
        "type": "Point",
        "coordinates": [
          139.679536,
          35.628404
        ]
      }
    },
    {
      "type": "Feature",
      "properties": {
        "lat": 35.655113,
        "lon": 139.625904,
        "name": "L1-36.フレール西経堂",
        "capacity": 15,
        "region_id": "17",
        "station_id": "00004071"
      },
      "geometry": {
        "type": "Point",
        "coordinates": [
          139.625904,
          35.655113
        ]
      }
    },
    {
      "type": "Feature",
      "properties": {
        "lat": 35.628585,
        "lon": 139.643839,
        "name": "L1-37.桜新町交番前",
        "capacity": 1,
        "region_id": "17",
        "station_id": "00004429"
      },
      "geometry": {
        "type": "Point",
        "coordinates": [
          139.643839,
          35.628585
        ]
      }
    },
    {
      "type": "Feature",
      "properties": {
        "lat": 35.640741,
        "lon": 139.601493,
        "name": "L1-38.オダクル成城学園前第１",
        "capacity": 9,
        "region_id": "17",
        "station_id": "00004470"
      },
      "geometry": {
        "type": "Point",
        "coordinates": [
          139.601493,
          35.640741
        ]
      }
    },
    {
      "type": "Feature",
      "properties": {
        "lat": 35.639334,
        "lon": 139.596687,
        "name": "L1-39.オダクル成城学園前第２",
        "capacity": 14,
        "region_id": "17",
        "station_id": "00004471"
      },
      "geometry": {
        "type": "Point",
        "coordinates": [
          139.596687,
          35.639334
        ]
      }
    },
    {
      "type": "Feature",
      "properties": {
        "lat": 35.612979,
        "lon": 139.647472,
        "name": "L1-40.ARKMARK等々力",
        "capacity": 8,
        "region_id": "17",
        "station_id": "00004693"
      },
      "geometry": {
        "type": "Point",
        "coordinates": [
          139.647472,
          35.612979
        ]
      }
    },
    {
      "type": "Feature",
      "properties": {
        "lat": 35.657156,
        "lon": 139.64195,
        "name": "L1-42.赤堤3-12-5",
        "capacity": 10,
        "region_id": "17",
        "station_id": "00004769"
      },
      "geometry": {
        "type": "Point",
        "coordinates": [
          139.64195,
          35.657156
        ]
      }
    },
    {
      "type": "Feature",
      "properties": {
        "lat": 35.650306,
        "lon": 139.589518,
        "name": "L1-43.NTT中央研修センタ体育館駐車場内",
        "capacity": 8,
        "region_id": "17",
        "station_id": "00004895"
      },
      "geometry": {
        "type": "Point",
        "coordinates": [
          139.589518,
          35.650306
        ]
      }
    },
    {
      "type": "Feature",
      "properties": {
        "lat": 35.650831,
        "lon": 139.587835,
        "name": "L1-44.NTT中央研修センタロータリー前",
        "capacity": 18,
        "region_id": "17",
        "station_id": "00004894"
      },
      "geometry": {
        "type": "Point",
        "coordinates": [
          139.587835,
          35.650831
        ]
      }
    },
    {
      "type": "Feature",
      "properties": {
        "lat": 35.67105,
        "lon": 139.61832,
        "name": "L1-45.ARKMARK八幡山",
        "capacity": 2,
        "region_id": "17",
        "station_id": "00004975"
      },
      "geometry": {
        "type": "Point",
        "coordinates": [
          139.61832,
          35.67105
        ]
      }
    },
    {
      "type": "Feature",
      "properties": {
        "lat": 35.628938,
        "lon": 139.63475,
        "name": "L1-46.サンヒルズ用賀",
        "capacity": 5,
        "region_id": "17",
        "station_id": "00005038"
      },
      "geometry": {
        "type": "Point",
        "coordinates": [
          139.63475,
          35.628938
        ]
      }
    },
    {
      "type": "Feature",
      "properties": {
        "lat": 35.657602,
        "lon": 139.634448,
        "name": "L1-47.経堂赤堤通り団地",
        "capacity": 5,
        "region_id": "17",
        "station_id": "00005306"
      },
      "geometry": {
        "type": "Point",
        "coordinates": [
          139.634448,
          35.657602
        ]
      }
    },
    {
      "type": "Feature",
      "properties": {
        "lat": 35.66992,
        "lon": 139.66139,
        "name": "L1-48.ARKMARK代田橋",
        "capacity": 5,
        "region_id": "17",
        "station_id": "00005418"
      },
      "geometry": {
        "type": "Point",
        "coordinates": [
          139.66139,
          35.66992
        ]
      }
    },
    {
      "type": "Feature",
      "properties": {
        "lat": 35.624473,
        "lon": 139.63291,
        "name": "L1-49.エクセル用賀",
        "capacity": 3,
        "region_id": "17",
        "station_id": "00005463"
      },
      "geometry": {
        "type": "Point",
        "coordinates": [
          139.63291,
          35.624473
        ]
      }
    },
    {
      "type": "Feature",
      "properties": {
        "lat": 35.642214,
        "lon": 139.670843,
        "name": "L1-50.Face 三軒茶屋",
        "capacity": 6,
        "region_id": "17",
        "station_id": "00005524"
      },
      "geometry": {
        "type": "Point",
        "coordinates": [
          139.670843,
          35.642214
        ]
      }
    },
    {
      "type": "Feature",
      "properties": {
        "lat": 35.66563,
        "lon": 139.668528,
        "name": "L1-51.サニーコート",
        "capacity": 3,
        "region_id": "17",
        "station_id": "00005558"
      },
      "geometry": {
        "type": "Point",
        "coordinates": [
          139.668528,
          35.66563
        ]
      }
    },
    {
      "type": "Feature",
      "properties": {
        "lat": 35.624282,
        "lon": 139.636097,
        "name": "L1-52.用賀二丁目駐車場",
        "capacity": 6,
        "region_id": "17",
        "station_id": "00005565"
      },
      "geometry": {
        "type": "Point",
        "coordinates": [
          139.636097,
          35.624282
        ]
      }
    },
    {
      "type": "Feature",
      "properties": {
        "lat": 35.66362,
        "lon": 139.69801,
        "name": "M1-01.渋谷区役所",
        "capacity": 35,
        "region_id": "8",
        "station_id": "00010376"
      },
      "geometry": {
        "type": "Point",
        "coordinates": [
          139.69801,
          35.66362
        ]
      }
    },
    {
      "type": "Feature",
      "properties": {
        "lat": 35.64524,
        "lon": 139.71946,
        "name": "M2-01.恵比寿保健相談所（恵比寿社会教育館）",
        "capacity": 9,
        "region_id": "8",
        "station_id": "00010377"
      },
      "geometry": {
        "type": "Point",
        "coordinates": [
          139.71946,
          35.64524
        ]
      }
    },
    {
      "type": "Feature",
      "properties": {
        "lat": 35.643606,
        "lon": 139.713099,
        "name": "M2-02.アメリカ橋公園",
        "capacity": 7,
        "region_id": "8",
        "station_id": "00010378"
      },
      "geometry": {
        "type": "Point",
        "coordinates": [
          139.713099,
          35.643606
        ]
      }
    },
    {
      "type": "Feature",
      "properties": {
        "lat": 35.646581,
        "lon": 139.710613,
        "name": "M2-03.サイカパーク恵比寿",
        "capacity": 16,
        "region_id": "8",
        "station_id": "00010379"
      },
      "geometry": {
        "type": "Point",
        "coordinates": [
          139.710613,
          35.646581
        ]
      }
    },
    {
      "type": "Feature",
      "properties": {
        "lat": 35.653382,
        "lon": 139.721059,
        "name": "M2-04.広尾東公園",
        "capacity": 7,
        "region_id": "8",
        "station_id": "00010380"
      },
      "geometry": {
        "type": "Point",
        "coordinates": [
          139.721059,
          35.653382
        ]
      }
    },
    {
      "type": "Feature",
      "properties": {
        "lat": 35.65519,
        "lon": 139.718559,
        "name": "M2-05.日本赤十字医療センター",
        "capacity": 10,
        "region_id": "8",
        "station_id": "00010381"
      },
      "geometry": {
        "type": "Point",
        "coordinates": [
          139.718559,
          35.65519
        ]
      }
    },
    {
      "type": "Feature",
      "properties": {
        "lat": 35.647237,
        "lon": 139.71512,
        "name": "M2-06.あいおいニッセイ同和損保恵比寿ビル",
        "capacity": 7,
        "region_id": "8",
        "station_id": "00010542"
      },
      "geometry": {
        "type": "Point",
        "coordinates": [
          139.71512,
          35.647237
        ]
      }
    },
    {
      "type": "Feature",
      "properties": {
        "lat": 35.6471,
        "lon": 139.712818,
        "name": "M2-07.ファミリーマート恵比寿駅東店",
        "capacity": 7,
        "region_id": "8",
        "station_id": "00010667"
      },
      "geometry": {
        "type": "Point",
        "coordinates": [
          139.712818,
          35.6471
        ]
      }
    },
    {
      "type": "Feature",
      "properties": {
        "lat": 35.652151,
        "lon": 139.698426,
        "name": "M2-11.鉢山町",
        "capacity": 15,
        "region_id": "8",
        "station_id": "00000784"
      },
      "geometry": {
        "type": "Point",
        "coordinates": [
          139.698426,
          35.652151
        ]
      }
    },
    {
      "type": "Feature",
      "properties": {
        "lat": 35.650541,
        "lon": 139.713361,
        "name": "M2-12.恵比寿プライムスクエアタワー北",
        "capacity": 9,
        "region_id": "8",
        "station_id": "00001495"
      },
      "geometry": {
        "type": "Point",
        "coordinates": [
          139.713361,
          35.650541
        ]
      }
    },
    {
      "type": "Feature",
      "properties": {
        "lat": 35.649257,
        "lon": 139.713272,
        "name": "M2-13.恵比寿プライムスクエアタワー南",
        "capacity": 8,
        "region_id": "8",
        "station_id": "00001496"
      },
      "geometry": {
        "type": "Point",
        "coordinates": [
          139.713272,
          35.649257
        ]
      }
    },
    {
      "type": "Feature",
      "properties": {
        "lat": 35.657682,
        "lon": 139.697165,
        "name": "M3-01.渋谷マークシティ",
        "capacity": 15,
        "region_id": "8",
        "station_id": "00010382"
      },
      "geometry": {
        "type": "Point",
        "coordinates": [
          139.697165,
          35.657682
        ]
      }
    },
    {
      "type": "Feature",
      "properties": {
        "lat": 35.649823,
        "lon": 139.700139,
        "name": "M3-03.代官山 T-SITE",
        "capacity": 10,
        "region_id": "8",
        "station_id": "00010384"
      },
      "geometry": {
        "type": "Point",
        "coordinates": [
          139.700139,
          35.649823
        ]
      }
    },
    {
      "type": "Feature",
      "properties": {
        "lat": 35.657526,
        "lon": 139.704367,
        "name": "M3-06.渋谷第一生命ビル",
        "capacity": 4,
        "region_id": "8",
        "station_id": "00010492"
      },
      "geometry": {
        "type": "Point",
        "coordinates": [
          139.704367,
          35.657526
        ]
      }
    },
    {
      "type": "Feature",
      "properties": {
        "lat": 35.65506,
        "lon": 139.69384,
        "name": "M3-07.渋谷ファーストプレイス",
        "capacity": 10,
        "region_id": "8",
        "station_id": "00010493"
      },
      "geometry": {
        "type": "Point",
        "coordinates": [
          139.69384,
          35.65506
        ]
      }
    },
    {
      "type": "Feature",
      "properties": {
        "lat": 35.661475,
        "lon": 139.699296,
        "name": "M3-09.ティップ.クロス TOKYO 渋谷",
        "capacity": 15,
        "region_id": "8",
        "station_id": "00010543"
      },
      "geometry": {
        "type": "Point",
        "coordinates": [
          139.699296,
          35.661475
        ]
      }
    },
    {
      "type": "Feature",
      "properties": {
        "lat": 35.647757,
        "lon": 139.712981,
        "name": "M3-10.ウノサワ東急ビル",
        "capacity": 7,
        "region_id": "8",
        "station_id": "00010722"
      },
      "geometry": {
        "type": "Point",
        "coordinates": [
          139.712981,
          35.647757
        ]
      }
    },
    {
      "type": "Feature",
      "properties": {
        "lat": 35.65718,
        "lon": 139.698687,
        "name": "M3-11.渋谷道玄坂東急ビル",
        "capacity": 8,
        "region_id": "8",
        "station_id": "00010723"
      },
      "geometry": {
        "type": "Point",
        "coordinates": [
          139.698687,
          35.65718
        ]
      }
    },
    {
      "type": "Feature",
      "properties": {
        "lat": 35.656228,
        "lon": 139.706284,
        "name": "M3-12.渋谷南東急ビル",
        "capacity": 6,
        "region_id": "8",
        "station_id": "00010808"
      },
      "geometry": {
        "type": "Point",
        "coordinates": [
          139.706284,
          35.656228
        ]
      }
    },
    {
      "type": "Feature",
      "properties": {
        "lat": 35.657682,
        "lon": 139.703307,
        "name": "M3-13.渋谷駅東口地下駐輪場",
        "capacity": 20,
        "region_id": "8",
        "station_id": "00010843"
      },
      "geometry": {
        "type": "Point",
        "coordinates": [
          139.703307,
          35.657682
        ]
      }
    },
    {
      "type": "Feature",
      "properties": {
        "lat": 35.647076,
        "lon": 139.703964,
        "name": "M3-15.co-ba ebisu",
        "capacity": 27,
        "region_id": "8",
        "station_id": "00010881"
      },
      "geometry": {
        "type": "Point",
        "coordinates": [
          139.703964,
          35.647076
        ]
      }
    },
    {
      "type": "Feature",
      "properties": {
        "lat": 35.662146,
        "lon": 139.702793,
        "name": "M3-19.渋谷キャスト",
        "capacity": 17,
        "region_id": "8",
        "station_id": "00010984"
      },
      "geometry": {
        "type": "Point",
        "coordinates": [
          139.702793,
          35.662146
        ]
      }
    },
    {
      "type": "Feature",
      "properties": {
        "lat": 35.65494,
        "lon": 139.70534,
        "name": "M3-20.東急ステイ渋谷新南口",
        "capacity": 7,
        "region_id": "8",
        "station_id": "00000208"
      },
      "geometry": {
        "type": "Point",
        "coordinates": [
          139.70534,
          35.65494
        ]
      }
    },
    {
      "type": "Feature",
      "properties": {
        "lat": 35.65618,
        "lon": 139.69612,
        "name": "M3-21.渋谷ソラスタ",
        "capacity": 12,
        "region_id": "8",
        "station_id": "00000351"
      },
      "geometry": {
        "type": "Point",
        "coordinates": [
          139.69612,
          35.65618
        ]
      }
    },
    {
      "type": "Feature",
      "properties": {
        "lat": 35.64514,
        "lon": 139.71686,
        "name": "M3-22.森谷ビル",
        "capacity": 15,
        "region_id": "8",
        "station_id": "00000713"
      },
      "geometry": {
        "type": "Point",
        "coordinates": [
          139.71686,
          35.64514
        ]
      }
    },
    {
      "type": "Feature",
      "properties": {
        "lat": 35.66026,
        "lon": 139.69684,
        "name": "M3-24.渋谷道玄坂２丁目駐輪場",
        "capacity": 19,
        "region_id": "8",
        "station_id": "00001524"
      },
      "geometry": {
        "type": "Point",
        "coordinates": [
          139.69684,
          35.66026
        ]
      }
    },
    {
      "type": "Feature",
      "properties": {
        "lat": 35.65974,
        "lon": 139.694256,
        "name": "M3-25.VORT渋谷松濤residence",
        "capacity": 6,
        "region_id": "8",
        "station_id": "00003919"
      },
      "geometry": {
        "type": "Point",
        "coordinates": [
          139.694256,
          35.65974
        ]
      }
    },
    {
      "type": "Feature",
      "properties": {
        "lat": 35.647049,
        "lon": 139.714783,
        "name": "M3-26.VORT恵比寿Ⅲ",
        "capacity": 4,
        "region_id": "8",
        "station_id": "00003984"
      },
      "geometry": {
        "type": "Point",
        "coordinates": [
          139.714783,
          35.647049
        ]
      }
    },
    {
      "type": "Feature",
      "properties": {
        "lat": 35.643239,
        "lon": 139.709329,
        "name": "M3-27.VORT恵比寿Dual's",
        "capacity": 4,
        "region_id": "8",
        "station_id": "00004178"
      },
      "geometry": {
        "type": "Point",
        "coordinates": [
          139.709329,
          35.643239
        ]
      }
    },
    {
      "type": "Feature",
      "properties": {
        "lat": 35.649379,
        "lon": 139.711076,
        "name": "M3-28.VORT恵比寿maxim",
        "capacity": 2,
        "region_id": "8",
        "station_id": "00004724"
      },
      "geometry": {
        "type": "Point",
        "coordinates": [
          139.711076,
          35.649379
        ]
      }
    },
    {
      "type": "Feature",
      "properties": {
        "lat": 35.6671,
        "lon": 139.705085,
        "name": "M3-30.COINPARK 神宮前6丁目第3駐車場",
        "capacity": 24,
        "region_id": "8",
        "station_id": "00005412"
      },
      "geometry": {
        "type": "Point",
        "coordinates": [
          139.705085,
          35.6671
        ]
      }
    },
    {
      "type": "Feature",
      "properties": {
        "lat": 35.6873,
        "lon": 139.70282,
        "name": "M4-01.新宿タカシマヤ",
        "capacity": 5,
        "region_id": "8",
        "station_id": "00010386"
      },
      "geometry": {
        "type": "Point",
        "coordinates": [
          139.70282,
          35.6873
        ]
      }
    },
    {
      "type": "Feature",
      "properties": {
        "lat": 35.684451,
        "lon": 139.702884,
        "name": "M4-03.NTTドコモ代々木ビル",
        "capacity": 10,
        "region_id": "8",
        "station_id": "00010387"
      },
      "geometry": {
        "type": "Point",
        "coordinates": [
          139.702884,
          35.684451
        ]
      }
    },
    {
      "type": "Feature",
      "properties": {
        "lat": 35.671823,
        "lon": 139.708158,
        "name": "M4-06.THE SHARE 原宿",
        "capacity": 7,
        "region_id": "8",
        "station_id": "00010611"
      },
      "geometry": {
        "type": "Point",
        "coordinates": [
          139.708158,
          35.671823
        ]
      }
    },
    {
      "type": "Feature",
      "properties": {
        "lat": 35.68082,
        "lon": 139.71188,
        "name": "M4-07.千駄ヶ谷駅前",
        "capacity": 5,
        "region_id": "8",
        "station_id": "00010666"
      },
      "geometry": {
        "type": "Point",
        "coordinates": [
          139.71188,
          35.68082
        ]
      }
    },
    {
      "type": "Feature",
      "properties": {
        "lat": 35.66616,
        "lon": 139.70458,
        "name": "M4-13.J-cube",
        "capacity": 3,
        "region_id": "8",
        "station_id": "00000629"
      },
      "geometry": {
        "type": "Point",
        "coordinates": [
          139.70458,
          35.66616
        ]
      }
    },
    {
      "type": "Feature",
      "properties": {
        "lat": 35.668673,
        "lon": 139.702816,
        "name": "M4-16.神宮前6丁目",
        "capacity": 3,
        "region_id": "8",
        "station_id": "00000744"
      },
      "geometry": {
        "type": "Point",
        "coordinates": [
          139.702816,
          35.668673
        ]
      }
    },
    {
      "type": "Feature",
      "properties": {
        "lat": 35.672409,
        "lon": 139.710609,
        "name": "M4-18.ビラ・ローザ",
        "capacity": 7,
        "region_id": "8",
        "station_id": "00004768"
      },
      "geometry": {
        "type": "Point",
        "coordinates": [
          139.710609,
          35.672409
        ]
      }
    },
    {
      "type": "Feature",
      "properties": {
        "lat": 35.684423,
        "lon": 139.692262,
        "name": "M5-02.あいおいニッセイ同和損保新宿ビル",
        "capacity": 6,
        "region_id": "8",
        "station_id": "00010391"
      },
      "geometry": {
        "type": "Point",
        "coordinates": [
          139.692262,
          35.684423
        ]
      }
    },
    {
      "type": "Feature",
      "properties": {
        "lat": 35.671282,
        "lon": 139.675307,
        "name": "M5-03.代々木大山公園",
        "capacity": 16,
        "region_id": "8",
        "station_id": "00010392"
      },
      "geometry": {
        "type": "Point",
        "coordinates": [
          139.675307,
          35.671282
        ]
      }
    },
    {
      "type": "Feature",
      "properties": {
        "lat": 35.668091,
        "lon": 139.680243,
        "name": "M5-08.古賀政男音楽博物館",
        "capacity": 7,
        "region_id": "8",
        "station_id": "00010647"
      },
      "geometry": {
        "type": "Point",
        "coordinates": [
          139.680243,
          35.668091
        ]
      }
    },
    {
      "type": "Feature",
      "properties": {
        "lat": 35.66865,
        "lon": 139.679251,
        "name": "M5-09.代々木上原駅前",
        "capacity": 4,
        "region_id": "8",
        "station_id": "00010665"
      },
      "geometry": {
        "type": "Point",
        "coordinates": [
          139.679251,
          35.66865
        ]
      }
    },
    {
      "type": "Feature",
      "properties": {
        "lat": 35.665961,
        "lon": 139.686491,
        "name": "M5-10.富ヶ谷2丁目",
        "capacity": 17,
        "region_id": "8",
        "station_id": "00010807"
      },
      "geometry": {
        "type": "Point",
        "coordinates": [
          139.686491,
          35.665961
        ]
      }
    },
    {
      "type": "Feature",
      "properties": {
        "lat": 35.688154,
        "lon": 139.698975,
        "name": "M5-11.あおい通り",
        "capacity": 7,
        "region_id": "8",
        "station_id": "00010813"
      },
      "geometry": {
        "type": "Point",
        "coordinates": [
          139.698975,
          35.688154
        ]
      }
    },
    {
      "type": "Feature",
      "properties": {
        "lat": 35.675049,
        "lon": 139.68444,
        "name": "M5-13.セブン-イレブン初台店",
        "capacity": 5,
        "region_id": "8",
        "station_id": "00010891"
      },
      "geometry": {
        "type": "Point",
        "coordinates": [
          139.68444,
          35.675049
        ]
      }
    },
    {
      "type": "Feature",
      "properties": {
        "lat": 35.686567,
        "lon": 139.699355,
        "name": "M5-15.新宿マインズタワー",
        "capacity": 18,
        "region_id": "8",
        "station_id": "00011018"
      },
      "geometry": {
        "type": "Point",
        "coordinates": [
          139.699355,
          35.686567
        ]
      }
    },
    {
      "type": "Feature",
      "properties": {
        "lat": 35.6866,
        "lon": 139.70014,
        "name": "M5-17.小田急サザンタワー",
        "capacity": 9,
        "region_id": "8",
        "station_id": "00000461"
      },
      "geometry": {
        "type": "Point",
        "coordinates": [
          139.70014,
          35.6866
        ]
      }
    },
    {
      "type": "Feature",
      "properties": {
        "lat": 35.679182,
        "lon": 139.68596,
        "name": "M5-18.Luxe初台",
        "capacity": 5,
        "region_id": "8",
        "station_id": "00000777"
      },
      "geometry": {
        "type": "Point",
        "coordinates": [
          139.68596,
          35.679182
        ]
      }
    },
    {
      "type": "Feature",
      "properties": {
        "lat": 35.68285,
        "lon": 139.698528,
        "name": "M5-19.グランリヴィエール代々木",
        "capacity": 6,
        "region_id": "8",
        "station_id": "00000887"
      },
      "geometry": {
        "type": "Point",
        "coordinates": [
          139.698528,
          35.68285
        ]
      }
    },
    {
      "type": "Feature",
      "properties": {
        "lat": 35.663579,
        "lon": 139.687435,
        "name": "M5-20.富ヶ谷214",
        "capacity": 21,
        "region_id": "8",
        "station_id": "00002868"
      },
      "geometry": {
        "type": "Point",
        "coordinates": [
          139.687435,
          35.663579
        ]
      }
    },
    {
      "type": "Feature",
      "properties": {
        "lat": 35.68615,
        "lon": 139.69708,
        "name": "M5-21.パレステュディオ代々木",
        "capacity": 11,
        "region_id": "8",
        "station_id": "00003794"
      },
      "geometry": {
        "type": "Point",
        "coordinates": [
          139.69708,
          35.68615
        ]
      }
    },
    {
      "type": "Feature",
      "properties": {
        "lat": 35.66624,
        "lon": 139.682864,
        "name": "M5-22.上原二丁目",
        "capacity": 31,
        "region_id": "8",
        "station_id": "00003937"
      },
      "geometry": {
        "type": "Point",
        "coordinates": [
          139.682864,
          35.66624
        ]
      }
    },
    {
      "type": "Feature",
      "properties": {
        "lat": 35.681138,
        "lon": 139.690641,
        "name": "M5-23.ザ・メナーエス",
        "capacity": 21,
        "region_id": "8",
        "station_id": "00004766"
      },
      "geometry": {
        "type": "Point",
        "coordinates": [
          139.690641,
          35.681138
        ]
      }
    },
    {
      "type": "Feature",
      "properties": {
        "lat": 35.666784,
        "lon": 139.692015,
        "name": "M5-24.AXAS代々木公園",
        "capacity": 6,
        "region_id": "8",
        "station_id": "00005423"
      },
      "geometry": {
        "type": "Point",
        "coordinates": [
          139.692015,
          35.666784
        ]
      }
    },
    {
      "type": "Feature",
      "properties": {
        "lat": 35.683651,
        "lon": 139.690319,
        "name": "M5-25.代々木四丁目駐車場",
        "capacity": 2,
        "region_id": "8",
        "station_id": "00005559"
      },
      "geometry": {
        "type": "Point",
        "coordinates": [
          139.690319,
          35.683651
        ]
      }
    },
    {
      "type": "Feature",
      "properties": {
        "lat": 35.677175,
        "lon": 139.676769,
        "name": "M6-01.幡ヶ谷駅高架下第一",
        "capacity": 39,
        "region_id": "8",
        "station_id": "00010393"
      },
      "geometry": {
        "type": "Point",
        "coordinates": [
          139.676769,
          35.677175
        ]
      }
    },
    {
      "type": "Feature",
      "properties": {
        "lat": 35.673444,
        "lon": 139.666553,
        "name": "M6-02.サイカパーク笹塚",
        "capacity": 7,
        "region_id": "8",
        "station_id": "00010394"
      },
      "geometry": {
        "type": "Point",
        "coordinates": [
          139.666553,
          35.673444
        ]
      }
    },
    {
      "type": "Feature",
      "properties": {
        "lat": 35.675198,
        "lon": 139.663587,
        "name": "M6-03.十三号通り公園",
        "capacity": 7,
        "region_id": "8",
        "station_id": "00010395"
      },
      "geometry": {
        "type": "Point",
        "coordinates": [
          139.663587,
          35.675198
        ]
      }
    },
    {
      "type": "Feature",
      "properties": {
        "lat": 35.687126,
        "lon": 139.680702,
        "name": "M6-04.本町東べんてん橋公園",
        "capacity": 8,
        "region_id": "8",
        "station_id": "00010396"
      },
      "geometry": {
        "type": "Point",
        "coordinates": [
          139.680702,
          35.687126
        ]
      }
    },
    {
      "type": "Feature",
      "properties": {
        "lat": 35.67917,
        "lon": 139.67493,
        "name": "M6-05.七号通り公園",
        "capacity": 7,
        "region_id": "8",
        "station_id": "00010397"
      },
      "geometry": {
        "type": "Point",
        "coordinates": [
          139.67493,
          35.67917
        ]
      }
    },
    {
      "type": "Feature",
      "properties": {
        "lat": 35.675436,
        "lon": 139.670594,
        "name": "M6-07.笹塚東",
        "capacity": 21,
        "region_id": "8",
        "station_id": "00010721"
      },
      "geometry": {
        "type": "Point",
        "coordinates": [
          139.670594,
          35.675436
        ]
      }
    },
    {
      "type": "Feature",
      "properties": {
        "lat": 35.6772,
        "lon": 139.678117,
        "name": "M6-10.京王コインパーク幡ヶ谷",
        "capacity": 6,
        "region_id": "8",
        "station_id": "00010819"
      },
      "geometry": {
        "type": "Point",
        "coordinates": [
          139.678117,
          35.6772
        ]
      }
    },
    {
      "type": "Feature",
      "properties": {
        "lat": 35.674337,
        "lon": 139.668801,
        "name": "M6-11.京王サイクルパーク笹塚",
        "capacity": 5,
        "region_id": "8",
        "station_id": "00010842"
      },
      "geometry": {
        "type": "Point",
        "coordinates": [
          139.668801,
          35.674337
        ]
      }
    },
    {
      "type": "Feature",
      "properties": {
        "lat": 35.683156,
        "lon": 139.67338,
        "name": "M6-12.LIVART SEASON 幡ヶ谷",
        "capacity": 7,
        "region_id": "8",
        "station_id": "00010910"
      },
      "geometry": {
        "type": "Point",
        "coordinates": [
          139.67338,
          35.683156
        ]
      }
    },
    {
      "type": "Feature",
      "properties": {
        "lat": 35.673409,
        "lon": 139.675203,
        "name": "M6-13.JICA東京",
        "capacity": 12,
        "region_id": "8",
        "station_id": "00010999"
      },
      "geometry": {
        "type": "Point",
        "coordinates": [
          139.675203,
          35.673409
        ]
      }
    },
    {
      "type": "Feature",
      "properties": {
        "lat": 35.67741,
        "lon": 139.67383,
        "name": "M6-15.cova Hatagaya",
        "capacity": 3,
        "region_id": "8",
        "station_id": "00000383"
      },
      "geometry": {
        "type": "Point",
        "coordinates": [
          139.67383,
          35.67741
        ]
      }
    },
    {
      "type": "Feature",
      "properties": {
        "lat": 35.672922,
        "lon": 139.668729,
        "name": "M6-17.笹塚一丁目駐輪場",
        "capacity": 17,
        "region_id": "8",
        "station_id": "00001504"
      },
      "geometry": {
        "type": "Point",
        "coordinates": [
          139.668729,
          35.672922
        ]
      }
    },
    {
      "type": "Feature",
      "properties": {
        "lat": 35.686521,
        "lon": 139.685017,
        "name": "M6-18.セブン-イレブン渋谷本町3丁目店",
        "capacity": 5,
        "region_id": "8",
        "station_id": "00002279"
      },
      "geometry": {
        "type": "Point",
        "coordinates": [
          139.685017,
          35.686521
        ]
      }
    },
    {
      "type": "Feature",
      "properties": {
        "lat": 35.683146,
        "lon": 139.683346,
        "name": "M6-19.D'sVARIE初台ビル",
        "capacity": 7,
        "region_id": "8",
        "station_id": "00003079"
      },
      "geometry": {
        "type": "Point",
        "coordinates": [
          139.683346,
          35.683146
        ]
      }
    },
    {
      "type": "Feature",
      "properties": {
        "lat": 35.679876,
        "lon": 139.68278,
        "name": "M6-21.ARKMARK渋谷初台",
        "capacity": 6,
        "region_id": "8",
        "station_id": "00003948"
      },
      "geometry": {
        "type": "Point",
        "coordinates": [
          139.68278,
          35.679876
        ]
      }
    },
    {
      "type": "Feature",
      "properties": {
        "lat": 35.67726,
        "lon": 139.676267,
        "name": "M6-22.ヴォーガコルテ幡ヶ谷",
        "capacity": 3,
        "region_id": "8",
        "station_id": "00004972"
      },
      "geometry": {
        "type": "Point",
        "coordinates": [
          139.676267,
          35.67726
        ]
      }
    },
    {
      "type": "Feature",
      "properties": {
        "lat": 35.721556,
        "lon": 139.640397,
        "name": "N1-02.鷺宮東駐輪場",
        "capacity": 12,
        "region_id": "13",
        "station_id": "00011027"
      },
      "geometry": {
        "type": "Point",
        "coordinates": [
          139.640397,
          35.721556
        ]
      }
    },
    {
      "type": "Feature",
      "properties": {
        "lat": 35.721827,
        "lon": 139.635949,
        "name": "N1-03.鷺宮南駐輪場",
        "capacity": 10,
        "region_id": "13",
        "station_id": "00011028"
      },
      "geometry": {
        "type": "Point",
        "coordinates": [
          139.635949,
          35.721827
        ]
      }
    },
    {
      "type": "Feature",
      "properties": {
        "lat": 35.721679,
        "lon": 139.645265,
        "name": "N1-04.都立家政南駐輪場",
        "capacity": 10,
        "region_id": "13",
        "station_id": "00000131"
      },
      "geometry": {
        "type": "Point",
        "coordinates": [
          139.645265,
          35.721679
        ]
      }
    },
    {
      "type": "Feature",
      "properties": {
        "lat": 35.7266,
        "lon": 139.62948,
        "name": "N1-05.大野ハイツ",
        "capacity": 4,
        "region_id": "13",
        "station_id": "00000535"
      },
      "geometry": {
        "type": "Point",
        "coordinates": [
          139.62948,
          35.7266
        ]
      }
    },
    {
      "type": "Feature",
      "properties": {
        "lat": 35.713562,
        "lon": 139.649075,
        "name": "N1-06.大和区民活動センター",
        "capacity": 4,
        "region_id": "13",
        "station_id": "00000539"
      },
      "geometry": {
        "type": "Point",
        "coordinates": [
          139.649075,
          35.713562
        ]
      }
    },
    {
      "type": "Feature",
      "properties": {
        "lat": 35.733292,
        "lon": 139.630369,
        "name": "N1-07.プランドール上鷺宮",
        "capacity": 7,
        "region_id": "13",
        "station_id": "00000726"
      },
      "geometry": {
        "type": "Point",
        "coordinates": [
          139.630369,
          35.733292
        ]
      }
    },
    {
      "type": "Feature",
      "properties": {
        "lat": 35.729056,
        "lon": 139.627864,
        "name": "N1-08.上鷺自転車保管場所",
        "capacity": 8,
        "region_id": "13",
        "station_id": "00000859"
      },
      "geometry": {
        "type": "Point",
        "coordinates": [
          139.627864,
          35.729056
        ]
      }
    },
    {
      "type": "Feature",
      "properties": {
        "lat": 35.716184,
        "lon": 139.643905,
        "name": "N1-09.若宮レジデンス",
        "capacity": 3,
        "region_id": "13",
        "station_id": "00001704"
      },
      "geometry": {
        "type": "Point",
        "coordinates": [
          139.643905,
          35.716184
        ]
      }
    },
    {
      "type": "Feature",
      "properties": {
        "lat": 35.71475,
        "lon": 139.65359,
        "name": "N1-10.AXAS中野大和町",
        "capacity": 2,
        "region_id": "13",
        "station_id": "00004472"
      },
      "geometry": {
        "type": "Point",
        "coordinates": [
          139.65359,
          35.71475
        ]
      }
    },
    {
      "type": "Feature",
      "properties": {
        "lat": 35.710285,
        "lon": 139.66173,
        "name": "N2-01.NTT野方ビル",
        "capacity": 5,
        "region_id": "13",
        "station_id": "00010973"
      },
      "geometry": {
        "type": "Point",
        "coordinates": [
          139.66173,
          35.710285
        ]
      }
    },
    {
      "type": "Feature",
      "properties": {
        "lat": 35.724988,
        "lon": 139.672511,
        "name": "N2-02.江古田1丁目A",
        "capacity": 3,
        "region_id": "13",
        "station_id": "00010974"
      },
      "geometry": {
        "type": "Point",
        "coordinates": [
          139.672511,
          35.724988
        ]
      }
    },
    {
      "type": "Feature",
      "properties": {
        "lat": 35.712179,
        "lon": 139.65603,
        "name": "N2-03.野方1丁目",
        "capacity": 6,
        "region_id": "13",
        "station_id": "00010975"
      },
      "geometry": {
        "type": "Point",
        "coordinates": [
          139.65603,
          35.712179
        ]
      }
    },
    {
      "type": "Feature",
      "properties": {
        "lat": 35.713018,
        "lon": 139.656768,
        "name": "N2-04.野方2丁目",
        "capacity": 7,
        "region_id": "13",
        "station_id": "00010985"
      },
      "geometry": {
        "type": "Point",
        "coordinates": [
          139.656768,
          35.713018
        ]
      }
    },
    {
      "type": "Feature",
      "properties": {
        "lat": 35.717877,
        "lon": 139.654732,
        "name": "N2-05.野方3丁目",
        "capacity": 13,
        "region_id": "13",
        "station_id": "00010986"
      },
      "geometry": {
        "type": "Point",
        "coordinates": [
          139.654732,
          35.717877
        ]
      }
    },
    {
      "type": "Feature",
      "properties": {
        "lat": 35.72515,
        "lon": 139.672614,
        "name": "N2-06.江古田1丁目B",
        "capacity": 6,
        "region_id": "13",
        "station_id": "00000370"
      },
      "geometry": {
        "type": "Point",
        "coordinates": [
          139.672614,
          35.72515
        ]
      }
    },
    {
      "type": "Feature",
      "properties": {
        "lat": 35.714292,
        "lon": 139.663327,
        "name": "N2-07.新井区民活動センター",
        "capacity": 5,
        "region_id": "13",
        "station_id": "00000538"
      },
      "geometry": {
        "type": "Point",
        "coordinates": [
          139.663327,
          35.714292
        ]
      }
    },
    {
      "type": "Feature",
      "properties": {
        "lat": 35.728893,
        "lon": 139.670119,
        "name": "N2-08.江古田区民活動センター",
        "capacity": 4,
        "region_id": "13",
        "station_id": "00000633"
      },
      "geometry": {
        "type": "Point",
        "coordinates": [
          139.670119,
          35.728893
        ]
      }
    },
    {
      "type": "Feature",
      "properties": {
        "lat": 35.722991,
        "lon": 139.673048,
        "name": "N2-09.松山駐車場No.1",
        "capacity": 6,
        "region_id": "13",
        "station_id": "00000767"
      },
      "geometry": {
        "type": "Point",
        "coordinates": [
          139.673048,
          35.722991
        ]
      }
    },
    {
      "type": "Feature",
      "properties": {
        "lat": 35.733432,
        "lon": 139.671241,
        "name": "N2-10.関根ビル",
        "capacity": 3,
        "region_id": "13",
        "station_id": "00000892"
      },
      "geometry": {
        "type": "Point",
        "coordinates": [
          139.671241,
          35.733432
        ]
      }
    },
    {
      "type": "Feature",
      "properties": {
        "lat": 35.718635,
        "lon": 139.663404,
        "name": "N2-11.沼袋駅南",
        "capacity": 6,
        "region_id": "13",
        "station_id": "00002943"
      },
      "geometry": {
        "type": "Point",
        "coordinates": [
          139.663404,
          35.718635
        ]
      }
    },
    {
      "type": "Feature",
      "properties": {
        "lat": 35.731879,
        "lon": 139.671273,
        "name": "N2-12.新江古田自転車駐輪場",
        "capacity": 3,
        "region_id": "13",
        "station_id": "00004041"
      },
      "geometry": {
        "type": "Point",
        "coordinates": [
          139.671273,
          35.731879
        ]
      }
    },
    {
      "type": "Feature",
      "properties": {
        "lat": 35.708487,
        "lon": 139.662135,
        "name": "N3-01.中野四季の森公園",
        "capacity": 18,
        "region_id": "13",
        "station_id": "00010967"
      },
      "geometry": {
        "type": "Point",
        "coordinates": [
          139.662135,
          35.708487
        ]
      }
    },
    {
      "type": "Feature",
      "properties": {
        "lat": 35.697074,
        "lon": 139.677848,
        "name": "N3-03.青桐公園",
        "capacity": 3,
        "region_id": "13",
        "station_id": "00010961"
      },
      "geometry": {
        "type": "Point",
        "coordinates": [
          139.677848,
          35.697074
        ]
      }
    },
    {
      "type": "Feature",
      "properties": {
        "lat": 35.707883,
        "lon": 139.683284,
        "name": "N3-04.東中野駅地下駐輪場",
        "capacity": 22,
        "region_id": "13",
        "station_id": "00010962"
      },
      "geometry": {
        "type": "Point",
        "coordinates": [
          139.683284,
          35.707883
        ]
      }
    },
    {
      "type": "Feature",
      "properties": {
        "lat": 35.698068,
        "lon": 139.682781,
        "name": "N3-05.中野坂上駅地下駐輪場",
        "capacity": 7,
        "region_id": "13",
        "station_id": "00010963"
      },
      "geometry": {
        "type": "Point",
        "coordinates": [
          139.682781,
          35.698068
        ]
      }
    },
    {
      "type": "Feature",
      "properties": {
        "lat": 35.70442,
        "lon": 139.67141,
        "name": "N3-07.なかのZERO",
        "capacity": 7,
        "region_id": "13",
        "station_id": "00011024"
      },
      "geometry": {
        "type": "Point",
        "coordinates": [
          139.67141,
          35.70442
        ]
      }
    },
    {
      "type": "Feature",
      "properties": {
        "lat": 35.702659,
        "lon": 139.662563,
        "name": "N3-10.エーエスホームズⅡ駐車場",
        "capacity": 7,
        "region_id": "13",
        "station_id": "00000469"
      },
      "geometry": {
        "type": "Point",
        "coordinates": [
          139.662563,
          35.702659
        ]
      }
    },
    {
      "type": "Feature",
      "properties": {
        "lat": 35.711501,
        "lon": 139.672761,
        "name": "N3-11.上高田区民活動センター",
        "capacity": 5,
        "region_id": "13",
        "station_id": "00000537"
      },
      "geometry": {
        "type": "Point",
        "coordinates": [
          139.672761,
          35.711501
        ]
      }
    },
    {
      "type": "Feature",
      "properties": {
        "lat": 35.702414,
        "lon": 139.667327,
        "name": "N3-12.桃園区民活動センター",
        "capacity": 3,
        "region_id": "13",
        "station_id": "00000541"
      },
      "geometry": {
        "type": "Point",
        "coordinates": [
          139.667327,
          35.702414
        ]
      }
    },
    {
      "type": "Feature",
      "properties": {
        "lat": 35.700052,
        "lon": 139.673715,
        "name": "N3-13.中部すこやか福祉センター",
        "capacity": 5,
        "region_id": "13",
        "station_id": "00000647"
      },
      "geometry": {
        "type": "Point",
        "coordinates": [
          139.673715,
          35.700052
        ]
      }
    },
    {
      "type": "Feature",
      "properties": {
        "lat": 35.713227,
        "lon": 139.680966,
        "name": "N3-14.ヴィラソンサ落合",
        "capacity": 5,
        "region_id": "13",
        "station_id": "00000648"
      },
      "geometry": {
        "type": "Point",
        "coordinates": [
          139.680966,
          35.713227
        ]
      }
    },
    {
      "type": "Feature",
      "properties": {
        "lat": 35.71046,
        "lon": 139.6855,
        "name": "N3-15.ライオンズマンション中野東",
        "capacity": 3,
        "region_id": "13",
        "station_id": "00000716"
      },
      "geometry": {
        "type": "Point",
        "coordinates": [
          139.6855,
          35.71046
        ]
      }
    },
    {
      "type": "Feature",
      "properties": {
        "lat": 35.699743,
        "lon": 139.664608,
        "name": "N3-16.COURT 5",
        "capacity": 5,
        "region_id": "13",
        "station_id": "00000842"
      },
      "geometry": {
        "type": "Point",
        "coordinates": [
          139.664608,
          35.699743
        ]
      }
    },
    {
      "type": "Feature",
      "properties": {
        "lat": 35.70862,
        "lon": 139.680679,
        "name": "N3-17.東中野3丁目",
        "capacity": 10,
        "region_id": "13",
        "station_id": "00000893"
      },
      "geometry": {
        "type": "Point",
        "coordinates": [
          139.680679,
          35.70862
        ]
      }
    },
    {
      "type": "Feature",
      "properties": {
        "lat": 35.69942,
        "lon": 139.673964,
        "name": "N3-18.藤和シティコープ新中野3",
        "capacity": 5,
        "region_id": "13",
        "station_id": "00001169"
      },
      "geometry": {
        "type": "Point",
        "coordinates": [
          139.673964,
          35.69942
        ]
      }
    },
    {
      "type": "Feature",
      "properties": {
        "lat": 35.715878,
        "lon": 139.673669,
        "name": "N3-19.上高田パーキング",
        "capacity": 17,
        "region_id": "13",
        "station_id": "00001300"
      },
      "geometry": {
        "type": "Point",
        "coordinates": [
          139.673669,
          35.715878
        ]
      }
    },
    {
      "type": "Feature",
      "properties": {
        "lat": 35.701157,
        "lon": 139.679617,
        "name": "N3-20.SYFORME NAKANO-SAKAUE",
        "capacity": 3,
        "region_id": "13",
        "station_id": "00002211"
      },
      "geometry": {
        "type": "Point",
        "coordinates": [
          139.679617,
          35.701157
        ]
      }
    },
    {
      "type": "Feature",
      "properties": {
        "lat": 35.709245,
        "lon": 139.663218,
        "name": "N3-21.中野区役所新庁舎",
        "capacity": 3,
        "region_id": "13",
        "station_id": "00002916"
      },
      "geometry": {
        "type": "Point",
        "coordinates": [
          139.663218,
          35.709245
        ]
      }
    },
    {
      "type": "Feature",
      "properties": {
        "lat": 35.71634,
        "lon": 139.672198,
        "name": "N3-22.新井薬師北自転車駐輪場",
        "capacity": 5,
        "region_id": "13",
        "station_id": "00003706"
      },
      "geometry": {
        "type": "Point",
        "coordinates": [
          139.672198,
          35.71634
        ]
      }
    },
    {
      "type": "Feature",
      "properties": {
        "lat": 35.702182,
        "lon": 139.674851,
        "name": "N3-23.パークサイドレジデンス",
        "capacity": 3,
        "region_id": "13",
        "station_id": "00004628"
      },
      "geometry": {
        "type": "Point",
        "coordinates": [
          139.674851,
          35.702182
        ]
      }
    },
    {
      "type": "Feature",
      "properties": {
        "lat": 35.69392,
        "lon": 139.672904,
        "name": "N3-24.ガリシア中野新橋",
        "capacity": 2,
        "region_id": "13",
        "station_id": "00004691"
      },
      "geometry": {
        "type": "Point",
        "coordinates": [
          139.672904,
          35.69392
        ]
      }
    },
    {
      "type": "Feature",
      "properties": {
        "lat": 35.699375,
        "lon": 139.681635,
        "name": "N3-25.メゾン中野坂上",
        "capacity": 5,
        "region_id": "13",
        "station_id": "00005345"
      },
      "geometry": {
        "type": "Point",
        "coordinates": [
          139.681635,
          35.699375
        ]
      }
    },
    {
      "type": "Feature",
      "properties": {
        "lat": 35.702573,
        "lon": 139.686783,
        "name": "N3-26.ARKMARK中野坂上",
        "capacity": 9,
        "region_id": "13",
        "station_id": "00005420"
      },
      "geometry": {
        "type": "Point",
        "coordinates": [
          139.686783,
          35.702573
        ]
      }
    },
    {
      "type": "Feature",
      "properties": {
        "lat": 35.69693,
        "lon": 139.672721,
        "name": "N4-01.本四公園",
        "capacity": 10,
        "region_id": "13",
        "station_id": "00010964"
      },
      "geometry": {
        "type": "Point",
        "coordinates": [
          139.672721,
          35.69693
        ]
      }
    },
    {
      "type": "Feature",
      "properties": {
        "lat": 35.686474,
        "lon": 139.671383,
        "name": "N4-02.栄町公園",
        "capacity": 9,
        "region_id": "13",
        "station_id": "00010965"
      },
      "geometry": {
        "type": "Point",
        "coordinates": [
          139.671383,
          35.686474
        ]
      }
    },
    {
      "type": "Feature",
      "properties": {
        "lat": 35.690897,
        "lon": 139.668345,
        "name": "N4-04.弥生町5丁目",
        "capacity": 11,
        "region_id": "13",
        "station_id": "00011025"
      },
      "geometry": {
        "type": "Point",
        "coordinates": [
          139.668345,
          35.690897
        ]
      }
    },
    {
      "type": "Feature",
      "properties": {
        "lat": 35.693815,
        "lon": 139.668571,
        "name": "N4-05.セブン-イレブン中野鍋横店",
        "capacity": 5,
        "region_id": "13",
        "station_id": "00001328"
      },
      "geometry": {
        "type": "Point",
        "coordinates": [
          139.668571,
          35.693815
        ]
      }
    },
    {
      "type": "Feature",
      "properties": {
        "lat": 35.695819,
        "lon": 139.674326,
        "name": "N4-06.ローソン中野本町新橋通り店",
        "capacity": 4,
        "region_id": "13",
        "station_id": "00001374"
      },
      "geometry": {
        "type": "Point",
        "coordinates": [
          139.674326,
          35.695819
        ]
      }
    },
    {
      "type": "Feature",
      "properties": {
        "lat": 35.68509,
        "lon": 139.671102,
        "name": "N4-07.南台2丁目",
        "capacity": 11,
        "region_id": "13",
        "station_id": "00001874"
      },
      "geometry": {
        "type": "Point",
        "coordinates": [
          139.671102,
          35.68509
        ]
      }
    },
    {
      "type": "Feature",
      "properties": {
        "lat": 35.681399,
        "lon": 139.666572,
        "name": "N4-08.中野区南台4-21-3",
        "capacity": 9,
        "region_id": "13",
        "station_id": "00005211"
      },
      "geometry": {
        "type": "Point",
        "coordinates": [
          139.666572,
          35.681399
        ]
      }
    },
    {
      "type": "Feature",
      "properties": {
        "lat": 35.679611,
        "lon": 139.66275,
        "name": "N4-09.中野区南台5-15-23",
        "capacity": 9,
        "region_id": "13",
        "station_id": "00005525"
      },
      "geometry": {
        "type": "Point",
        "coordinates": [
          139.66275,
          35.679611
        ]
      }
    },
    {
      "type": "Feature",
      "properties": {
        "lat": 35.720887,
        "lon": 139.60446,
        "name": "O1-01.上瀬戸公園",
        "capacity": 5,
        "region_id": "14",
        "station_id": "00000591"
      },
      "geometry": {
        "type": "Point",
        "coordinates": [
          139.60446,
          35.720887
        ]
      }
    },
    {
      "type": "Feature",
      "properties": {
        "lat": 35.72424,
        "lon": 139.61431,
        "name": "O1-02.井荻南地下自転車駐車場",
        "capacity": 13,
        "region_id": "14",
        "station_id": "00000592"
      },
      "geometry": {
        "type": "Point",
        "coordinates": [
          139.61431,
          35.72424
        ]
      }
    },
    {
      "type": "Feature",
      "properties": {
        "lat": 35.72489,
        "lon": 139.62383,
        "name": "O1-03.LUCKY HOUSE",
        "capacity": 4,
        "region_id": "14",
        "station_id": "00000593"
      },
      "geometry": {
        "type": "Point",
        "coordinates": [
          139.62383,
          35.72489
        ]
      }
    },
    {
      "type": "Feature",
      "properties": {
        "lat": 35.72758,
        "lon": 139.62432,
        "name": "O1-04.井草1-34",
        "capacity": 14,
        "region_id": "14",
        "station_id": "00000888"
      },
      "geometry": {
        "type": "Point",
        "coordinates": [
          139.62432,
          35.72758
        ]
      }
    },
    {
      "type": "Feature",
      "properties": {
        "lat": 35.718607,
        "lon": 139.613731,
        "name": "O1-05.今川一丁目公園",
        "capacity": 2,
        "region_id": "14",
        "station_id": "00003938"
      },
      "geometry": {
        "type": "Point",
        "coordinates": [
          139.613731,
          35.718607
        ]
      }
    },
    {
      "type": "Feature",
      "properties": {
        "lat": 35.718938,
        "lon": 139.609547,
        "name": "O1-06.ローソン杉並今川二丁目店",
        "capacity": 3,
        "region_id": "14",
        "station_id": "00005212"
      },
      "geometry": {
        "type": "Point",
        "coordinates": [
          139.609547,
          35.718938
        ]
      }
    },
    {
      "type": "Feature",
      "properties": {
        "lat": 35.70535,
        "lon": 139.61497,
        "name": "O2-01.サカエフラット荻窪",
        "capacity": 12,
        "region_id": "14",
        "station_id": "00000594"
      },
      "geometry": {
        "type": "Point",
        "coordinates": [
          139.61497,
          35.70535
        ]
      }
    },
    {
      "type": "Feature",
      "properties": {
        "lat": 35.709712,
        "lon": 139.601846,
        "name": "O2-03.西荻北5-8-17",
        "capacity": 5,
        "region_id": "14",
        "station_id": "00001751"
      },
      "geometry": {
        "type": "Point",
        "coordinates": [
          139.601846,
          35.709712
        ]
      }
    },
    {
      "type": "Feature",
      "properties": {
        "lat": 35.708082,
        "lon": 139.607543,
        "name": "O2-04.西荻北1丁目",
        "capacity": 4,
        "region_id": "14",
        "station_id": "00002281"
      },
      "geometry": {
        "type": "Point",
        "coordinates": [
          139.607543,
          35.708082
        ]
      }
    },
    {
      "type": "Feature",
      "properties": {
        "lat": 35.69575,
        "lon": 139.62065,
        "name": "O3-01.西田公園",
        "capacity": 8,
        "region_id": "14",
        "station_id": "00000595"
      },
      "geometry": {
        "type": "Point",
        "coordinates": [
          139.62065,
          35.69575
        ]
      }
    },
    {
      "type": "Feature",
      "properties": {
        "lat": 35.71355,
        "lon": 139.6199,
        "name": "O3-02.アートメゾン荻窪",
        "capacity": 7,
        "region_id": "14",
        "station_id": "00000596"
      },
      "geometry": {
        "type": "Point",
        "coordinates": [
          139.6199,
          35.71355
        ]
      }
    },
    {
      "type": "Feature",
      "properties": {
        "lat": 35.71013,
        "lon": 139.61194,
        "name": "O3-03.桃井1丁目5番地",
        "capacity": 8,
        "region_id": "14",
        "station_id": "00000597"
      },
      "geometry": {
        "type": "Point",
        "coordinates": [
          139.61194,
          35.71013
        ]
      }
    },
    {
      "type": "Feature",
      "properties": {
        "lat": 35.712,
        "lon": 139.62816,
        "name": "O3-04.アヴァンセ阿佐ヶ谷",
        "capacity": 2,
        "region_id": "14",
        "station_id": "00000698"
      },
      "geometry": {
        "type": "Point",
        "coordinates": [
          139.62816,
          35.712
        ]
      }
    },
    {
      "type": "Feature",
      "properties": {
        "lat": 35.714044,
        "lon": 139.61688,
        "name": "O3-07.NTT井草ビル第1ポート",
        "capacity": 3,
        "region_id": "14",
        "station_id": "00000736"
      },
      "geometry": {
        "type": "Point",
        "coordinates": [
          139.61688,
          35.714044
        ]
      }
    },
    {
      "type": "Feature",
      "properties": {
        "lat": 35.714077,
        "lon": 139.61694,
        "name": "O3-08.NTT井草ビル第２ポート",
        "capacity": 3,
        "region_id": "14",
        "station_id": "00000737"
      },
      "geometry": {
        "type": "Point",
        "coordinates": [
          139.61694,
          35.714077
        ]
      }
    },
    {
      "type": "Feature",
      "properties": {
        "lat": 35.714151,
        "lon": 139.61693,
        "name": "O3-09.NTT井草ビル第3ポート",
        "capacity": 7,
        "region_id": "14",
        "station_id": "00000738"
      },
      "geometry": {
        "type": "Point",
        "coordinates": [
          139.61693,
          35.714151
        ]
      }
    },
    {
      "type": "Feature",
      "properties": {
        "lat": 35.716265,
        "lon": 139.618954,
        "name": "O3-10.メゾンパークス",
        "capacity": 6,
        "region_id": "14",
        "station_id": "00000739"
      },
      "geometry": {
        "type": "Point",
        "coordinates": [
          139.618954,
          35.716265
        ]
      }
    },
    {
      "type": "Feature",
      "properties": {
        "lat": 35.707877,
        "lon": 139.618926,
        "name": "O3-11.ハイリビング関根",
        "capacity": 8,
        "region_id": "14",
        "station_id": "00000761"
      },
      "geometry": {
        "type": "Point",
        "coordinates": [
          139.618926,
          35.707877
        ]
      }
    },
    {
      "type": "Feature",
      "properties": {
        "lat": 35.696567,
        "lon": 139.610517,
        "name": "O3-12.大宮前体育館",
        "capacity": 3,
        "region_id": "14",
        "station_id": "00001867"
      },
      "geometry": {
        "type": "Point",
        "coordinates": [
          139.610517,
          35.696567
        ]
      }
    },
    {
      "type": "Feature",
      "properties": {
        "lat": 35.704088,
        "lon": 139.613485,
        "name": "O3-13.ローソン南荻窪4丁目店",
        "capacity": 4,
        "region_id": "14",
        "station_id": "00002646"
      },
      "geometry": {
        "type": "Point",
        "coordinates": [
          139.613485,
          35.704088
        ]
      }
    },
    {
      "type": "Feature",
      "properties": {
        "lat": 35.70328,
        "lon": 139.62981,
        "name": "O4-01.阿佐ヶ谷南公園",
        "capacity": 3,
        "region_id": "14",
        "station_id": "00000498"
      },
      "geometry": {
        "type": "Point",
        "coordinates": [
          139.62981,
          35.70328
        ]
      }
    },
    {
      "type": "Feature",
      "properties": {
        "lat": 35.69638,
        "lon": 139.63482,
        "name": "O4-02.成宗さくら公園",
        "capacity": 13,
        "region_id": "14",
        "station_id": "00000598"
      },
      "geometry": {
        "type": "Point",
        "coordinates": [
          139.63482,
          35.69638
        ]
      }
    },
    {
      "type": "Feature",
      "properties": {
        "lat": 35.707035,
        "lon": 139.633066,
        "name": "O4-03.ザ・ハウス",
        "capacity": 12,
        "region_id": "14",
        "station_id": "00000769"
      },
      "geometry": {
        "type": "Point",
        "coordinates": [
          139.633066,
          35.707035
        ]
      }
    },
    {
      "type": "Feature",
      "properties": {
        "lat": 35.700703,
        "lon": 139.639985,
        "name": "O4-05.阿佐ヶ谷南1-30",
        "capacity": 2,
        "region_id": "14",
        "station_id": "00000873"
      },
      "geometry": {
        "type": "Point",
        "coordinates": [
          139.639985,
          35.700703
        ]
      }
    },
    {
      "type": "Feature",
      "properties": {
        "lat": 35.699328,
        "lon": 139.636343,
        "name": "O4-06.杉並区役所本庁舎",
        "capacity": 3,
        "region_id": "14",
        "station_id": "00001387"
      },
      "geometry": {
        "type": "Point",
        "coordinates": [
          139.636343,
          35.699328
        ]
      }
    },
    {
      "type": "Feature",
      "properties": {
        "lat": 35.690311,
        "lon": 139.62178,
        "name": "O4-07.ローソン杉並成田西三丁目店",
        "capacity": 5,
        "region_id": "14",
        "station_id": "00001813"
      },
      "geometry": {
        "type": "Point",
        "coordinates": [
          139.62178,
          35.690311
        ]
      }
    },
    {
      "type": "Feature",
      "properties": {
        "lat": 35.703203,
        "lon": 139.62804,
        "name": "O4-08.ローソン阿佐谷青梅街道店",
        "capacity": 4,
        "region_id": "14",
        "station_id": "00001814"
      },
      "geometry": {
        "type": "Point",
        "coordinates": [
          139.62804,
          35.703203
        ]
      }
    },
    {
      "type": "Feature",
      "properties": {
        "lat": 35.712496,
        "lon": 139.632778,
        "name": "O4-09.ローソン杉並本天沼一丁目店",
        "capacity": 4,
        "region_id": "14",
        "station_id": "00001877"
      },
      "geometry": {
        "type": "Point",
        "coordinates": [
          139.632778,
          35.712496
        ]
      }
    },
    {
      "type": "Feature",
      "properties": {
        "lat": 35.698045,
        "lon": 139.642778,
        "name": "O4-10.OHREM新高円寺",
        "capacity": 13,
        "region_id": "14",
        "station_id": "00004629"
      },
      "geometry": {
        "type": "Point",
        "coordinates": [
          139.642778,
          35.698045
        ]
      }
    },
    {
      "type": "Feature",
      "properties": {
        "lat": 35.71038,
        "lon": 139.64519,
        "name": "O5-01.朝霞ハイツ",
        "capacity": 11,
        "region_id": "14",
        "station_id": "00000599"
      },
      "geometry": {
        "type": "Point",
        "coordinates": [
          139.64519,
          35.71038
        ]
      }
    },
    {
      "type": "Feature",
      "properties": {
        "lat": 35.705686,
        "lon": 139.642587,
        "name": "O5-02.馬橋ハイツ",
        "capacity": 6,
        "region_id": "14",
        "station_id": "00000727"
      },
      "geometry": {
        "type": "Point",
        "coordinates": [
          139.642587,
          35.705686
        ]
      }
    },
    {
      "type": "Feature",
      "properties": {
        "lat": 35.697265,
        "lon": 139.649397,
        "name": "O5-03.新高円寺地下自転車駐輪場",
        "capacity": 15,
        "region_id": "14",
        "station_id": "00000729"
      },
      "geometry": {
        "type": "Point",
        "coordinates": [
          139.649397,
          35.697265
        ]
      }
    },
    {
      "type": "Feature",
      "properties": {
        "lat": 35.70104,
        "lon": 139.65839,
        "name": "O5-04.リヴィエール",
        "capacity": 20,
        "region_id": "14",
        "station_id": "00000770"
      },
      "geometry": {
        "type": "Point",
        "coordinates": [
          139.65839,
          35.70104
        ]
      }
    },
    {
      "type": "Feature",
      "properties": {
        "lat": 35.701454,
        "lon": 139.650518,
        "name": "O5-05.モンテ・ベルテ",
        "capacity": 2,
        "region_id": "14",
        "station_id": "00000871"
      },
      "geometry": {
        "type": "Point",
        "coordinates": [
          139.650518,
          35.701454
        ]
      }
    },
    {
      "type": "Feature",
      "properties": {
        "lat": 35.70273,
        "lon": 139.65864,
        "name": "O5-06.EXAM高円寺南",
        "capacity": 5,
        "region_id": "14",
        "station_id": "00000872"
      },
      "geometry": {
        "type": "Point",
        "coordinates": [
          139.65864,
          35.70273
        ]
      }
    },
    {
      "type": "Feature",
      "properties": {
        "lat": 35.698169,
        "lon": 139.655665,
        "name": "O5-07.バーンホーフ キクチ",
        "capacity": 20,
        "region_id": "14",
        "station_id": "00001375"
      },
      "geometry": {
        "type": "Point",
        "coordinates": [
          139.655665,
          35.698169
        ]
      }
    },
    {
      "type": "Feature",
      "properties": {
        "lat": 35.69714,
        "lon": 139.65432,
        "name": "O5-08.セシオン杉並",
        "capacity": 3,
        "region_id": "14",
        "station_id": "00001866"
      },
      "geometry": {
        "type": "Point",
        "coordinates": [
          139.65432,
          35.69714
        ]
      }
    },
    {
      "type": "Feature",
      "properties": {
        "lat": 35.700772,
        "lon": 139.66063,
        "name": "O5-09.AppCruise中野",
        "capacity": 2,
        "region_id": "14",
        "station_id": "00002255"
      },
      "geometry": {
        "type": "Point",
        "coordinates": [
          139.66063,
          35.700772
        ]
      }
    },
    {
      "type": "Feature",
      "properties": {
        "lat": 35.68942,
        "lon": 139.662118,
        "name": "O5-10.ローソン ツルハドラッグ杉並和田店",
        "capacity": 6,
        "region_id": "14",
        "station_id": "00002342"
      },
      "geometry": {
        "type": "Point",
        "coordinates": [
          139.662118,
          35.68942
        ]
      }
    },
    {
      "type": "Feature",
      "properties": {
        "lat": 35.706214,
        "lon": 139.651185,
        "name": "O5-11.高円寺北2丁目",
        "capacity": 5,
        "region_id": "14",
        "station_id": "00002847"
      },
      "geometry": {
        "type": "Point",
        "coordinates": [
          139.651185,
          35.706214
        ]
      }
    },
    {
      "type": "Feature",
      "properties": {
        "lat": 35.708221,
        "lon": 139.654106,
        "name": "O5-12.匯金・高円寺ビル",
        "capacity": 5,
        "region_id": "14",
        "station_id": "00004967"
      },
      "geometry": {
        "type": "Point",
        "coordinates": [
          139.654106,
          35.708221
        ]
      }
    },
    {
      "type": "Feature",
      "properties": {
        "lat": 35.698956,
        "lon": 139.649504,
        "name": "O5-13.AXAS新高円寺Sta. ",
        "capacity": 3,
        "region_id": "14",
        "station_id": "00005421"
      },
      "geometry": {
        "type": "Point",
        "coordinates": [
          139.649504,
          35.698956
        ]
      }
    },
    {
      "type": "Feature",
      "properties": {
        "lat": 35.67912,
        "lon": 139.61074,
        "name": "O6-01.高井戸みどり公園",
        "capacity": 8,
        "region_id": "14",
        "station_id": "00000601"
      },
      "geometry": {
        "type": "Point",
        "coordinates": [
          139.61074,
          35.67912
        ]
      }
    },
    {
      "type": "Feature",
      "properties": {
        "lat": 35.683066,
        "lon": 139.608357,
        "name": "O6-02.富士見ヶ丘南自転車駐車場",
        "capacity": 10,
        "region_id": "14",
        "station_id": "00000602"
      },
      "geometry": {
        "type": "Point",
        "coordinates": [
          139.608357,
          35.683066
        ]
      }
    },
    {
      "type": "Feature",
      "properties": {
        "lat": 35.67834,
        "lon": 139.62711,
        "name": "O6-04.柏の宮公園",
        "capacity": 5,
        "region_id": "14",
        "station_id": "00000604"
      },
      "geometry": {
        "type": "Point",
        "coordinates": [
          139.62711,
          35.67834
        ]
      }
    },
    {
      "type": "Feature",
      "properties": {
        "lat": 35.687531,
        "lon": 139.60439,
        "name": "O6-05.コージーコート久我山",
        "capacity": 5,
        "region_id": "14",
        "station_id": "00000662"
      },
      "geometry": {
        "type": "Point",
        "coordinates": [
          139.60439,
          35.687531
        ]
      }
    },
    {
      "type": "Feature",
      "properties": {
        "lat": 35.689639,
        "lon": 139.613516,
        "name": "O6-07.ローソン杉並宮前一丁目店",
        "capacity": 5,
        "region_id": "14",
        "station_id": "00001878"
      },
      "geometry": {
        "type": "Point",
        "coordinates": [
          139.613516,
          35.689639
        ]
      }
    },
    {
      "type": "Feature",
      "properties": {
        "lat": 35.67753,
        "lon": 139.63667,
        "name": "O7-01.西永福公園",
        "capacity": 5,
        "region_id": "14",
        "station_id": "00000605"
      },
      "geometry": {
        "type": "Point",
        "coordinates": [
          139.63667,
          35.67753
        ]
      }
    },
    {
      "type": "Feature",
      "properties": {
        "lat": 35.67121,
        "lon": 139.64145,
        "name": "O7-02.永福中央公園",
        "capacity": 6,
        "region_id": "14",
        "station_id": "00000606"
      },
      "geometry": {
        "type": "Point",
        "coordinates": [
          139.64145,
          35.67121
        ]
      }
    },
    {
      "type": "Feature",
      "properties": {
        "lat": 35.67156,
        "lon": 139.64609,
        "name": "O7-03.永福町西幸モータープール東",
        "capacity": 11,
        "region_id": "14",
        "station_id": "00000607"
      },
      "geometry": {
        "type": "Point",
        "coordinates": [
          139.64609,
          35.67156
        ]
      }
    },
    {
      "type": "Feature",
      "properties": {
        "lat": 35.67161,
        "lon": 139.64527,
        "name": "O7-04.永福町西幸モータープール西",
        "capacity": 8,
        "region_id": "14",
        "station_id": "00000608"
      },
      "geometry": {
        "type": "Point",
        "coordinates": [
          139.64527,
          35.67161
        ]
      }
    },
    {
      "type": "Feature",
      "properties": {
        "lat": 35.680849,
        "lon": 139.65626,
        "name": "O7-05.ジーベック方南町",
        "capacity": 4,
        "region_id": "14",
        "station_id": "00000666"
      },
      "geometry": {
        "type": "Point",
        "coordinates": [
          139.65626,
          35.680849
        ]
      }
    },
    {
      "type": "Feature",
      "properties": {
        "lat": 35.686015,
        "lon": 139.642784,
        "name": "O7-06.松木1丁目",
        "capacity": 13,
        "region_id": "14",
        "station_id": "00000858"
      },
      "geometry": {
        "type": "Point",
        "coordinates": [
          139.642784,
          35.686015
        ]
      }
    },
    {
      "type": "Feature",
      "properties": {
        "lat": 35.678913,
        "lon": 139.639944,
        "name": "O7-07.ハレ永福",
        "capacity": 8,
        "region_id": "14",
        "station_id": "00001110"
      },
      "geometry": {
        "type": "Point",
        "coordinates": [
          139.639944,
          35.678913
        ]
      }
    },
    {
      "type": "Feature",
      "properties": {
        "lat": 35.67187,
        "lon": 139.65474,
        "name": "O7-08.杉並区和泉2-3-17",
        "capacity": 4,
        "region_id": "14",
        "station_id": "00002280"
      },
      "geometry": {
        "type": "Point",
        "coordinates": [
          139.65474,
          35.67187
        ]
      }
    },
    {
      "type": "Feature",
      "properties": {
        "lat": 35.678921,
        "lon": 139.658289,
        "name": "O7-09.方南月極パーキング",
        "capacity": 21,
        "region_id": "14",
        "station_id": "00002341"
      },
      "geometry": {
        "type": "Point",
        "coordinates": [
          139.658289,
          35.678921
        ]
      }
    },
    {
      "type": "Feature",
      "properties": {
        "lat": 35.694073,
        "lon": 139.645303,
        "name": "O7-10.カーサシルク",
        "capacity": 6,
        "region_id": "14",
        "station_id": "00002536"
      },
      "geometry": {
        "type": "Point",
        "coordinates": [
          139.645303,
          35.694073
        ]
      }
    },
    {
      "type": "Feature",
      "properties": {
        "lat": 35.68179,
        "lon": 139.641155,
        "name": "O7-11.和田堀公園プール",
        "capacity": 5,
        "region_id": "14",
        "station_id": "00002977"
      },
      "geometry": {
        "type": "Point",
        "coordinates": [
          139.641155,
          35.68179
        ]
      }
    },
    {
      "type": "Feature",
      "properties": {
        "lat": 35.728846,
        "lon": 139.718577,
        "name": "P1-01.サンシャインシティ",
        "capacity": 8,
        "region_id": "16",
        "station_id": "00001229"
      },
      "geometry": {
        "type": "Point",
        "coordinates": [
          139.718577,
          35.728846
        ]
      }
    },
    {
      "type": "Feature",
      "properties": {
        "lat": 35.721738,
        "lon": 139.723103,
        "name": "P1-02.雑司ヶ谷一丁目",
        "capacity": 8,
        "region_id": "16",
        "station_id": "00001230"
      },
      "geometry": {
        "type": "Point",
        "coordinates": [
          139.723103,
          35.721738
        ]
      }
    },
    {
      "type": "Feature",
      "properties": {
        "lat": 35.759164,
        "lon": 139.629466,
        "name": "T1-01.光が丘駅前広場",
        "capacity": 12,
        "region_id": "9",
        "station_id": "00010358"
      },
      "geometry": {
        "type": "Point",
        "coordinates": [
          139.629466,
          35.759164
        ]
      }
    },
    {
      "type": "Feature",
      "properties": {
        "lat": 35.755106,
        "lon": 139.621675,
        "name": "T1-02.ホテルカデンツァ東京",
        "capacity": 16,
        "region_id": "9",
        "station_id": "00010359"
      },
      "geometry": {
        "type": "Point",
        "coordinates": [
          139.621675,
          35.755106
        ]
      }
    },
    {
      "type": "Feature",
      "properties": {
        "lat": 35.760585,
        "lon": 139.626284,
        "name": "T1-03.四季の香公園",
        "capacity": 5,
        "region_id": "9",
        "station_id": "00010360"
      },
      "geometry": {
        "type": "Point",
        "coordinates": [
          139.626284,
          35.760585
        ]
      }
    },
    {
      "type": "Feature",
      "properties": {
        "lat": 35.75731,
        "lon": 139.624922,
        "name": "T1-04.春の風公園",
        "capacity": 2,
        "region_id": "9",
        "station_id": "00010361"
      },
      "geometry": {
        "type": "Point",
        "coordinates": [
          139.624922,
          35.75731
        ]
      }
    },
    {
      "type": "Feature",
      "properties": {
        "lat": 35.753964,
        "lon": 139.629116,
        "name": "T1-05.夏の雲公園",
        "capacity": 4,
        "region_id": "9",
        "station_id": "00010362"
      },
      "geometry": {
        "type": "Point",
        "coordinates": [
          139.629116,
          35.753964
        ]
      }
    },
    {
      "type": "Feature",
      "properties": {
        "lat": 35.762326,
        "lon": 139.635226,
        "name": "T1-06.秋の陽公園",
        "capacity": 5,
        "region_id": "9",
        "station_id": "00010363"
      },
      "geometry": {
        "type": "Point",
        "coordinates": [
          139.635226,
          35.762326
        ]
      }
    },
    {
      "type": "Feature",
      "properties": {
        "lat": 35.765913,
        "lon": 139.619285,
        "name": "T1-07.土支田一丁目（笹目通り）",
        "capacity": 10,
        "region_id": "9",
        "station_id": "00010436"
      },
      "geometry": {
        "type": "Point",
        "coordinates": [
          139.619285,
          35.765913
        ]
      }
    },
    {
      "type": "Feature",
      "properties": {
        "lat": 35.756506,
        "lon": 139.620347,
        "name": "T1-08.セブン-イレブン 練馬高松6丁目店",
        "capacity": 10,
        "region_id": "9",
        "station_id": "00010456"
      },
      "geometry": {
        "type": "Point",
        "coordinates": [
          139.620347,
          35.756506
        ]
      }
    },
    {
      "type": "Feature",
      "properties": {
        "lat": 35.765704,
        "lon": 139.625178,
        "name": "T1-09.ローソン練馬旭町一丁目店",
        "capacity": 5,
        "region_id": "9",
        "station_id": "00010469"
      },
      "geometry": {
        "type": "Point",
        "coordinates": [
          139.625178,
          35.765704
        ]
      }
    },
    {
      "type": "Feature",
      "properties": {
        "lat": 35.758366,
        "lon": 139.628982,
        "name": "T1-10.月見大橋下",
        "capacity": 3,
        "region_id": "9",
        "station_id": "00010470"
      },
      "geometry": {
        "type": "Point",
        "coordinates": [
          139.628982,
          35.758366
        ]
      }
    },
    {
      "type": "Feature",
      "properties": {
        "lat": 35.768528,
        "lon": 139.639807,
        "name": "T1-11.むつみ台",
        "capacity": 6,
        "region_id": "9",
        "station_id": "00010473"
      },
      "geometry": {
        "type": "Point",
        "coordinates": [
          139.639807,
          35.768528
        ]
      }
    },
    {
      "type": "Feature",
      "properties": {
        "lat": 35.761613,
        "lon": 139.61349,
        "name": "T1-13.ファミリーマート 練馬土支田二丁目店",
        "capacity": 11,
        "region_id": "9",
        "station_id": "00010694"
      },
      "geometry": {
        "type": "Point",
        "coordinates": [
          139.61349,
          35.761613
        ]
      }
    },
    {
      "type": "Feature",
      "properties": {
        "lat": 35.765144,
        "lon": 139.636606,
        "name": "T1-15.つのの山緑地",
        "capacity": 4,
        "region_id": "9",
        "station_id": "00001478"
      },
      "geometry": {
        "type": "Point",
        "coordinates": [
          139.636606,
          35.765144
        ]
      }
    },
    {
      "type": "Feature",
      "properties": {
        "lat": 35.767582,
        "lon": 139.636304,
        "name": "T1-16.ゆりの木通り南公園",
        "capacity": 3,
        "region_id": "9",
        "station_id": "00001479"
      },
      "geometry": {
        "type": "Point",
        "coordinates": [
          139.636304,
          35.767582
        ]
      }
    },
    {
      "type": "Feature",
      "properties": {
        "lat": 35.75987,
        "lon": 139.640474,
        "name": "T1-17.セブン-イレブン練馬田柄通店",
        "capacity": 7,
        "region_id": "9",
        "station_id": "00002282"
      },
      "geometry": {
        "type": "Point",
        "coordinates": [
          139.640474,
          35.75987
        ]
      }
    },
    {
      "type": "Feature",
      "properties": {
        "lat": 35.745451,
        "lon": 139.6343,
        "name": "T1-18.石神井川（高松1-7）",
        "capacity": 4,
        "region_id": "9",
        "station_id": "00002963"
      },
      "geometry": {
        "type": "Point",
        "coordinates": [
          139.6343,
          35.745451
        ]
      }
    },
    {
      "type": "Feature",
      "properties": {
        "lat": 35.7527,
        "lon": 139.6385,
        "name": "T1-19.レヴィーガ練馬春日町駅前 ",
        "capacity": 7,
        "region_id": "9",
        "station_id": "00004545"
      },
      "geometry": {
        "type": "Point",
        "coordinates": [
          139.6385,
          35.7527
        ]
      }
    },
    {
      "type": "Feature",
      "properties": {
        "lat": 35.749918,
        "lon": 139.58618,
        "name": "T2-01.大泉学園駅北口",
        "capacity": 4,
        "region_id": "9",
        "station_id": "00010364"
      },
      "geometry": {
        "type": "Point",
        "coordinates": [
          139.58618,
          35.749918
        ]
      }
    },
    {
      "type": "Feature",
      "properties": {
        "lat": 35.752383,
        "lon": 139.594855,
        "name": "T2-03.リヴィンオズ大泉店",
        "capacity": 10,
        "region_id": "9",
        "station_id": "00010366"
      },
      "geometry": {
        "type": "Point",
        "coordinates": [
          139.594855,
          35.752383
        ]
      }
    },
    {
      "type": "Feature",
      "properties": {
        "lat": 35.743354,
        "lon": 139.606592,
        "name": "T2-04.石神井公園駅南口",
        "capacity": 12,
        "region_id": "9",
        "station_id": "00010367"
      },
      "geometry": {
        "type": "Point",
        "coordinates": [
          139.606592,
          35.743354
        ]
      }
    },
    {
      "type": "Feature",
      "properties": {
        "lat": 35.736076,
        "lon": 139.599676,
        "name": "T2-05.石神井図書館",
        "capacity": 4,
        "region_id": "9",
        "station_id": "00010368"
      },
      "geometry": {
        "type": "Point",
        "coordinates": [
          139.599676,
          35.736076
        ]
      }
    },
    {
      "type": "Feature",
      "properties": {
        "lat": 35.748957,
        "lon": 139.621385,
        "name": "T2-06.総合体育館",
        "capacity": 2,
        "region_id": "9",
        "station_id": "00010369"
      },
      "geometry": {
        "type": "Point",
        "coordinates": [
          139.621385,
          35.748957
        ]
      }
    },
    {
      "type": "Feature",
      "properties": {
        "lat": 35.763741,
        "lon": 139.588847,
        "name": "T2-09.こぐれの森緑地",
        "capacity": 10,
        "region_id": "9",
        "station_id": "00010372"
      },
      "geometry": {
        "type": "Point",
        "coordinates": [
          139.588847,
          35.763741
        ]
      }
    },
    {
      "type": "Feature",
      "properties": {
        "lat": 35.748153,
        "lon": 139.58765,
        "name": "T2-10.勤労福祉会館",
        "capacity": 3,
        "region_id": "9",
        "station_id": "00010373"
      },
      "geometry": {
        "type": "Point",
        "coordinates": [
          139.58765,
          35.748153
        ]
      }
    },
    {
      "type": "Feature",
      "properties": {
        "lat": 35.744312,
        "lon": 139.62017,
        "name": "T2-100.クレール ロジュマン",
        "capacity": 21,
        "region_id": "9",
        "station_id": "00003582"
      },
      "geometry": {
        "type": "Point",
        "coordinates": [
          139.62017,
          35.744312
        ]
      }
    },
    {
      "type": "Feature",
      "properties": {
        "lat": 35.760623,
        "lon": 139.586922,
        "name": "T2-101.大泉図書館",
        "capacity": 9,
        "region_id": "9",
        "station_id": "00004180"
      },
      "geometry": {
        "type": "Point",
        "coordinates": [
          139.586922,
          35.760623
        ]
      }
    },
    {
      "type": "Feature",
      "properties": {
        "lat": 35.743494,
        "lon": 139.574758,
        "name": "T2-102.南大泉図書館",
        "capacity": 3,
        "region_id": "9",
        "station_id": "00004179"
      },
      "geometry": {
        "type": "Point",
        "coordinates": [
          139.574758,
          35.743494
        ]
      }
    },
    {
      "type": "Feature",
      "properties": {
        "lat": 35.737901,
        "lon": 139.611311,
        "name": "T2-103.南田中図書館",
        "capacity": 3,
        "region_id": "9",
        "station_id": "00004184"
      },
      "geometry": {
        "type": "Point",
        "coordinates": [
          139.611311,
          35.737901
        ]
      }
    },
    {
      "type": "Feature",
      "properties": {
        "lat": 35.727639,
        "lon": 139.578217,
        "name": "T2-104.エミキューブ武蔵関",
        "capacity": 15,
        "region_id": "9",
        "station_id": "00004400"
      },
      "geometry": {
        "type": "Point",
        "coordinates": [
          139.578217,
          35.727639
        ]
      }
    },
    {
      "type": "Feature",
      "properties": {
        "lat": 35.7768,
        "lon": 139.589713,
        "name": "T2-105.大泉桜学園西交差点",
        "capacity": 6,
        "region_id": "9",
        "station_id": "00004746"
      },
      "geometry": {
        "type": "Point",
        "coordinates": [
          139.589713,
          35.7768
        ]
      }
    },
    {
      "type": "Feature",
      "properties": {
        "lat": 35.739175,
        "lon": 139.593051,
        "name": "T2-11.石神井松の風文化公園",
        "capacity": 1,
        "region_id": "9",
        "station_id": "00010374"
      },
      "geometry": {
        "type": "Point",
        "coordinates": [
          139.593051,
          35.739175
        ]
      }
    },
    {
      "type": "Feature",
      "properties": {
        "lat": 35.750414,
        "lon": 139.600011,
        "name": "T2-13.セブン-イレブン 練馬石神井町8丁目店",
        "capacity": 3,
        "region_id": "9",
        "station_id": "00010435"
      },
      "geometry": {
        "type": "Point",
        "coordinates": [
          139.600011,
          35.750414
        ]
      }
    },
    {
      "type": "Feature",
      "properties": {
        "lat": 35.747807,
        "lon": 139.593599,
        "name": "T2-14.NPC24H東大泉第6パーキング",
        "capacity": 6,
        "region_id": "9",
        "station_id": "00010439"
      },
      "geometry": {
        "type": "Point",
        "coordinates": [
          139.593599,
          35.747807
        ]
      }
    },
    {
      "type": "Feature",
      "properties": {
        "lat": 35.74755,
        "lon": 139.597968,
        "name": "T2-17.ファミリーマート 練馬石神井町八丁目店",
        "capacity": 2,
        "region_id": "9",
        "station_id": "00010454"
      },
      "geometry": {
        "type": "Point",
        "coordinates": [
          139.597968,
          35.74755
        ]
      }
    },
    {
      "type": "Feature",
      "properties": {
        "lat": 35.745505,
        "lon": 139.580878,
        "name": "T2-18.ファミリーマート練馬西税務署前店",
        "capacity": 5,
        "region_id": "9",
        "station_id": "00010459"
      },
      "geometry": {
        "type": "Point",
        "coordinates": [
          139.580878,
          35.745505
        ]
      }
    },
    {
      "type": "Feature",
      "properties": {
        "lat": 35.741769,
        "lon": 139.591103,
        "name": "T2-20.パークサイド石神井",
        "capacity": 4,
        "region_id": "9",
        "station_id": "00010474"
      },
      "geometry": {
        "type": "Point",
        "coordinates": [
          139.591103,
          35.741769
        ]
      }
    },
    {
      "type": "Feature",
      "properties": {
        "lat": 35.768448,
        "lon": 139.601679,
        "name": "T2-21.ファミリーマート 練馬大泉町一丁目店",
        "capacity": 6,
        "region_id": "9",
        "station_id": "00010479"
      },
      "geometry": {
        "type": "Point",
        "coordinates": [
          139.601679,
          35.768448
        ]
      }
    },
    {
      "type": "Feature",
      "properties": {
        "lat": 35.731909,
        "lon": 139.579685,
        "name": "T2-22.ファミリーマート 石神井台7丁目店",
        "capacity": 7,
        "region_id": "9",
        "station_id": "00010487"
      },
      "geometry": {
        "type": "Point",
        "coordinates": [
          139.579685,
          35.731909
        ]
      }
    },
    {
      "type": "Feature",
      "properties": {
        "lat": 35.750185,
        "lon": 139.579216,
        "name": "T2-23.セブン-イレブン 練馬南大泉5丁目店",
        "capacity": 5,
        "region_id": "9",
        "station_id": "00010494"
      },
      "geometry": {
        "type": "Point",
        "coordinates": [
          139.579216,
          35.750185
        ]
      }
    },
    {
      "type": "Feature",
      "properties": {
        "lat": 35.754586,
        "lon": 139.606409,
        "name": "T2-24.セブン-イレブン 練馬インター店",
        "capacity": 4,
        "region_id": "9",
        "station_id": "00010495"
      },
      "geometry": {
        "type": "Point",
        "coordinates": [
          139.606409,
          35.754586
        ]
      }
    },
    {
      "type": "Feature",
      "properties": {
        "lat": 35.746045,
        "lon": 139.620087,
        "name": "T2-25.ファミリーマート 高野台二丁目店",
        "capacity": 9,
        "region_id": "9",
        "station_id": "00010499"
      },
      "geometry": {
        "type": "Point",
        "coordinates": [
          139.620087,
          35.746045
        ]
      }
    },
    {
      "type": "Feature",
      "properties": {
        "lat": 35.767388,
        "lon": 139.587625,
        "name": "T2-26.ファミリーマート 大泉学園町四丁目店",
        "capacity": 9,
        "region_id": "9",
        "station_id": "00010500"
      },
      "geometry": {
        "type": "Point",
        "coordinates": [
          139.587625,
          35.767388
        ]
      }
    },
    {
      "type": "Feature",
      "properties": {
        "lat": 35.773841,
        "lon": 139.591456,
        "name": "T2-27.ファミリーマート 大泉長久保通り店",
        "capacity": 5,
        "region_id": "9",
        "station_id": "00010501"
      },
      "geometry": {
        "type": "Point",
        "coordinates": [
          139.591456,
          35.773841
        ]
      }
    },
    {
      "type": "Feature",
      "properties": {
        "lat": 35.752217,
        "lon": 139.571095,
        "name": "T2-28.ファミリーマート 南大泉六丁目店",
        "capacity": 8,
        "region_id": "9",
        "station_id": "00010522"
      },
      "geometry": {
        "type": "Point",
        "coordinates": [
          139.571095,
          35.752217
        ]
      }
    },
    {
      "type": "Feature",
      "properties": {
        "lat": 35.750804,
        "lon": 139.58243,
        "name": "T2-30.ファミリーマート 練馬東大泉四丁目店",
        "capacity": 7,
        "region_id": "9",
        "station_id": "00010593"
      },
      "geometry": {
        "type": "Point",
        "coordinates": [
          139.58243,
          35.750804
        ]
      }
    },
    {
      "type": "Feature",
      "properties": {
        "lat": 35.739488,
        "lon": 139.590273,
        "name": "T2-31.ファミリーマート 石神井台二丁目店",
        "capacity": 4,
        "region_id": "9",
        "station_id": "00010594"
      },
      "geometry": {
        "type": "Point",
        "coordinates": [
          139.590273,
          35.739488
        ]
      }
    },
    {
      "type": "Feature",
      "properties": {
        "lat": 35.750761,
        "lon": 139.594457,
        "name": "T2-32.セブン-イレブン 練馬東大泉NTTビル店",
        "capacity": 8,
        "region_id": "9",
        "station_id": "00010431"
      },
      "geometry": {
        "type": "Point",
        "coordinates": [
          139.594457,
          35.750761
        ]
      }
    },
    {
      "type": "Feature",
      "properties": {
        "lat": 35.746369,
        "lon": 139.581065,
        "name": "T2-33.ウインドヒルズ189",
        "capacity": 7,
        "region_id": "9",
        "station_id": "00010441"
      },
      "geometry": {
        "type": "Point",
        "coordinates": [
          139.581065,
          35.746369
        ]
      }
    },
    {
      "type": "Feature",
      "properties": {
        "lat": 35.73969,
        "lon": 139.62125,
        "name": "T2-34.ファミリーマート 練馬富士見台店",
        "capacity": 9,
        "region_id": "9",
        "station_id": "00010695"
      },
      "geometry": {
        "type": "Point",
        "coordinates": [
          139.62125,
          35.73969
        ]
      }
    },
    {
      "type": "Feature",
      "properties": {
        "lat": 35.738607,
        "lon": 139.585331,
        "name": "T2-35.ファミリーマート 石神井台六丁目店",
        "capacity": 7,
        "region_id": "9",
        "station_id": "00010696"
      },
      "geometry": {
        "type": "Point",
        "coordinates": [
          139.585331,
          35.738607
        ]
      }
    },
    {
      "type": "Feature",
      "properties": {
        "lat": 35.75195,
        "lon": 139.616028,
        "name": "T2-36.サントピア テニスパーク",
        "capacity": 9,
        "region_id": "9",
        "station_id": "00010781"
      },
      "geometry": {
        "type": "Point",
        "coordinates": [
          139.616028,
          35.75195
        ]
      }
    },
    {
      "type": "Feature",
      "properties": {
        "lat": 35.729615,
        "lon": 139.59532,
        "name": "T2-37.上石神井2丁目",
        "capacity": 7,
        "region_id": "9",
        "station_id": "00010913"
      },
      "geometry": {
        "type": "Point",
        "coordinates": [
          139.59532,
          35.729615
        ]
      }
    },
    {
      "type": "Feature",
      "properties": {
        "lat": 35.727195,
        "lon": 139.590179,
        "name": "T2-38.ファミリーマート 練馬上石神井四丁目店",
        "capacity": 9,
        "region_id": "9",
        "station_id": "00000190"
      },
      "geometry": {
        "type": "Point",
        "coordinates": [
          139.590179,
          35.727195
        ]
      }
    },
    {
      "type": "Feature",
      "properties": {
        "lat": 35.758929,
        "lon": 139.597548,
        "name": "T2-39.ローソン 練馬大泉町五丁目店",
        "capacity": 15,
        "region_id": "9",
        "station_id": "00000217"
      },
      "geometry": {
        "type": "Point",
        "coordinates": [
          139.597548,
          35.758929
        ]
      }
    },
    {
      "type": "Feature",
      "properties": {
        "lat": 35.74248,
        "lon": 139.58715,
        "name": "T2-41.ローソン 練馬東大泉五丁目店",
        "capacity": 4,
        "region_id": "9",
        "station_id": "00000411"
      },
      "geometry": {
        "type": "Point",
        "coordinates": [
          139.58715,
          35.74248
        ]
      }
    },
    {
      "type": "Feature",
      "properties": {
        "lat": 35.74553,
        "lon": 139.608939,
        "name": "T2-42.石神井公園駅北第二自転車駐車場",
        "capacity": 5,
        "region_id": "9",
        "station_id": "00000679"
      },
      "geometry": {
        "type": "Point",
        "coordinates": [
          139.608939,
          35.74553
        ]
      }
    },
    {
      "type": "Feature",
      "properties": {
        "lat": 35.7547,
        "lon": 139.5871,
        "name": "T2-43.学園通り自転車駐車場",
        "capacity": 7,
        "region_id": "9",
        "station_id": "00000680"
      },
      "geometry": {
        "type": "Point",
        "coordinates": [
          139.5871,
          35.7547
        ]
      }
    },
    {
      "type": "Feature",
      "properties": {
        "lat": 35.75372,
        "lon": 139.584332,
        "name": "T2-44.中島橋自転車駐車場",
        "capacity": 5,
        "region_id": "9",
        "station_id": "00000681"
      },
      "geometry": {
        "type": "Point",
        "coordinates": [
          139.584332,
          35.75372
        ]
      }
    },
    {
      "type": "Feature",
      "properties": {
        "lat": 35.771068,
        "lon": 139.586798,
        "name": "T2-45.風致地区バス停第三自転車駐車場",
        "capacity": 7,
        "region_id": "9",
        "station_id": "00000682"
      },
      "geometry": {
        "type": "Point",
        "coordinates": [
          139.586798,
          35.771068
        ]
      }
    },
    {
      "type": "Feature",
      "properties": {
        "lat": 35.766491,
        "lon": 139.587232,
        "name": "T2-46.大泉郵便局バス停自転車駐車場",
        "capacity": 8,
        "region_id": "9",
        "station_id": "00000683"
      },
      "geometry": {
        "type": "Point",
        "coordinates": [
          139.587232,
          35.766491
        ]
      }
    },
    {
      "type": "Feature",
      "properties": {
        "lat": 35.726064,
        "lon": 139.578015,
        "name": "T2-48.武蔵関駅南第二自転車駐車場",
        "capacity": 4,
        "region_id": "9",
        "station_id": "00000685"
      },
      "geometry": {
        "type": "Point",
        "coordinates": [
          139.578015,
          35.726064
        ]
      }
    },
    {
      "type": "Feature",
      "properties": {
        "lat": 35.719674,
        "lon": 139.593696,
        "name": "T2-49.善福寺公園テニスクラブ",
        "capacity": 9,
        "region_id": "9",
        "station_id": "00000932"
      },
      "geometry": {
        "type": "Point",
        "coordinates": [
          139.593696,
          35.719674
        ]
      }
    },
    {
      "type": "Feature",
      "properties": {
        "lat": 35.72305,
        "lon": 139.579555,
        "name": "T2-50.North Ridge 吉祥寺",
        "capacity": 9,
        "region_id": "9",
        "station_id": "00001047"
      },
      "geometry": {
        "type": "Point",
        "coordinates": [
          139.579555,
          35.72305
        ]
      }
    },
    {
      "type": "Feature",
      "properties": {
        "lat": 35.743772,
        "lon": 139.603317,
        "name": "T2-51.練馬区役所石神井庁舎",
        "capacity": 9,
        "region_id": "9",
        "station_id": "00001063"
      },
      "geometry": {
        "type": "Point",
        "coordinates": [
          139.603317,
          35.743772
        ]
      }
    },
    {
      "type": "Feature",
      "properties": {
        "lat": 35.762395,
        "lon": 139.641522,
        "name": "T2-52.田柄中央児童公園",
        "capacity": 5,
        "region_id": "9",
        "station_id": "00001129"
      },
      "geometry": {
        "type": "Point",
        "coordinates": [
          139.641522,
          35.762395
        ]
      }
    },
    {
      "type": "Feature",
      "properties": {
        "lat": 35.772863,
        "lon": 139.626969,
        "name": "T2-53.上練馬公園",
        "capacity": 4,
        "region_id": "9",
        "station_id": "00001130"
      },
      "geometry": {
        "type": "Point",
        "coordinates": [
          139.626969,
          35.772863
        ]
      }
    },
    {
      "type": "Feature",
      "properties": {
        "lat": 35.760939,
        "lon": 139.609264,
        "name": "T2-54.土支田農業公園",
        "capacity": 8,
        "region_id": "9",
        "station_id": "00001131"
      },
      "geometry": {
        "type": "Point",
        "coordinates": [
          139.609264,
          35.760939
        ]
      }
    },
    {
      "type": "Feature",
      "properties": {
        "lat": 35.77228,
        "lon": 139.58325,
        "name": "T2-56.大泉公園（第一）",
        "capacity": 4,
        "region_id": "9",
        "station_id": "00001133"
      },
      "geometry": {
        "type": "Point",
        "coordinates": [
          139.58325,
          35.77228
        ]
      }
    },
    {
      "type": "Feature",
      "properties": {
        "lat": 35.771708,
        "lon": 139.583551,
        "name": "T2-57.大泉公園（第二）",
        "capacity": 6,
        "region_id": "9",
        "station_id": "00001134"
      },
      "geometry": {
        "type": "Point",
        "coordinates": [
          139.583551,
          35.771708
        ]
      }
    },
    {
      "type": "Feature",
      "properties": {
        "lat": 35.716776,
        "lon": 139.577975,
        "name": "T2-58.立野公園",
        "capacity": 5,
        "region_id": "9",
        "station_id": "00001135"
      },
      "geometry": {
        "type": "Point",
        "coordinates": [
          139.577975,
          35.716776
        ]
      }
    },
    {
      "type": "Feature",
      "properties": {
        "lat": 35.722917,
        "lon": 139.587864,
        "name": "T2-59.平成公園",
        "capacity": 3,
        "region_id": "9",
        "station_id": "00001136"
      },
      "geometry": {
        "type": "Point",
        "coordinates": [
          139.587864,
          35.722917
        ]
      }
    },
    {
      "type": "Feature",
      "properties": {
        "lat": 35.724747,
        "lon": 139.565817,
        "name": "T2-60.武蔵関公園（第一）",
        "capacity": 9,
        "region_id": "9",
        "station_id": "00001137"
      },
      "geometry": {
        "type": "Point",
        "coordinates": [
          139.565817,
          35.724747
        ]
      }
    },
    {
      "type": "Feature",
      "properties": {
        "lat": 35.727826,
        "lon": 139.570056,
        "name": "T2-61.武蔵関公園（第二）",
        "capacity": 4,
        "region_id": "9",
        "station_id": "00001138"
      },
      "geometry": {
        "type": "Point",
        "coordinates": [
          139.570056,
          35.727826
        ]
      }
    },
    {
      "type": "Feature",
      "properties": {
        "lat": 35.751471,
        "lon": 139.599835,
        "name": "T2-63.三原台公園",
        "capacity": 7,
        "region_id": "9",
        "station_id": "00001140"
      },
      "geometry": {
        "type": "Point",
        "coordinates": [
          139.599835,
          35.751471
        ]
      }
    },
    {
      "type": "Feature",
      "properties": {
        "lat": 35.746768,
        "lon": 139.613885,
        "name": "T2-64.高野台中央公園",
        "capacity": 2,
        "region_id": "9",
        "station_id": "00001141"
      },
      "geometry": {
        "type": "Point",
        "coordinates": [
          139.613885,
          35.746768
        ]
      }
    },
    {
      "type": "Feature",
      "properties": {
        "lat": 35.734805,
        "lon": 139.599906,
        "name": "T2-65.さくらの辻公園",
        "capacity": 5,
        "region_id": "9",
        "station_id": "00001334"
      },
      "geometry": {
        "type": "Point",
        "coordinates": [
          139.599906,
          35.734805
        ]
      }
    },
    {
      "type": "Feature",
      "properties": {
        "lat": 35.778605,
        "lon": 139.588883,
        "name": "T2-66.大泉学園町希望ヶ丘公園",
        "capacity": 4,
        "region_id": "9",
        "station_id": "00001351"
      },
      "geometry": {
        "type": "Point",
        "coordinates": [
          139.588883,
          35.778605
        ]
      }
    },
    {
      "type": "Feature",
      "properties": {
        "lat": 35.761211,
        "lon": 139.603316,
        "name": "T2-67.陽和病院",
        "capacity": 7,
        "region_id": "9",
        "station_id": "00001427"
      },
      "geometry": {
        "type": "Point",
        "coordinates": [
          139.603316,
          35.761211
        ]
      }
    },
    {
      "type": "Feature",
      "properties": {
        "lat": 35.731372,
        "lon": 139.619164,
        "name": "T2-68.さくら原っぱ緑地",
        "capacity": 5,
        "region_id": "9",
        "station_id": "00001498"
      },
      "geometry": {
        "type": "Point",
        "coordinates": [
          139.619164,
          35.731372
        ]
      }
    },
    {
      "type": "Feature",
      "properties": {
        "lat": 35.76525,
        "lon": 139.575978,
        "name": "T2-69.久保新田さくら公園",
        "capacity": 3,
        "region_id": "9",
        "station_id": "00001499"
      },
      "geometry": {
        "type": "Point",
        "coordinates": [
          139.575978,
          35.76525
        ]
      }
    },
    {
      "type": "Feature",
      "properties": {
        "lat": 35.720318,
        "lon": 139.570762,
        "name": "T2-70.三ツ塚けやき緑地",
        "capacity": 4,
        "region_id": "9",
        "station_id": "00001731"
      },
      "geometry": {
        "type": "Point",
        "coordinates": [
          139.570762,
          35.720318
        ]
      }
    },
    {
      "type": "Feature",
      "properties": {
        "lat": 35.7211,
        "lon": 139.574669,
        "name": "T2-71.わかば児童公園",
        "capacity": 7,
        "region_id": "9",
        "station_id": "00001732"
      },
      "geometry": {
        "type": "Point",
        "coordinates": [
          139.574669,
          35.7211
        ]
      }
    },
    {
      "type": "Feature",
      "properties": {
        "lat": 35.733132,
        "lon": 139.570311,
        "name": "T2-72.高塚南緑地",
        "capacity": 7,
        "region_id": "9",
        "station_id": "00001733"
      },
      "geometry": {
        "type": "Point",
        "coordinates": [
          139.570311,
          35.733132
        ]
      }
    },
    {
      "type": "Feature",
      "properties": {
        "lat": 35.734615,
        "lon": 139.576214,
        "name": "T2-73.早実グラウンド記念公園",
        "capacity": 4,
        "region_id": "9",
        "station_id": "00001734"
      },
      "geometry": {
        "type": "Point",
        "coordinates": [
          139.576214,
          35.734615
        ]
      }
    },
    {
      "type": "Feature",
      "properties": {
        "lat": 35.731791,
        "lon": 139.588844,
        "name": "T2-74.扇橋公園",
        "capacity": 5,
        "region_id": "9",
        "station_id": "00001752"
      },
      "geometry": {
        "type": "Point",
        "coordinates": [
          139.588844,
          35.731791
        ]
      }
    },
    {
      "type": "Feature",
      "properties": {
        "lat": 35.734684,
        "lon": 139.593628,
        "name": "T2-75.石神井台二丁目緑地",
        "capacity": 2,
        "region_id": "9",
        "station_id": "00001753"
      },
      "geometry": {
        "type": "Point",
        "coordinates": [
          139.593628,
          35.734684
        ]
      }
    },
    {
      "type": "Feature",
      "properties": {
        "lat": 35.748736,
        "lon": 139.574839,
        "name": "T2-76.東中前の森緑地",
        "capacity": 5,
        "region_id": "9",
        "station_id": "00001809"
      },
      "geometry": {
        "type": "Point",
        "coordinates": [
          139.574839,
          35.748736
        ]
      }
    },
    {
      "type": "Feature",
      "properties": {
        "lat": 35.759861,
        "lon": 139.581682,
        "name": "T2-77.大泉なかよし緑地",
        "capacity": 4,
        "region_id": "9",
        "station_id": "00001810"
      },
      "geometry": {
        "type": "Point",
        "coordinates": [
          139.581682,
          35.759861
        ]
      }
    },
    {
      "type": "Feature",
      "properties": {
        "lat": 35.761474,
        "lon": 139.592735,
        "name": "T2-78.北大泉くれはし公園",
        "capacity": 1,
        "region_id": "9",
        "station_id": "00001811"
      },
      "geometry": {
        "type": "Point",
        "coordinates": [
          139.592735,
          35.761474
        ]
      }
    },
    {
      "type": "Feature",
      "properties": {
        "lat": 35.774457,
        "lon": 139.596182,
        "name": "T2-79.大泉学園町八丁目緑地",
        "capacity": 6,
        "region_id": "9",
        "station_id": "00001812"
      },
      "geometry": {
        "type": "Point",
        "coordinates": [
          139.596182,
          35.774457
        ]
      }
    },
    {
      "type": "Feature",
      "properties": {
        "lat": 35.756825,
        "lon": 139.590528,
        "name": "T2-80.みその緑地",
        "capacity": 5,
        "region_id": "9",
        "station_id": "00001854"
      },
      "geometry": {
        "type": "Point",
        "coordinates": [
          139.590528,
          35.756825
        ]
      }
    },
    {
      "type": "Feature",
      "properties": {
        "lat": 35.737899,
        "lon": 139.576584,
        "name": "T2-82.梅の木児童遊園",
        "capacity": 4,
        "region_id": "9",
        "station_id": "00002159"
      },
      "geometry": {
        "type": "Point",
        "coordinates": [
          139.576584,
          35.737899
        ]
      }
    },
    {
      "type": "Feature",
      "properties": {
        "lat": 35.760442,
        "lon": 139.573145,
        "name": "T2-83.西大泉さくら緑地",
        "capacity": 6,
        "region_id": "9",
        "station_id": "00002160"
      },
      "geometry": {
        "type": "Point",
        "coordinates": [
          139.573145,
          35.760442
        ]
      }
    },
    {
      "type": "Feature",
      "properties": {
        "lat": 35.748395,
        "lon": 139.605958,
        "name": "T2-84.石神井町二丁目緑地",
        "capacity": 2,
        "region_id": "9",
        "station_id": "00002158"
      },
      "geometry": {
        "type": "Point",
        "coordinates": [
          139.605958,
          35.748395
        ]
      }
    },
    {
      "type": "Feature",
      "properties": {
        "lat": 35.7547,
        "lon": 139.601497,
        "name": "T2-85.泉新公園",
        "capacity": 3,
        "region_id": "9",
        "station_id": "00002174"
      },
      "geometry": {
        "type": "Point",
        "coordinates": [
          139.601497,
          35.7547
        ]
      }
    },
    {
      "type": "Feature",
      "properties": {
        "lat": 35.746956,
        "lon": 139.600798,
        "name": "T2-86.石神井町八丁目緑地",
        "capacity": 3,
        "region_id": "9",
        "station_id": "00002176"
      },
      "geometry": {
        "type": "Point",
        "coordinates": [
          139.600798,
          35.746956
        ]
      }
    },
    {
      "type": "Feature",
      "properties": {
        "lat": 35.745607,
        "lon": 139.573947,
        "name": "T2-87.南大泉四丁目児童遊園",
        "capacity": 3,
        "region_id": "9",
        "station_id": "00002175"
      },
      "geometry": {
        "type": "Point",
        "coordinates": [
          139.573947,
          35.745607
        ]
      }
    },
    {
      "type": "Feature",
      "properties": {
        "lat": 35.739633,
        "lon": 139.570457,
        "name": "T2-88.南大泉かたまち緑地",
        "capacity": 2,
        "region_id": "9",
        "station_id": "00002179"
      },
      "geometry": {
        "type": "Point",
        "coordinates": [
          139.570457,
          35.739633
        ]
      }
    },
    {
      "type": "Feature",
      "properties": {
        "lat": 35.742755,
        "lon": 139.568335,
        "name": "T2-89.南大泉三丁目児童遊園",
        "capacity": 2,
        "region_id": "9",
        "station_id": "00002178"
      },
      "geometry": {
        "type": "Point",
        "coordinates": [
          139.568335,
          35.742755
        ]
      }
    },
    {
      "type": "Feature",
      "properties": {
        "lat": 35.733195,
        "lon": 139.612327,
        "name": "T2-90.南田中四丁目緑地",
        "capacity": 4,
        "region_id": "9",
        "station_id": "00002193"
      },
      "geometry": {
        "type": "Point",
        "coordinates": [
          139.612327,
          35.733195
        ]
      }
    },
    {
      "type": "Feature",
      "properties": {
        "lat": 35.745272,
        "lon": 139.604579,
        "name": "T2-91.石神井町四丁目緑地",
        "capacity": 4,
        "region_id": "9",
        "station_id": "00002194"
      },
      "geometry": {
        "type": "Point",
        "coordinates": [
          139.604579,
          35.745272
        ]
      }
    },
    {
      "type": "Feature",
      "properties": {
        "lat": 35.733416,
        "lon": 139.614388,
        "name": "T2-92.地区宅便 城西支店",
        "capacity": 11,
        "region_id": "9",
        "station_id": "00002684"
      },
      "geometry": {
        "type": "Point",
        "coordinates": [
          139.614388,
          35.733416
        ]
      }
    },
    {
      "type": "Feature",
      "properties": {
        "lat": 35.766425,
        "lon": 139.580588,
        "name": "T2-93.大泉学園町5丁目",
        "capacity": 19,
        "region_id": "9",
        "station_id": "00002848"
      },
      "geometry": {
        "type": "Point",
        "coordinates": [
          139.580588,
          35.766425
        ]
      }
    },
    {
      "type": "Feature",
      "properties": {
        "lat": 35.745925,
        "lon": 139.625016,
        "name": "T2-94.石神井川（富士見台4-21）",
        "capacity": 3,
        "region_id": "9",
        "station_id": "00002965"
      },
      "geometry": {
        "type": "Point",
        "coordinates": [
          139.625016,
          35.745925
        ]
      }
    },
    {
      "type": "Feature",
      "properties": {
        "lat": 35.745172,
        "lon": 139.620758,
        "name": "T2-95.石神井川（富士見台4-45）",
        "capacity": 6,
        "region_id": "9",
        "station_id": "00002966"
      },
      "geometry": {
        "type": "Point",
        "coordinates": [
          139.620758,
          35.745172
        ]
      }
    },
    {
      "type": "Feature",
      "properties": {
        "lat": 35.741088,
        "lon": 139.618638,
        "name": "T2-96.石神井川（富士見台3-62）",
        "capacity": 2,
        "region_id": "9",
        "station_id": "00002967"
      },
      "geometry": {
        "type": "Point",
        "coordinates": [
          139.618638,
          35.741088
        ]
      }
    },
    {
      "type": "Feature",
      "properties": {
        "lat": 35.733611,
        "lon": 139.594405,
        "name": "T2-97.石神井川（石神井台2-2）",
        "capacity": 2,
        "region_id": "9",
        "station_id": "00002968"
      },
      "geometry": {
        "type": "Point",
        "coordinates": [
          139.594405,
          35.733611
        ]
      }
    },
    {
      "type": "Feature",
      "properties": {
        "lat": 35.756469,
        "lon": 139.603057,
        "name": "T2-99.日生交通",
        "capacity": 10,
        "region_id": "9",
        "station_id": "00003424"
      },
      "geometry": {
        "type": "Point",
        "coordinates": [
          139.603057,
          35.756469
        ]
      }
    },
    {
      "type": "Feature",
      "properties": {
        "lat": 35.751438,
        "lon": 139.641265,
        "name": "T3-01.練馬春日町駅自転車駐車場",
        "capacity": 7,
        "region_id": "9",
        "station_id": "00000686"
      },
      "geometry": {
        "type": "Point",
        "coordinates": [
          139.641265,
          35.751438
        ]
      }
    },
    {
      "type": "Feature",
      "properties": {
        "lat": 35.756846,
        "lon": 139.652154,
        "name": "T3-02.早宮第二自転車駐車場",
        "capacity": 11,
        "region_id": "9",
        "station_id": "00000687"
      },
      "geometry": {
        "type": "Point",
        "coordinates": [
          139.652154,
          35.756846
        ]
      }
    },
    {
      "type": "Feature",
      "properties": {
        "lat": 35.740378,
        "lon": 139.667502,
        "name": "T3-03.新桜台駅自転車駐車場",
        "capacity": 6,
        "region_id": "9",
        "station_id": "00000688"
      },
      "geometry": {
        "type": "Point",
        "coordinates": [
          139.667502,
          35.740378
        ]
      }
    },
    {
      "type": "Feature",
      "properties": {
        "lat": 35.759827,
        "lon": 139.659121,
        "name": "T3-04.サンパレス平和台",
        "capacity": 12,
        "region_id": "9",
        "station_id": "00000844"
      },
      "geometry": {
        "type": "Point",
        "coordinates": [
          139.659121,
          35.759827
        ]
      }
    },
    {
      "type": "Feature",
      "properties": {
        "lat": 35.767129,
        "lon": 139.664365,
        "name": "T3-05.東武練馬駅南",
        "capacity": 10,
        "region_id": "9",
        "station_id": "00001064"
      },
      "geometry": {
        "type": "Point",
        "coordinates": [
          139.664365,
          35.767129
        ]
      }
    },
    {
      "type": "Feature",
      "properties": {
        "lat": 35.726728,
        "lon": 139.65874,
        "name": "T3-07.徳殿公園",
        "capacity": 4,
        "region_id": "9",
        "station_id": "00001096"
      },
      "geometry": {
        "type": "Point",
        "coordinates": [
          139.65874,
          35.726728
        ]
      }
    },
    {
      "type": "Feature",
      "properties": {
        "lat": 35.728268,
        "lon": 139.649188,
        "name": "T3-08.中新井川児童遊園",
        "capacity": 7,
        "region_id": "9",
        "station_id": "00001097"
      },
      "geometry": {
        "type": "Point",
        "coordinates": [
          139.649188,
          35.728268
        ]
      }
    },
    {
      "type": "Feature",
      "properties": {
        "lat": 35.730428,
        "lon": 139.648704,
        "name": "T3-09.学田公園",
        "capacity": 4,
        "region_id": "9",
        "station_id": "00001098"
      },
      "geometry": {
        "type": "Point",
        "coordinates": [
          139.648704,
          35.730428
        ]
      }
    },
    {
      "type": "Feature",
      "properties": {
        "lat": 35.736378,
        "lon": 139.632485,
        "name": "T3-10.貫井一丁目緑地",
        "capacity": 0,
        "region_id": "9",
        "station_id": "00001099"
      },
      "geometry": {
        "type": "Point",
        "coordinates": [
          139.632485,
          35.736378
        ]
      }
    },
    {
      "type": "Feature",
      "properties": {
        "lat": 35.740321,
        "lon": 139.631256,
        "name": "T3-11.ガラクタ公園",
        "capacity": 2,
        "region_id": "9",
        "station_id": "00001100"
      },
      "geometry": {
        "type": "Point",
        "coordinates": [
          139.631256,
          35.740321
        ]
      }
    },
    {
      "type": "Feature",
      "properties": {
        "lat": 35.748092,
        "lon": 139.636587,
        "name": "T3-12.春日町西公園",
        "capacity": 4,
        "region_id": "9",
        "station_id": "00001126"
      },
      "geometry": {
        "type": "Point",
        "coordinates": [
          139.636587,
          35.748092
        ]
      }
    },
    {
      "type": "Feature",
      "properties": {
        "lat": 35.757298,
        "lon": 139.664139,
        "name": "T3-13.平和台児童公園",
        "capacity": 4,
        "region_id": "9",
        "station_id": "00001127"
      },
      "geometry": {
        "type": "Point",
        "coordinates": [
          139.664139,
          35.757298
        ]
      }
    },
    {
      "type": "Feature",
      "properties": {
        "lat": 35.759774,
        "lon": 139.654529,
        "name": "T3-14.わらべ児童遊園",
        "capacity": 4,
        "region_id": "9",
        "station_id": "00001128"
      },
      "geometry": {
        "type": "Point",
        "coordinates": [
          139.654529,
          35.759774
        ]
      }
    },
    {
      "type": "Feature",
      "properties": {
        "lat": 35.768105,
        "lon": 139.646049,
        "name": "T3-15.セブン-イレブン練馬北町8丁目店",
        "capacity": 6,
        "region_id": "9",
        "station_id": "00001170"
      },
      "geometry": {
        "type": "Point",
        "coordinates": [
          139.646049,
          35.768105
        ]
      }
    },
    {
      "type": "Feature",
      "properties": {
        "lat": 35.735428,
        "lon": 139.652379,
        "name": "T3-16.練馬区役所東庁舎(第一)",
        "capacity": 10,
        "region_id": "9",
        "station_id": "00001332"
      },
      "geometry": {
        "type": "Point",
        "coordinates": [
          139.652379,
          35.735428
        ]
      }
    },
    {
      "type": "Feature",
      "properties": {
        "lat": 35.735585,
        "lon": 139.652544,
        "name": "T3-17.練馬区役所東庁舎(第二)",
        "capacity": 4,
        "region_id": "9",
        "station_id": "00001333"
      },
      "geometry": {
        "type": "Point",
        "coordinates": [
          139.652544,
          35.735585
        ]
      }
    },
    {
      "type": "Feature",
      "properties": {
        "lat": 35.738585,
        "lon": 139.653396,
        "name": "T3-18.練馬駅北",
        "capacity": 18,
        "region_id": "9",
        "station_id": "00001337"
      },
      "geometry": {
        "type": "Point",
        "coordinates": [
          139.653396,
          35.738585
        ]
      }
    },
    {
      "type": "Feature",
      "properties": {
        "lat": 35.749388,
        "lon": 139.651824,
        "name": "T3-19.なかみや児童遊園",
        "capacity": 5,
        "region_id": "9",
        "station_id": "00001349"
      },
      "geometry": {
        "type": "Point",
        "coordinates": [
          139.651824,
          35.749388
        ]
      }
    },
    {
      "type": "Feature",
      "properties": {
        "lat": 35.75312,
        "lon": 139.65661,
        "name": "T3-20.はやいち公園",
        "capacity": 3,
        "region_id": "9",
        "station_id": "00001350"
      },
      "geometry": {
        "type": "Point",
        "coordinates": [
          139.65661,
          35.75312
        ]
      }
    },
    {
      "type": "Feature",
      "properties": {
        "lat": 35.747038,
        "lon": 139.667965,
        "name": "T3-21.くまのやま緑地",
        "capacity": 5,
        "region_id": "9",
        "station_id": "00001357"
      },
      "geometry": {
        "type": "Point",
        "coordinates": [
          139.667965,
          35.747038
        ]
      }
    },
    {
      "type": "Feature",
      "properties": {
        "lat": 35.750547,
        "lon": 139.66707,
        "name": "T3-22.氷川台三丁目ちびっこ公園",
        "capacity": 3,
        "region_id": "9",
        "station_id": "00001358"
      },
      "geometry": {
        "type": "Point",
        "coordinates": [
          139.66707,
          35.750547
        ]
      }
    },
    {
      "type": "Feature",
      "properties": {
        "lat": 35.756575,
        "lon": 139.669689,
        "name": "T3-23.氷川台二丁目緑地",
        "capacity": 3,
        "region_id": "9",
        "station_id": "00001359"
      },
      "geometry": {
        "type": "Point",
        "coordinates": [
          139.669689,
          35.756575
        ]
      }
    },
    {
      "type": "Feature",
      "properties": {
        "lat": 35.743962,
        "lon": 139.670315,
        "name": "T3-24.AZEST新桜台",
        "capacity": 8,
        "region_id": "9",
        "station_id": "00001356"
      },
      "geometry": {
        "type": "Point",
        "coordinates": [
          139.670315,
          35.743962
        ]
      }
    },
    {
      "type": "Feature",
      "properties": {
        "lat": 35.767627,
        "lon": 139.65243,
        "name": "T3-25.北町みのり公園",
        "capacity": 4,
        "region_id": "9",
        "station_id": "00001480"
      },
      "geometry": {
        "type": "Point",
        "coordinates": [
          139.65243,
          35.767627
        ]
      }
    },
    {
      "type": "Feature",
      "properties": {
        "lat": 35.73701,
        "lon": 139.627244,
        "name": "T3-26.富士見ランド公園",
        "capacity": 8,
        "region_id": "9",
        "station_id": "00001567"
      },
      "geometry": {
        "type": "Point",
        "coordinates": [
          139.627244,
          35.73701
        ]
      }
    },
    {
      "type": "Feature",
      "properties": {
        "lat": 35.738427,
        "lon": 139.632251,
        "name": "T3-27.貫井川緑地",
        "capacity": 4,
        "region_id": "9",
        "station_id": "00001568"
      },
      "geometry": {
        "type": "Point",
        "coordinates": [
          139.632251,
          35.738427
        ]
      }
    },
    {
      "type": "Feature",
      "properties": {
        "lat": 35.755137,
        "lon": 139.661208,
        "name": "T3-28.ほしぞら緑地",
        "capacity": 3,
        "region_id": "9",
        "station_id": "00001569"
      },
      "geometry": {
        "type": "Point",
        "coordinates": [
          139.661208,
          35.755137
        ]
      }
    },
    {
      "type": "Feature",
      "properties": {
        "lat": 35.755773,
        "lon": 139.661913,
        "name": "T3-29.平和台もものき緑地",
        "capacity": 4,
        "region_id": "9",
        "station_id": "00001570"
      },
      "geometry": {
        "type": "Point",
        "coordinates": [
          139.661913,
          35.755773
        ]
      }
    },
    {
      "type": "Feature",
      "properties": {
        "lat": 35.765979,
        "lon": 139.64931,
        "name": "T3-30.北西大松公園",
        "capacity": 3,
        "region_id": "9",
        "station_id": "00001571"
      },
      "geometry": {
        "type": "Point",
        "coordinates": [
          139.64931,
          35.765979
        ]
      }
    },
    {
      "type": "Feature",
      "properties": {
        "lat": 35.74097,
        "lon": 139.63836,
        "name": "T3-31.パークサイド関口",
        "capacity": 5,
        "region_id": "9",
        "station_id": "00001650"
      },
      "geometry": {
        "type": "Point",
        "coordinates": [
          139.63836,
          35.74097
        ]
      }
    },
    {
      "type": "Feature",
      "properties": {
        "lat": 35.764452,
        "lon": 139.666299,
        "name": "T3-32.練馬北町1丁目",
        "capacity": 5,
        "region_id": "9",
        "station_id": "00002105"
      },
      "geometry": {
        "type": "Point",
        "coordinates": [
          139.666299,
          35.764452
        ]
      }
    },
    {
      "type": "Feature",
      "properties": {
        "lat": 35.738237,
        "lon": 139.673616,
        "name": "T3-33.江古田駅北公園",
        "capacity": 2,
        "region_id": "9",
        "station_id": "00002750"
      },
      "geometry": {
        "type": "Point",
        "coordinates": [
          139.673616,
          35.738237
        ]
      }
    },
    {
      "type": "Feature",
      "properties": {
        "lat": 35.745112,
        "lon": 139.67501,
        "name": "T3-34.小竹みどり公園",
        "capacity": 3,
        "region_id": "9",
        "station_id": "00002719"
      },
      "geometry": {
        "type": "Point",
        "coordinates": [
          139.67501,
          35.745112
        ]
      }
    },
    {
      "type": "Feature",
      "properties": {
        "lat": 35.762794,
        "lon": 139.668163,
        "name": "T3-35.田柄川緑道(錦1-40)",
        "capacity": 4,
        "region_id": "9",
        "station_id": "00002720"
      },
      "geometry": {
        "type": "Point",
        "coordinates": [
          139.668163,
          35.762794
        ]
      }
    },
    {
      "type": "Feature",
      "properties": {
        "lat": 35.737111,
        "lon": 139.661263,
        "name": "T3-36.中新井公園",
        "capacity": 3,
        "region_id": "9",
        "station_id": "00002751"
      },
      "geometry": {
        "type": "Point",
        "coordinates": [
          139.661263,
          35.737111
        ]
      }
    },
    {
      "type": "Feature",
      "properties": {
        "lat": 35.744891,
        "lon": 139.631352,
        "name": "T3-37.石神井川（貫井5-25）",
        "capacity": 5,
        "region_id": "9",
        "station_id": "00002964"
      },
      "geometry": {
        "type": "Point",
        "coordinates": [
          139.631352,
          35.744891
        ]
      }
    },
    {
      "type": "Feature",
      "properties": {
        "lat": 35.73897,
        "lon": 139.65514,
        "name": "T3-38.エクセリア練馬",
        "capacity": 10,
        "region_id": "9",
        "station_id": "00003896"
      },
      "geometry": {
        "type": "Point",
        "coordinates": [
          139.65514,
          35.73897
        ]
      }
    },
    {
      "type": "Feature",
      "properties": {
        "lat": 35.759774,
        "lon": 139.6647,
        "name": "T3-39.平和台図書館",
        "capacity": 3,
        "region_id": "9",
        "station_id": "00004182"
      },
      "geometry": {
        "type": "Point",
        "coordinates": [
          139.6647,
          35.759774
        ]
      }
    },
    {
      "type": "Feature",
      "properties": {
        "lat": 35.764203,
        "lon": 139.669109,
        "name": "T3-40.匯金・上板橋ビル1",
        "capacity": 2,
        "region_id": "9",
        "station_id": "00004968"
      },
      "geometry": {
        "type": "Point",
        "coordinates": [
          139.669109,
          35.764203
        ]
      }
    },
    {
      "type": "Feature",
      "properties": {
        "lat": 35.764096,
        "lon": 139.668927,
        "name": "T3-41.匯金・上板橋ビル2",
        "capacity": 3,
        "region_id": "9",
        "station_id": "00004969"
      },
      "geometry": {
        "type": "Point",
        "coordinates": [
          139.668927,
          35.764096
        ]
      }
    },
    {
      "type": "Feature",
      "properties": {
        "lat": 35.736925,
        "lon": 139.655451,
        "name": "T3-42.ローソン豊玉北五丁目店",
        "capacity": 8,
        "region_id": "9",
        "station_id": "00005379"
      },
      "geometry": {
        "type": "Point",
        "coordinates": [
          139.655451,
          35.736925
        ]
      }
    },
    {
      "type": "Feature",
      "properties": {
        "lat": 35.766565,
        "lon": 139.66138,
        "name": "T3-43.ローソン練馬北町二丁目店",
        "capacity": 7,
        "region_id": "9",
        "station_id": "00005378"
      },
      "geometry": {
        "type": "Point",
        "coordinates": [
          139.66138,
          35.766565
        ]
      }
    },
    {
      "type": "Feature",
      "properties": {
        "lat": 35.732157,
        "lon": 139.641147,
        "name": "T3-44.ローソン練馬中村三丁目店",
        "capacity": 5,
        "region_id": "9",
        "station_id": "00005380"
      },
      "geometry": {
        "type": "Point",
        "coordinates": [
          139.641147,
          35.732157
        ]
      }
    },
    {
      "type": "Feature",
      "properties": {
        "lat": 35.747776,
        "lon": 139.648052,
        "name": "T3-45.ロアール練馬豊島園",
        "capacity": 13,
        "region_id": "9",
        "station_id": "00005453"
      },
      "geometry": {
        "type": "Point",
        "coordinates": [
          139.648052,
          35.747776
        ]
      }
    },
    {
      "type": "Feature",
      "properties": {
        "lat": 35.733427,
        "lon": 139.654229,
        "name": "T3-46.AXAS練馬",
        "capacity": 10,
        "region_id": "9",
        "station_id": "00005425"
      },
      "geometry": {
        "type": "Point",
        "coordinates": [
          139.654229,
          35.733427
        ]
      }
    },
    {
      "type": "Feature",
      "properties": {
        "lat": 35.752907,
        "lon": 139.642432,
        "name": "T3-47.セブン‐イレブン練馬春日町４丁目店",
        "capacity": 6,
        "region_id": "9",
        "station_id": "00005526"
      },
      "geometry": {
        "type": "Point",
        "coordinates": [
          139.642432,
          35.752907
        ]
      }
    },
    {
      "type": "Feature",
      "properties": {
        "lat": 35.731551,
        "lon": 139.6494,
        "name": "T3-48.メゾンK",
        "capacity": 12,
        "region_id": "9",
        "station_id": "00005566"
      },
      "geometry": {
        "type": "Point",
        "coordinates": [
          139.6494,
          35.731551
        ]
      }
    },
    {
      "type": "Feature",
      "properties": {
        "lat": 35.731427,
        "lon": 139.649302,
        "name": "T3-49.豊玉中4丁目駐車場",
        "capacity": 5,
        "region_id": "9",
        "station_id": "00005655"
      },
      "geometry": {
        "type": "Point",
        "coordinates": [
          139.649302,
          35.731427
        ]
      }
    },
    {
      "type": "Feature",
      "properties": {
        "lat": 35.528801,
        "lon": 139.694661,
        "name": "Z01.NTTドコモ川崎ビル",
        "capacity": 8,
        "region_id": "11",
        "station_id": "00010658"
      },
      "geometry": {
        "type": "Point",
        "coordinates": [
          139.694661,
          35.528801
        ]
      }
    },
    {
      "type": "Feature",
      "properties": {
        "lat": 35.513644,
        "lon": 139.712594,
        "name": "Z02.NTT渡田ビル",
        "capacity": 10,
        "region_id": "11",
        "station_id": "00010659"
      },
      "geometry": {
        "type": "Point",
        "coordinates": [
          139.712594,
          35.513644
        ]
      }
    },
    {
      "type": "Feature",
      "properties": {
        "lat": 35.523754,
        "lon": 139.746356,
        "name": "Z03.ローソン川崎塩浜三丁目店",
        "capacity": 12,
        "region_id": "11",
        "station_id": "00010660"
      },
      "geometry": {
        "type": "Point",
        "coordinates": [
          139.746356,
          35.523754
        ]
      }
    },
    {
      "type": "Feature",
      "properties": {
        "lat": 35.527562,
        "lon": 139.737102,
        "name": "Z04.ローソン川崎四谷上町店",
        "capacity": 8,
        "region_id": "11",
        "station_id": "00010661"
      },
      "geometry": {
        "type": "Point",
        "coordinates": [
          139.737102,
          35.527562
        ]
      }
    },
    {
      "type": "Feature",
      "properties": {
        "lat": 35.513548,
        "lon": 139.697176,
        "name": "Z05.ローソン川崎小田二丁目店",
        "capacity": 6,
        "region_id": "11",
        "station_id": "00010662"
      },
      "geometry": {
        "type": "Point",
        "coordinates": [
          139.697176,
          35.513548
        ]
      }
    },
    {
      "type": "Feature",
      "properties": {
        "lat": 35.537434,
        "lon": 139.744509,
        "name": "Z06.ローソン川崎殿町店",
        "capacity": 13,
        "region_id": "11",
        "station_id": "00010663"
      },
      "geometry": {
        "type": "Point",
        "coordinates": [
          139.744509,
          35.537434
        ]
      }
    },
    {
      "type": "Feature",
      "properties": {
        "lat": 35.519137,
        "lon": 139.705791,
        "name": "Z07.ローソン川崎渡田三丁目店",
        "capacity": 4,
        "region_id": "11",
        "station_id": "00010677"
      },
      "geometry": {
        "type": "Point",
        "coordinates": [
          139.705791,
          35.519137
        ]
      }
    },
    {
      "type": "Feature",
      "properties": {
        "lat": 35.526238,
        "lon": 139.72907,
        "name": "Z08.ファミリーマート観音二丁目店",
        "capacity": 12,
        "region_id": "11",
        "station_id": "00010678"
      },
      "geometry": {
        "type": "Point",
        "coordinates": [
          139.72907,
          35.526238
        ]
      }
    },
    {
      "type": "Feature",
      "properties": {
        "lat": 35.529781,
        "lon": 139.727511,
        "name": "Z09.ファミリーマート川崎川中島二丁目店",
        "capacity": 5,
        "region_id": "11",
        "station_id": "00010679"
      },
      "geometry": {
        "type": "Point",
        "coordinates": [
          139.727511,
          35.529781
        ]
      }
    },
    {
      "type": "Feature",
      "properties": {
        "lat": 35.506142,
        "lon": 139.701005,
        "name": "Z10.ローソン川崎浅田三丁目店",
        "capacity": 10,
        "region_id": "11",
        "station_id": "00010699"
      },
      "geometry": {
        "type": "Point",
        "coordinates": [
          139.701005,
          35.506142
        ]
      }
    },
    {
      "type": "Feature",
      "properties": {
        "lat": 35.528868,
        "lon": 139.737762,
        "name": "Z11.ファミリーマートＭＧ川崎昭和店",
        "capacity": 5,
        "region_id": "11",
        "station_id": "00010715"
      },
      "geometry": {
        "type": "Point",
        "coordinates": [
          139.737762,
          35.528868
        ]
      }
    },
    {
      "type": "Feature",
      "properties": {
        "lat": 35.533627,
        "lon": 139.700527,
        "name": "Z12.京急川崎西口駐輪場B",
        "capacity": 20,
        "region_id": "11",
        "station_id": "00010751"
      },
      "geometry": {
        "type": "Point",
        "coordinates": [
          139.700527,
          35.533627
        ]
      }
    },
    {
      "type": "Feature",
      "properties": {
        "lat": 35.528361,
        "lon": 139.696499,
        "name": "Z13.京急川崎日進町駐輪場",
        "capacity": 11,
        "region_id": "11",
        "station_id": "00010752"
      },
      "geometry": {
        "type": "Point",
        "coordinates": [
          139.696499,
          35.528361
        ]
      }
    },
    {
      "type": "Feature",
      "properties": {
        "lat": 35.537163,
        "lon": 139.729625,
        "name": "Z14.ファミリーマート川崎中瀬店",
        "capacity": 8,
        "region_id": "11",
        "station_id": "00010760"
      },
      "geometry": {
        "type": "Point",
        "coordinates": [
          139.729625,
          35.537163
        ]
      }
    },
    {
      "type": "Feature",
      "properties": {
        "lat": 35.52928,
        "lon": 139.722762,
        "name": "Z15.ファミリーマート藤崎一丁目店",
        "capacity": 7,
        "region_id": "11",
        "station_id": "00010761"
      },
      "geometry": {
        "type": "Point",
        "coordinates": [
          139.722762,
          35.52928
        ]
      }
    },
    {
      "type": "Feature",
      "properties": {
        "lat": 35.515344,
        "lon": 139.722229,
        "name": "Z16.ファミリーマート川崎浜町四丁目店",
        "capacity": 25,
        "region_id": "11",
        "station_id": "00010762"
      },
      "geometry": {
        "type": "Point",
        "coordinates": [
          139.722229,
          35.515344
        ]
      }
    },
    {
      "type": "Feature",
      "properties": {
        "lat": 35.529519,
        "lon": 139.704845,
        "name": "Z17.NTT川崎ビル",
        "capacity": 9,
        "region_id": "11",
        "station_id": "00010774"
      },
      "geometry": {
        "type": "Point",
        "coordinates": [
          139.704845,
          35.529519
        ]
      }
    },
    {
      "type": "Feature",
      "properties": {
        "lat": 35.540589,
        "lon": 139.752918,
        "name": "Z20.川崎キングスカイフロント 東急 REI ホテル",
        "capacity": 11,
        "region_id": "11",
        "station_id": "00010858"
      },
      "geometry": {
        "type": "Point",
        "coordinates": [
          139.752918,
          35.540589
        ]
      }
    },
    {
      "type": "Feature",
      "properties": {
        "lat": 35.514643,
        "lon": 139.706285,
        "name": "Z21.コーナン川崎小田栄店",
        "capacity": 5,
        "region_id": "11",
        "station_id": "00000205"
      },
      "geometry": {
        "type": "Point",
        "coordinates": [
          139.706285,
          35.514643
        ]
      }
    },
    {
      "type": "Feature",
      "properties": {
        "lat": 35.532615,
        "lon": 139.700332,
        "name": "Z22.みんちゅう京急川崎駅前駐輪場内ラックスペース",
        "capacity": 3,
        "region_id": "11",
        "station_id": "00000928"
      },
      "geometry": {
        "type": "Point",
        "coordinates": [
          139.700332,
          35.532615
        ]
      }
    },
    {
      "type": "Feature",
      "properties": {
        "lat": 35.524976,
        "lon": 139.697495,
        "name": "Z23.NA川崎南町",
        "capacity": 5,
        "region_id": "11",
        "station_id": "00001583"
      },
      "geometry": {
        "type": "Point",
        "coordinates": [
          139.697495,
          35.524976
        ]
      }
    },
    {
      "type": "Feature",
      "properties": {
        "lat": 35.525854,
        "lon": 139.717848,
        "name": "Z24.総合川崎臨港病院",
        "capacity": 5,
        "region_id": "11",
        "station_id": "00002196"
      },
      "geometry": {
        "type": "Point",
        "coordinates": [
          139.717848,
          35.525854
        ]
      }
    },
    {
      "type": "Feature",
      "properties": {
        "lat": 35.522866,
        "lon": 139.730191,
        "name": "Z25.ローソン池上新町店",
        "capacity": 5,
        "region_id": "11",
        "station_id": "00003890"
      },
      "geometry": {
        "type": "Point",
        "coordinates": [
          139.730191,
          35.522866
        ]
      }
    }
  ]
}