lat,lon,name,capacity,region_id,station_id
35.478819,133.04884,M05.塩見縄手,6,2,5053
34.65475,133.916793,M088.ファミリーマート岡山大供二丁目店,5,1,6061
43.061849,141.351192,19.北1条通西4丁目,20,1,86020
34.6817,135.7939,48.布袋屋,3,1,4415
35.760939,139.609264,T2-54.土支田農業公園,8,9,1131
31.82902,131.41507,宮崎大学木花キャンパス　工学部北側駐輪ポート,3,1,4170
35.68991,139.69026,D6-05.新宿中央公園（水の広場）,8,5,10188
34.39497,132.48885,187.サンクレスト,0,1,4614
26.205044,127.673074,T-27.奥武山公園(県立武道館前),5,1,4737
34.710614,135.487772,A-96.ウメキタテラス,8,1,5696
34.685473,135.51654,B-14.グランパシフィック天満橋,6,2,7848
32.078609,131.467645,空の駅竜馬ポート,4,1,4379
34.665493,135.492,E-59.ナンバプレミアムグレース,5,2,4122
35.66249,139.741397,C2-12.六本木ファーストビル,18,3,10252
35.110325,136.977466,757.ファミリーマート天白一つ山店,1,1,5530
34.45792,135.56387,河内長野市役所,10,1,4172
34.343616,134.048278,045.三菱UFJ銀行高松支店,4,1,5433
35.156133,136.906367,583.名鉄協商パーキング上前津2丁目,2,1,4318
34.40262,132.47307,205.d_ll HIROSHIMA,10,1,5535
34.508023,135.442075,和泉市 北信太仮設駐輪場,2,1,4045
34.685205,135.544714,L-23.グリーンコーポ緑橋,4,1,4245
35.135786,136.88859,755.ファミリーマート熱田切戸町店,6,1,5533
36.367034,136.451582,08.木場潟公園中央園地【拠点ポート】,5,1,1396
34.71463,135.50617,A-89.エステムコート梅田・天神橋2グラシオ1,6,2,4357
36.578046,136.597897,76.いしかわ総合スポーツセンター,3,1,1195
34.680968,133.90968,M080.ローソン岡山伊島店,2,1,5880
34.649664,135.521223,F-26.大道4-3-25,3,1,4331
35.202974,136.949985,565.ぽかぽか温泉新守山乃湯,5,1,4032
34.734907,135.47826,K-38.塩野香料株式会社,6,1,5445
36.36297,138.21735,U-15.下之郷駅,3,1,813
43.059172,141.345456,13.大通西8丁目エフロクマル前,15,1,3149
35.700241,139.734338,D2-20.VORT神楽坂Ⅰ,4,5,5337
34.647549,135.470829,P-23.ローソン大正小林西一丁目店,10,2,4743
34.38854,132.46496,211.中央PARK,30,1,5718
34.65242,135.49554,E-53.エステムコート難波サウスプレイス3ラ・パーク1,7,2,3760
35.699835,139.70808,D4-11.トヨタモビリティ東京 東新宿店,2,5,1997
35.678107,139.838687,H1-236.愛育メディカルセンター,10,4,4165
34.681887,135.818322,13.ホテル日航奈良北,0,1,75014
35.685344,139.80234,H1-187.森下文化センター,5,4,1494
38.277861,140.857757,161.荘嚴寺会館,8,1,4615
34.671658,135.47005,D-39.グルメシティ九条店,7,2,4186
31.915928,131.424515,Y・YPARKポート,11,1,5539
34.650189,135.464138,P-26.ローソン マリンテニスパーク北村店,10,2,5822
35.557427,139.739126,K1-129.ローソン東糀谷一丁目店,6,7,869
34.50145,135.43591,和泉市立北部総合福祉会館,10,1,4044
35.639334,139.596687,L1-39.オダクル成城学園前第２,13,17,4471
34.6891,135.8137,46.大奥マンション,2,1,4213
35.154024,136.904978,579.名鉄協商パーキング下前津第3,0,1,4171
35.134915,136.865603,674.コンフォート宮脇町,0,1,4902
34.470984,135.467176,和泉市伏屋町4丁目付近,11,1,4581
34.682222,135.479503,D-41.中之島GATEサウスピア,10,2,4187
35.166587,137.011123,754.ファミリーマート名東貴船二丁目店,3,1,5529
35.178584,136.876741,753.OT.residence名駅,5,1,5536
35.46747,133.04609,M02.松江しんじ湖温泉駅,3,2,5051
34.39645,132.45832,174.県庁しばふひろば,14,1,4124
35.361058,132.75609,I01.出雲市駅,6,1,4254
35.676119,139.772895,B2-04.清水建設本社（都営地下鉄宝町駅 Ａ８出口）,20,2,10056
35.135013,136.962585,606.名鉄協商パーキング八事天道第2,4,1,4534
35.583425,139.716247,K1-205.アーバンリトリート 西馬込,3,7,4664
35.650948,139.799711,H1-120.豊洲5丁目,13,4,10847
35.191315,136.946394,660.名鉄協商パーキングナゴヤドーム北,5,1,5813
32.117115,131.388039,西都原このはな館ポート,5,1,4238
36.406262,136.441028,25.桜木町交差点【簡易ポート】,10,1,5717
35.578239,139.759175,K1-187.ＴＳＫビル,31,7,4126
36.396846,136.451256,24.土居原町南【簡易ポート】,9,1,5716
36.547518,136.64276,61.ローソン金沢泉店,2,1,89062
35.703893,139.766866,E5-35.湯島２丁目,6,6,4204
34.668417,133.918547,M081.ローソン岡山奉還町一丁目店,7,1,5881
35.191997,137.000463,801.ローソン名東区引山店,6,1,6027
34.392094,132.497985,089.セブン-イレブン広島矢賀新町4丁目店,10,1,3287
36.557199,136.647826,23.にし茶屋街,9,1,89023
35.623459,139.687128,J1-26.田向公園,8,12,10887
35.637089,139.740401,C4-16.THE LINKPILLAR 1 NORTH,15,3,4128
34.445319,135.453809,和泉市久保惣美術館横,9,1,3524
34.71449,135.50612,A-90.エステムコート梅田・天神橋2グラシオ2,4,2,4358
36.40465,138.25367,U-06.北国街道柳町南,1,1,808
35.705018,139.706841,D5-05.中央図書館,13,5,10292
35.46042,133.053501,M07.岸公園,4,2,5369
35.631289,139.711002,J1-69.東和ビルⅡ,2,12,5309
43.070041,141.349814,31.札幌駅北口広場北西角,13,1,86031
35.658351,139.818229,H1-14.ホテルリブマックス東京潮見駅前,8,4,10724
36.403216,138.247279,U-03.上田市観光会館,7,1,807
35.716499,139.694684,D7-15.ルーブル高田馬場弐番館,3,5,4666
35.655113,139.625904,L1-36.フレール西経堂,16,17,4071
34.67005,135.46957,O-22.エステムコート難波WEST-SIDE7グローブ,6,2,3974
35.193097,136.965794,767.名鉄協商パーキング小六町,2,1,5867
38.25486,140.87593,184.プライムアーバン仙台北目町,14,1,5554
35.150492,136.946469,651.川名本町6丁目駐車場,3,1,4790
34.602071,135.574196,U-10.そよら長原駅前,9,2,4212
35.646801,139.751208,C5-04.みなとパーク芝浦,12,3,10086
35.634,139.739389,C4-17.THE LINKPILLAR 1 SOUTH,13,3,4127
35.617172,139.795161,H1-245.東京港フェリーターミナル,17,4,4202
24.369432,124.115027,I-08.フサキビーチリゾート ホテル&ヴィラズ,10,1,5887
35.69062,139.84143,H1-241.LUMEED大島,3,4,4203
34.6848,135.8452,47.ザ・ヒルトップテラス奈良,11,1,4214
35.652478,139.734314,C2-34.仙台坂下,4,3,4072
31.914764,131.384989,大塚台公園ポート,5,1,4467
35.130361,136.897346,634.リバーストーム白鳥,6,1,5314
35.686037,139.764472,A4-06.大手町ファーストスクエア,34,1,10148
36.575955,136.660963,28.小橋・おたふく,8,1,89028
34.346693,134.054384,042.GRANLAB高松丸の内(駐車場),8,1,4681
38.276426,140.883325,164.清浄光院,7,1,4641
36.478469,138.145079,C-01.千曲市総合観光会館,11,2,817
34.822844,134.670994,59.手柄山平和公園駅南,16,1,5550
34.38617,132.41739,178.ドコモショップ西広島店,14,1,4256
35.176779,136.905558,723.名鉄協商パーキング丸の内3丁目第3,3,1,5458
35.652644,139.802092,H1-292.アイ・キャナルメイツ豊洲,6,4,5873
35.138728,136.888923,649.コインランドリーしゃぼん幡野店,2,1,4789
34.630182,135.505315,Q-21.コーシャハイツ相生,10,1,4369
34.38091,132.40906,216.ローソン広島草津東一丁目店,5,1,5901
36.555379,136.671146,21.石引広見・大学病院前,25,1,89021
35.679029,139.793535,H1-131.セブン-イレブン 江東佐賀2丁目店,19,4,10904
34.637452,135.416363,T-14.グランドプリンスホテル大阪ベイ,4,2,4074
34.682817,135.482167,D-43.サムティ中之島WEST,3,2,5651
34.680726,135.846464,03.春日大社駐輪場,1,1,75004
35.632303,139.742393,C5-06.品川シーズンテラス,53,3,10135
35.706005,139.763401,E5-36.ルフォンプログレ本郷三丁目,1,6,5188
38.277912,140.884638,163.仙岳院,12,1,4640
34.850023,134.705414,45.野里861-1,16,1,4352
34.72702,135.49063,K-30.エステムコート新大阪13ニスタ,5,2,3976
34.682329,135.460544,J-28.梅香1-2-12,10,1,4330
34.343899,134.039248,043.ファロス第一ビル(番町),5,1,4682
34.391783,132.451057,055.広島国際会議場,7,1,3254
34.677562,135.493011,D-38.セブン‐イレブン大阪新町２丁目店,3,2,3975
35.702299,139.768342,A3-08.神田明神（神田神社）,14,1,10020
34.47202,135.39435,岸和田市立まなび中央公園,2,2,4422
35.712952,139.701356,D3-08.ホテルリブマックス高田馬場駅前,8,5,10726
35.70328,139.62981,O4-01.阿佐ヶ谷南公園,3,14,498
35.645838,139.647799,L1-03.世田谷城阯公園,6,17,1665
43.058079,141.349609,04.愛生舘ビル,11,1,86005
34.38745,132.49313,172.スパイラップガーデン大州(北側),3,1,4092
36.560594,136.656572,70.金沢市役所,42,1,779
38.26791,140.88619,194.プラザドゥリブレ,7,1,5711
35.186117,136.936664,267.ファミリーマート名古屋東大曽根店,0,1,1340
38.25157,140.8786,195.プラウド五橋,6,1,5712
34.703757,135.514546,A-85.同心2丁目12番16,6,1,3958
34.436093,135.450036,ホテルルートイン大阪和泉,9,1,3528
34.47871,135.43192,和泉市立総合医療センター,0,1,4421
31.90887,131.428217,The Rockポート,4,1,4668
31.930468,131.392646,小松台公園ポート,5,1,4466
34.61683,135.500965,S-13.MA House,7,2,4197
43.064134,141.362744,02.サッポロファクトリー,4,1,86003
35.053169,133.9995,011.まなびの鉄道館,5,1,5467
43.056037,141.341515,18.石山通プリンスホテル前,33,1,86019
35.6931,139.80472,G6-05.aLATO錦糸町south,2,15,4609
35.593887,139.741204,I1-21.大井競馬場(正門前),39,10,10524
34.3907,132.46478,215.グランドサウナ広島,7,1,5820
34.668609,133.920803,M092.サン・ピーチOKAYAMA,4,1,6065
35.147456,136.905999,590.ダイアパレス金山フォレストフロント,7,1,4527
36.563054,136.650498,13.長町,12,1,89013
38.26489,140.87451,177.ハーネル仙台,4,1,5372
34.719873,135.567913,Z-05.サンクレイドル鶴見緑地公園,7,1,5375
35.183739,136.882957,642.美容室リアン駐車場,3,1,4739
35.17188,137.013811,802.ローソン名東社が丘店,3,1,6028
35.629697,139.742167,C5-01.こうなん星の公園,54,3,10078
43.071815,141.359523,48.サツドラ本社前,29,1,86050
36.570722,136.656975,04.近江町市場,16,1,89004
35.624966,139.746657,C5-03.港南公園C,33,3,10085
35.630018,139.745663,C5-60.品川東急ビル,3,3,4247
34.669416,135.438449,J-25.リバーガーデンシティさくらの丘アリス団地,5,2,4075
34.833954,134.696044,47.播磨国総社　射楯兵主神社,11,1,4354
35.201711,136.980743,643.名鉄協商パーキング小幡南3丁目,7,1,4741
35.62822,139.741135,C5-35.品川駅港南口,3,3,10970
43.060639,141.344111,52.UR札幌北一条前,10,1,438
34.856062,134.711086,58.野里駅,14,1,5313
34.39677,132.4293,179.セブン-イレブン広島己斐本町店,4,1,4316
36.557778,136.659363,20.ローソン本多町三丁目,0,1,89020
35.647049,139.714783,M3-26.VORT恵比寿Ⅲ,3,8,3984
35.126232,136.911445,589.あつたnagAya,3,1,4440
35.622294,139.751644,I1-08.天王洲アイル第一水辺広場,52,10,10421
34.350249,134.047486,032.高松駅前広場（親切な青鬼くん前）,5,1,4208
35.656449,139.771302,B4-08.東京ミッドベイ勝どき（西仲通り）,17,2,10163
34.39072,132.47363,214.西岡ビル,2,1,5817
36.58068,136.61581,103.イオンタウン金沢示野,11,1,4217
35.650992,139.773789,B4-43.HARUMI FLAG SUN VILLAGE,7,2,4763
34.682648,135.180966,48.神戸中央郵便局,8,1,5573
35.142444,136.898113,641.名鉄協商パーキング金山西第10,5,1,4742
35.6915,139.7621,A2-04.ちよだプラットフォームスクウェア,9,1,10011
35.619774,139.675895,J1-67.柿の木坂アベニュー,5,12,5206
35.622954,139.750593,I1-35.シーフォートスクエア,21,10,10615
26.211776,127.675109,T-18.旭橋駅①（国道58号）,17,1,4132
35.589794,139.666955,K1-100.多摩川台公園,0,7,199
35.06961,134.00335,008.市役所北西,3,1,3121
34.426265,135.49624,和泉市北田中町１２２付近,0,1,3904
33.24423,131.59017,124.ローソン大分王子町店,1,1,4434
34.70866,135.50277,A-88.エステムプラザ梅田・中崎町3ツインマークスSR,10,2,4356
34.67856,135.47991,D-40.エステムコート阿波座プレミアム,2,2,4355
35.444384,139.637486,203.BASEGATE 横浜関内,3,4,5552
34.3919,132.46683,203.クインテッサホテル広島銀山町,24,1,5310
35.168032,136.933715,635.シャンテちくさ,3,1,4760
31.915267,131.426445,HAROW広島通ポート,10,1,5713
35.668224,139.732821,C3-39.赤坂レジデンシャルホテル,11,3,4430
35.12554,136.873369,770.昭和橋,3,1,5719
35.137054,136.858768,615.荒子観音寺 東門,3,1,4538
35.664741,139.750969,C1-90.BIZCORE西新橋,10,3,3986
35.71638,139.7053,D7-18.メイクスデザイン高田馬場,3,5,5411
34.731306,135.496446,K-34.オクトレーベン新大阪,5,2,5034
34.61842,135.558161,U-11.HTP 平野南１丁目,4,2,5888
35.640017,139.748939,C5-58.VORT芝浦WaterFront,2,3,3985
38.26233,140.8897,178.IS二十人町,6,1,5373
35.131433,136.945757,803.ローソン陽明小学校前店,3,1,6029
34.703652,135.221855,44.ローソン岩屋中町二丁目店,3,1,5332
34.46585,135.44922,いしたちはら公園,10,1,4423
35.646857,139.808912,H1-38.辰巳駅西口自転車駐車場,87,4,10206
34.65426,135.466374,P-24.ローソン泉尾七丁目店,7,2,4813
35.665628,139.750766,C1-92.エステムプラザ愛宕虎ノ門レジデンス,3,3,4979
35.72458,139.82043,G2-16.レガスタ東向島,5,15,4249
35.155923,136.892945,593.コーポ松重,4,1,4381
34.683881,133.919646,M089.ファミリーマート岡大前店,9,1,6062
34.377844,132.478722,037.セブン-イレブン広島出汐4丁目店,10,1,3291
35.594302,139.733533,I1-134.セントパレス南大井,4,10,4442
34.67638,135.51772,B-100.Metrosa谷町六丁目South,3,2,5035
35.704901,138.73434,01.塩山駅,50,1,8000
38.249878,140.884273,175.メルヴェーユ東八番丁,1,1,5057
34.676759,135.514634,B-98.アーバンステージ安堂寺1,2,2,4446
35.696711,139.776471,A3-49.プルータスビル1,4,1,3987
34.668054,135.495506,E-72.湊町リバープレイス1,9,2,5720
35.708265,139.751983,E1-06.文京シビックセンター,11,6,10232
34.506547,135.44689,和泉市北部　リージョンセンター,10,1,3527
34.45351,135.38944,ときわ公園,9,1,4424
35.16578,136.939172,591.メイクスWアート今池Ⅲ,3,1,4382
43.068988,141.316763,76.環状通北9条中大ビル前,13,1,5547
34.413948,135.491027,櫻泉會舘,10,1,3695
35.431151,139.628804,184.八幡町防災広場,28,4,4190
35.672199,139.803232,H1-242.木場MAビル,10,4,4176
35.189305,137.022979,614.カターラサンミ,4,1,4539
34.67955,135.50355,B-94.エステムコート心斎橋central,4,2,3977
35.167543,136.992484,783.コスモナーレ一社,6,1,5922
26.200893,127.674985,T-22.奥武山公園駅,12,1,4137
31.57755,130.5489,K1-20.サンエールかごしま,8,1,1551
36.55598,136.68486,104.浅野川すずかけ公園,0,1,4334
35.203654,136.983022,605.第二野村ビル,5,1,4457
34.50365,135.43821,Cafe FLAT,10,1,3993
34.66017,135.49807,E-61.エステムコート難波ミューステージ,3,2,4359
34.681681,135.434267,J-04.上方温泉一休,10,2,7913
36.069416,136.212244,【臨時】西公園,3,1,4449
35.72653,139.80019,F3-12.レピュア南千住レジデンス,4,18,4251
35.713526,139.70115,D3-21.高田馬場,13,5,4252
43.061863,141.332229,63.NX商事知事公館前ビル前,14,1,2731
35.611985,139.726749,I1-132.そよかぜ公園,4,10,4398
34.346741,134.053844,025.GRANLAB 高松丸の内,6,1,4079
34.336319,134.051566,026.NTT西日本香川支社 スロープ下,2,1,4080
31.91644,131.4256,宮崎中央郵便局ポート,10,1,3830
35.752217,139.571095,T2-28.ファミリーマート 南大泉六丁目店,9,9,10522
35.196793,136.914076,784.メゾンエルブロック,11,1,5921
34.653734,135.492829,E-17.コーナンJR今宮駅前店,6,2,7920
35.17295,136.893143,314.ジャストインプレミアム名古屋駅,5,1,1728
34.594228,135.503263,S-12.JR杉本町駅,12,1,4148
33.23542,131.60768,02.トヨタカローラ大分 祝祭の広場,26,1,85002
34.685236,135.547165,L-33.オルフェア緑橋,8,2,5997
34.416,132.45905,198.ユアーズ 楠木店,20,1,5055
26.206209,127.652196,T-28.那覇空港(駅下),4,1,5534
35.637115,139.749079,C5-66.ブランズ芝浦,6,3,5889
34.673135,133.926464,M087.ファミリーマート岡山番町店,4,1,6048
34.66836,135.46982,O-24.エステムコート難波WEST-SIDE5アジュール,10,2,4323
35.608768,139.737264,I1-135.南品川６丁目,5,10,4443
26.210999,127.675566,T-19.旭橋駅②（久茂地川）,17,1,4133
35.183084,137.038907,569.長久手市文化の家 楽屋口駐輪場,4,1,4049
35.643239,139.709329,M3-27.VORT恵比寿Dual's,5,8,4178
35.181544,137.038988,571.桧ケ根公園 西側入口(長久手市中央図書館 入口)前,6,1,4051
26.193401,127.694835,T-26.真玉橋（南）,14,1,4143
43.071112,141.331188,26.桑園ウエストプラザ,29,1,86026
35.174471,136.920728,751.第一富士ビル,8,1,5545
35.762395,139.641522,T2-52.田柄中央児童公園,5,9,1129
35.145951,136.897487,611.メイフィス金山西ビル,3,1,4759
35.667382,139.772609,B3-27.リパーク築地3丁目第2,23,2,4586
35.184048,137.048139,568.長久手市役所 西庁舎入口前,3,1,4048
35.707853,139.751518,E1-04.礫川公園,37,6,10230
34.44534,135.57234,河内長野市民総合体育館,10,1,4240
34.67691,135.50686,B-95.エステムコート心斎橋アルテール,3,2,4324
35.66992,139.66139,L1-48.ARKMARK代田橋,5,17,5418
35.760623,139.586922,T2-101.大泉図書館,8,9,4180
35.137696,136.963403,575.八事駅前,6,1,4052
36.35318,138.16195,U-17.別所温泉駅,4,1,815
35.167769,137.033855,570.長久手市杁ケ池体育館 入口前,6,1,4050
34.705731,135.537609,L-22.野江3丁目12-2,5,1,4239
36.577124,136.652214,78.此花町緑地,6,1,4099
35.719421,139.725584,E2-05.護国寺駅西自転車駐車場,23,6,10238
38.248804,140.874989,166.松源寺,8,1,4648
35.743494,139.574758,T2-102.南大泉図書館,3,9,4179
26.196591,127.666739,T-23.小禄駅,7,1,4138
36.579723,136.649338,77.金沢駅（金沢フォーラス横）,24,1,4098
35.173852,136.989211,595.平和が丘アクシオン,3,1,4383
35.629912,139.671038,J1-70.東が丘 - 駒沢,32,12,5343
34.45553,135.56912,apollostation 河内長野 SS,10,1,4241
35.65084,139.756532,C5-61.ブルーフロント芝浦タワーS,15,3,4224
26.17742,127.681682,T-17.豊見城市役所（豊見城中学校前）,11,1,4030
35.694623,139.77433,A3-53.リパーク神田東松下町第２,28,1,4792
34.65459,135.50686,E-60.エステムコート難波サウスプレイス7リアン,5,2,4325
35.611878,139.747725,I1-34.NTT品川ビル,1,10,10595
31.59548,130.564225,K1-31.かごしま水族館,14,1,4135
34.36671,132.4456,168.スパーク光南店,5,1,4055
35.657602,139.634448,L1-47.経堂赤堤通り団地,6,17,5306
35.702182,139.674851,N3-23.パークサイドレジデンス,3,13,4628
35.702304,139.768581,A3-52.ISM御茶ノ水,2,1,4793
34.36567,132.46186,169.スパーク御幸の杜店,12,1,4056
35.623215,139.668472,J1-27.衾町公園,7,12,10888
35.691456,139.762228,A2-31.ちよだプラットフォームスクウェア（道路側）,8,1,5045
34.43609,135.55127,道の駅 奥河内くろまろの郷,10,1,4243
36.564989,136.646554,83.長町二丁目緑地,1,1,4104
35.737901,139.611311,T2-103.南田中図書館,3,9,4184
35.140994,136.90227,596.名鉄協商パーキング金山駅南第2,2,1,4384
35.622371,139.737457,I1-40.御殿山トラストタワー,52,10,10640
35.669326,139.798812,H1-217.株式会社前川製作所（東側）,8,4,3084
34.709096,135.490989,A-76.ドルチェヴィータ新梅田,2,2,3133
33.22864,131.60974,138.金池マンションA棟,1,1,6042
35.673192,139.727977,C3-42.AB赤坂ビル,13,3,4791
38.247576,140.894781,162.成田町 箱石神社前,4,1,4616
34.36621,132.4313,167.スパーク江波店,6,1,4054
26.185636,127.674672,T-15.海軍壕公園,10,1,3996
35.166822,136.897365,233.名鉄協商パーキング伏見通御園,5,1,1165
35.72855,139.80055,F3-10.レオーネ南千住,8,18,4226
38.245233,140.889875,155.畳屋丁カフェ前,15,1,4151
35.165932,136.885827,006. 名鉄協商  コンピュータービル,6,1,87006
36.582273,136.667759,109.神宮寺Hikariラボ,5,1,4652
33.23091,131.63504,110.久光大分前,8,1,2975
34.343741,134.054724,030.テックパーキング今新町第1,4,1,4084
35.664479,139.743731,C1-34.城山ガーデン,17,3,10313
36.06019,136.21784,14.ヨリバ,4,1,2704
35.612979,139.647472,L1-40.ARKMARK等々力,8,17,4693
34.660435,135.522647,F-27.コーシャハイツ北山,3,2,4373
34.397237,132.428008,030.西広島駅南駐輪場,15,1,3230
26.176053,127.640216,T-11.瀬長島ウミカジテラス前,10,1,3994
35.611721,139.727126,I1-154.ロアール西品川,29,10,5422
36.562908,136.652382,80.香林坊にぎわい広場,11,1,4101
35.72355,139.83254,G4-26.MAXIV八広,8,15,4225
34.347086,134.057536,029.エコパーク城東町1丁目第1,6,1,4083
26.206014,127.678104,T-21.壷川駅,9,1,4136
35.715556,139.721988,E2-03.目白台運動公園,41,6,10236
35.204904,136.984268,592.メゾン喜多山,3,1,4350
34.3985,132.4782,019.グランアークテラス,10,1,3218
35.666784,139.692015,M5-24.AXAS代々木公園,5,8,5423
35.759774,139.6647,T3-39.平和台図書館,3,9,4182
34.340413,134.053475,038.アパホテル高松瓦町,2,1,4599
34.39384,132.44259,180.セブン-イレブン広島観音町店,11,1,4368
26.187093,127.681816,T-12.空手会館前駐車場（豊見城城址跡）,11,1,3995
36.589703,136.622722,85.藤江北中央公園,4,1,4105
35.653613,139.7937,H1-243.豊洲公園,10,4,4181
34.49798,135.40725,apollostation セルフ泉大津中央SS,11,1,3526
35.645682,139.748768,C5-33.msb Tamachi,35,3,10884
34.716707,135.541006,W-08.旭スポーツセンター,4,1,4899
35.176571,136.930097,636.エルザセンティア筒井,3,1,4761
34.828225,134.702335,60.ファミリーマート神屋町南店,0,1,6067
35.139376,136.961028,618.八事山興正寺駐車場,6,1,4619
34.841053,134.669345,46.ゆめタウン姫路,9,1,4353
31.804396,131.45974,M’s BASERESORTポート,0,1,4152
34.697818,135.519273,A-53.天満合同宿舎,6,2,1766
36.03898,136.217758,【臨時】越前花堂駅,4,1,4058
34.45443,135.56085,キックス（河内長野市立市民交流センター）,10,1,4244
35.404641,139.549706,【T-024】横浜市立大学舞岡キャンパス,5,3,3905
35.162895,136.879672,585.メイクス名駅太閤,3,1,4259
35.585269,139.726279,K1-06.大森駅入新井自転車駐車場,1,7,10290
34.990339,135.762865,KT448-NTT西日本 七条別館,9,1,4342
34.707603,135.546517,L-27.コーナン関目店,6,2,4770
35.198052,136.895843,578.城北町2丁目,0,1,4066
36.04521,136.22709,【臨時】福井南郵便局,2,1,4057
35.729153,139.741368,【一時休止】E4-15.千石4丁目,5,6,10734
36.594324,136.620681,86.石川県工業試験場,4,1,4106
34.38842,132.45257,219.中電病院,9,1,6041
35.682288,139.80473,H1-244.白河3丁目,16,4,4364
34.36188,132.46363,193.御幸ビル,9,1,4958
35.009031,135.744718,KT566-西ノ京勧学院町,7,1,5834
34.206618,139.133972,神津島,3,1,5444
34.66207,135.50394,E-57.エステムコート難波センチュリオ,10,2,3979
35.204118,136.983531,601.グランドハイツ喜多山,3,1,4482
34.350424,134.048427,035.日本生命高松駅前ビル,5,1,4403
34.681979,135.538572,L-24.コーシャハイツ森之宮,8,2,4374
35.682249,139.799937,H1-246.白河1丁目　大和物産　非常階段下,2,4,4363
34.840114,134.703297,43.寺田内科・呼吸器科,6,1,4142
43.064626,141.351159,59.駅前通miredo前,44,1,1516
34.834625,134.68279,42.姫路船場別院 本徳寺北,12,1,4140
31.817139,131.442557,MIYAZAKI BEACH CLUBポート,6,1,4404
37.92368,139.06211,15.ピアBandai,13,1,949
35.72677,139.79676,F3-11.レピュア三ノ輪レジデンス,6,18,4250
36.048293,136.216147,【臨時】赤十字前駅,3,1,4059
34.675108,135.41119,J-27.大阪北港マリーナHULL2,10,2,4329
26.192853,127.660881,T-25.赤嶺駅②（南口）,8,1,4141
34.440725,135.459631,はつが野2号公園,12,1,4650
34.617618,135.514011,Q-05.ローソン西田辺町二丁目店,5,2,6069
35.168452,136.884807,020.名鉄名古屋駅(4)(5),26,1,87017
35.18172,136.872838,581.栄生駅南ステーション,13,1,4260
35.205899,136.974164,640.中日新聞やまだ新聞店,3,1,4831
36.561533,136.630635,87.神田交通公園,20,1,4107
35.698045,139.642778,O4-10.OHREM新高円寺,15,14,4629
34.689592,135.460123,J-30.コーシャハイツ高見38,4,2,4376
34.679107,135.525148,B-96.コーシャハイツ法円坂,7,2,4375
35.134076,136.945391,621.名鉄協商パーキング田辺通,4,1,4620
34.383216,132.430703,109.ピュア―クック観音店,12,1,3309
34.4683,135.39891,apollostation 第二阪和岸和田 SS,9,2,4215
34.49957,135.43267,JR 信太山駅,10,1,4365
34.81744,134.681951,61.ファミリーマート姫路手柄店,3,1,6068
35.658011,139.727484,C2-35.VORT元麻布,3,3,4694
26.154707,127.665124,T-13.あおぞら広場,3,1,3997
34.678041,135.546121,H-29.ことり製作,7,1,5946
35.187291,136.913312,030.SAKUMACHI商店街（清水駅）,8,1,87026
34.41369,132.45836,166.セブンイレブン 広島楠木３丁目店,5,1,3972
36.064336,136.219117,04.中央公園（福井市役所）,8,1,1415
35.545697,139.709212,K1-208.アーバンネスト東京・仲六郷,5,7,4659
34.599196,135.492144,S-09.ローソン遠里小野店,10,2,6070
34.686201,135.513223,B-99.ローソン大手通二丁目店,1,2,4701
35.158668,136.906149,563.三十三銀行 上前津支店,1,1,3980
34.698832,135.508058,A-47.SNビル,8,2,1507
35.617808,139.780488,H1-263.テレコムセンタービル,3,4,4935
43.065719,141.338146,27.札幌総合法律事務所,15,1,86027
35.169119,136.926382,085.名鉄協商パーキング広小路車道第2,0,1,311
34.462388,135.370795,きしわだ自然資料館,3,2,4419
36.559129,136.65252,107.ホテルマイステイズ金沢片町,6,1,4484
34.39308,132.46463,184.広島三越,0,1,4480
34.65168,133.90252,M082.クラップス本社玄関横,5,1,5947
26.157109,127.651707,T-16.イーアス沖縄豊崎,8,1,3999
34.831953,134.705235,54.F acesia fougere,10,1,5046
35.191995,136.889486,588.名鉄協商パーキング浄心駅西第2,8,1,4320
34.806741,134.681954,55.飾磨区中野田2丁目161,13,1,5047
35.174316,136.902461,559.MLJ丸の内ビル,8,1,3981
35.194666,136.970578,562.ガーデンビル城下,3,1,3989
34.37305,132.4748,183.西旭町パーキング,9,1,4451
35.668419,139.724676,C3-24.SHARE GREEN 南青山 西エントランス,0,3,10610
34.45206,135.43033,山直市民センター,11,2,4174
36.586889,136.648988,91.北安江・安江住吉神社横,10,1,4111
34.652379,135.476338,P-25.ビーナスホーム千島園,7,1,4818
34.42963,135.43005,ゆめみヶ丘（岸和田市丘陵土地区画整理組合）,1,2,4173
34.3941,132.46448,185.タイムズ三越前パーキング,29,1,4481
38.225835,140.88361,157.LUNA長町駅前,8,1,4347
34.705916,135.50253,A-93.末廣荘,5,2,4591
43.056277,141.315967,07.富士メガネ円山店,23,1,86008
33.121807,139.815622,03.シーダイブ,16,1,3042
43.049724,141.354916,45.駅前通南9条,30,1,86046
34.69482,135.565592,M-10.川端ハイツ,13,2,4744
34.38714,132.4926,173.スパイラップガーデン大州(南側),4,1,4093
36.58215,136.646575,92.広岡・スコール金沢,17,1,4112
34.814954,134.684148,44.ドコモショップ姫路市役所前店,6,1,4144
34.626904,135.529702,R-40.ローソン東住吉田辺六丁目店,2,2,6072
35.619432,139.705854,I1-162.グランヴァン武蔵小山,25,10,5876
35.639132,139.793047,H1-149.有明ガーデン 公園口,20,4,126
35.18677,136.871088,094.ファミリーマート栄生二丁目店,3,1,342
35.656647,139.758301,C1-76.浜松町駅北口交通広場(ハマサイト前),14,3,760
34.48719,135.42413,和泉市いずみの国観光おもてなし処　和泉府中,11,1,3469
35.684185,139.688948,D6-35.サンパレス西新宿,6,5,5877
26.193361,127.660029,T-24.赤嶺駅①（北口）,4,1,4139
34.680755,135.451674,J-33.TSP此花レジデンスSHARE,3,2,4590
35.176787,136.867578,567.若鳩ハイツ,11,1,4031
31.913486,131.442637,大町前街区公園ポート,8,1,4937
34.3852,132.46125,182.中国新聞アド,2,1,4450
34.35606,132.46501,195.広島競輪場(西側),12,1,4960
38.270525,140.858309,159.スフィーダ仙台広瀬町,6,1,4499
35.636281,139.72283,C4-18.ジオグランデ白金台,5,3,4461
35.665093,139.775079,B3-26.三井のリパーク築地7丁目,30,2,4361
34.70245,135.561583,M-11.ローソン今福鶴見駅東店,5,2,6071
38.233879,140.89431,156.やまや若林西店,22,1,4345
35.129703,136.89194,574.メイクス熱田大宝,3,1,4062
35.648596,139.824936,H1-45.夢の島競技場,18,4,10224
34.613785,135.549313,U-04.ローソン平野喜連一丁目店,14,2,6074
35.200656,136.945639,602.新守山第1,0,1,4436
31.59676,130.5405,K1-21.かごしま環境未来館,13,1,1552
36.594058,136.669848,94.東金沢駅西口,12,1,4113
35.628585,139.643839,L1-37.桜新町交番前,1,17,4429
34.48362,135.38814,八幡山公園,9,1,4582
35.186227,137.022808,675.アスファリア,5,1,5537
34.668033,135.495186,E-73.湊町リバープレイス2,10,2,5721
34.616142,135.538346,R-41.ローソン東住吉湯里二丁目店,3,2,6073
35.644134,139.723432,C4-06.白金プラチナレジデンス,19,3,10825
35.466289,139.627331,005.横浜ベイクォーター,34,4,2004
34.609491,135.527681,R-37.鷹合団地,6,1,4033
34.461343,135.45347,中央公園,1,1,4651
35.145103,136.947912,572.名鉄協商パーキング五軒家町,3,1,4064
34.663092,135.499823,E-68.レック難波ビル,4,2,4589
35.639627,139.741358,C1-97.MoN Takanawa,15,3,5652
35.622075,139.725486,I1-131.大崎5丁目児童遊園,4,10,4399
34.737734,135.48484,K-32.セレパーク三国本町,7,2,4592
34.337963,134.043345,041.テックパーキング八本松第１,5,1,4602
34.4396,135.43723,猿とモルターレ,1,2,4452
43.060673,141.340511,08.グランドメルキュール札幌大通公園,28,1,2742
36.052106,136.191973,【臨時】福井市立みどり図書館,5,1,5576
35.64981,139.774995,B4-51.HARUMI FLAG PARK VILLAGE,3,2,4764
35.197691,136.965428,573.名鉄協商パーキング瓢箪山駅前,3,1,4065
35.444105,139.636138,001.関内駅,21,4,2000
31.895126,131.430822,城ヶ崎街区公園ポート,3,1,4939
35.61285,139.73677,I1-133.AXAS品川大井町,2,10,4469
36.543696,136.649739,98.泉野おあしす広場,19,1,4115
34.691375,135.48911,A-86.中之島５丁目ポート,33,2,4034
35.698817,139.778898,A3-05.和泉公園（西側入口）,8,1,10017
34.989447,135.751147,KT253-龍谷大学 大宮キャンパス東黌,12,1,2666
35.456437,139.631672,020.美術の広場前,27,4,2017
34.66459,133.91761,M001.岡山駅東口,26,1,5578
35.008707,135.760415,KT446-NTT西日本 京都支店,12,1,4340
34.45848,135.38514,岸和田市保健センター,2,2,5061
35.196637,136.890236,305.猪村ビルディング,6,1,1619
34.45501,135.37911,野田公園,1,2,4781
35.14036,136.944985,587.名鉄協商パーキング石川橋,6,1,4317
35.11124,136.929285,756.ファミリーマート呼続二丁目店,5,1,5532
35.445948,139.643317,004.都市発展記念館（日本大通り駅）,28,4,2003
35.723812,139.723753,E3-11.文京区大塚6丁目,2,6,5878
35.657571,139.817351,H1-259.潮見駅前プラザ二番街,7,4,4765
35.123655,136.963184,692.ファミリーマート天白元八事店,4,1,5069
36.59011,136.61343,105.松村一丁目,7,1,4387
35.628938,139.63475,L1-46.サンヒルズ用賀,6,17,5038
34.46146,135.36307,浜工業公園,11,2,4425
35.640398,139.704069,J1-37.中目黒公園,21,12,146
35.440988,139.647914,006.元町・中華街駅駐輪場,16,4,2005
35.162167,136.914591,594.名鉄協商パーキング丸田町第4,1,1,4437
35.68695,139.807454,G4-24.ヴェルデベント,0,15,4036
31.91365,131.409289,下水流街区公園ポート,3,1,4941
34.471371,135.412506,美織（株）,3,2,4322
34.45203,135.37656,ハイネスＵ,9,2,4216
35.460049,139.630357,018.横浜メディアタワー,0,4,2015
35.103046,136.955775,669.ファミリーマート天白野並二丁目店,4,1,4912
35.122586,136.913164,616.名鉄協商パーキング神宮前第6,7,1,4536
35.727639,139.578217,T2-104.エミキューブ武蔵関,15,9,4400
31.9164,131.42404,山形屋前ポート,0,1,3827
35.437811,139.616954,187.京急南太田１丁目マルチモビリティステーション,38,4,4397
35.450495,139.636086,012.馬車道駅,21,4,2010
31.823748,131.446222,ひなたひむかスタジアムポート,15,1,4067
35.456129,139.619784,091.京急戸部駐輪場,11,4,2051
35.611442,139.741708,I1-153.AXAS南品川,3,10,5419
35.144182,136.910812,600.江端歯科,4,1,4487
35.650699,139.829178,H1-240.夢の島熱帯植物館,10,4,4035
35.440951,139.634235,196.日ノ出川公園,9,4,4887
35.444357,139.643649,014.NTTル･パルク山下駐車場,23,4,2011
34.705682,135.489273,A-03.新梅田シティ,3,1,7831
36.582964,136.623188,112.藤江南・からさわ旅館,7,1,5938
35.681138,139.690641,M5-23.ザ・メナーエス,21,8,4766
31.89238,131.430394,片平街区公園ポート,5,1,4938
35.708121,139.763583,E5-01.文京総合体育館,29,6,10244
36.587268,136.675705,95.鳴和駐輪場,2,1,4119
35.467451,139.505999,【A-003】三ツ境駅北口第三駐輪場,6,3,804
37.907618,139.046373,40.上所駅北口仮設駐輪場,14,1,4394
34.35895,132.44349,181.中工場,18,1,4433
35.622415,139.724408,I1-145.都五反田ビル東館,2,10,5039
35.201742,136.915249,688.ファミリーマート志賀町店,3,1,5063
35.435436,139.617976,106.セブン-イレブン横浜吉野町駅前店,10,4,2043
34.39532,132.48668,192.林ビル,4,1,4957
35.6931,139.7599,A2-09.テラススクエア,2,1,10038
34.696803,135.193154,39.エステムコート三宮駅前Ⅱ,5,1,4670
35.199614,136.973725,566.名鉄協商パーキング小幡駅南第3,3,1,3982
38.26325,140.89191,192.east STUDENT COURT,0,1,5661
35.198325,136.906784,687.ファミリーマート金城町二丁目店,12,1,5064
35.114525,136.93669,779.イオンモール新瑞橋,4,1,5869
35.176089,136.90128,009. 名鉄協商パーキング丸の内PB,6,1,87010
34.700439,135.473595,C-26.Luxe海老江2,7,2,4445
35.203967,136.900609,690.ファミリーマート名北平手町一丁目店,0,1,5062
35.712575,139.780525,F6-03.台東区役所,2,18,4037
38.26966,140.86755,191.sendai STUDENT COURT,3,1,5660
36.554839,136.657245,59.ファミリーマート金沢幸町店,2,1,89060
34.667297,135.399081,J-23.まいしまマルシェ（舞洲マルシェ）,10,2,1966
31.820105,131.448122,ひなた木の花ドームポート,15,1,4068
38.271804,140.854277,46.朝日プラザ柏木,8,1,56
34.682578,135.185005,37.かもめりあポート,6,1,3990
35.62584,139.68823,J1-66.レピュア学芸大学レジデンス,8,12,4585
35.161885,136.960427,617.名鉄協商パーキング城山中学校東,3,1,4537
35.632484,139.747388,C5-62.ロイヤルパークス品川,9,3,4360
34.38585,132.45398,175.ドコモ広島大手町ビル,16,1,4125
34.66753,133.91771,M003.岡山駅西口A,21,1,5580
35.672481,139.835877,H1-47.トピレックプラザ,18,4,10266
35.661475,139.699296,M3-09.ティップ.クロス TOKYO 渋谷,15,8,10543
35.665214,139.757008,C1-68.桜田公園,24,3,11034
35.65989,139.71696,C3-40.VORT南青山Ⅰ,5,3,4660
34.693083,135.193818,01.三宮駅前,30,1,3500
35.200315,136.976692,598.小幡駐輪(駅南側),7,1,4409
35.67684,139.77876,B2-16.ホテルサードニクス東京,14,2,407
35.620699,139.730904,I1-27.小関橋公園,20,10,10569
35.665256,139.781973,B4-55.ヴィークブライト月島,1,2,4426
35.672409,139.710609,M4-18.ビラ・ローザ,7,8,4768
35.675198,139.663587,M6-03.十三号通り公園,2,8,10395
35.653531,139.769431,B4-18.豊海センタービル,15,2,10879
35.682324,139.701668,M5-27.リパーク代々木駅前,32,8,5890
35.430919,139.664483,107.本牧フロント,16,4,2083
35.668547,139.747175,C1-27.虎ノ門2丁目タワー,26,3,10192
36.58199,136.663713,96.ネッツトヨタ石川元町店,3,1,4120
35.720548,139.783104,F4-08.ディップス上野ノース,3,18,4038
34.38287,132.48445,125. ファミリーマート東雲本町店,5,1,624
34.716388,135.504459,A-92.インベスト北梅田,6,2,4447
35.441958,139.634809,023.横浜市技能文化会館,12,4,2019
35.683156,139.67338,M6-12.LIVART SEASON 幡ヶ谷,3,8,10910
35.121019,136.986608,672.ファミリーマート名古屋池場店,0,1,4915
34.819254,134.67493,48.兵庫県立武道館,15,1,4453
36.405197,138.247118,U-19.上田城跡北駐車場,2,1,4088
34.987062,135.760645,KT500-JR京都駅(北東広場),22,1,4623
34.827181,134.691738,56.姫路駅東口自転車駐車場前,4,1,5311
38.262424,140.879496,160.ベガスベガス名掛丁店,6,1,4500
34.678696,135.176024,38.オーゼットカーサポート,3,1,3991
35.209769,136.898214,762.稲生町杁先,7,1,5767
34.477184,135.391247,南海本線 春木駅前,7,2,4583
31.913084,131.414144,川野酒造ポート,4,1,4643
35.663251,139.757235,C1-89.VORT 新橋Ⅲ,2,3,3920
35.191878,137.003136,665.ファミリーマート名東延珠町店,6,1,4908
35.631763,139.737935,C4-20.アベニュー高輪,8,3,5436
34.821967,134.675123,49.慰霊塔前 ※下り坂注意,13,1,4454
35.111559,136.921519,682.ファミリーマート瑞穂明前町店,4,1,5067
35.468955,139.632614,027.アミティ横浜,2,4,2022
35.731879,139.671273,N2-12.新江古田自転車駐輪場,3,13,4041
26.230267,127.690398,26.りうぼう天久店,7,1,5049
35.673354,139.800597,H1-278.AXAS門前仲町レジデンス,4,4,5410
35.714044,139.61688,O3-07.NTT井草ビル第1ポート,5,14,736
35.731427,139.649302,T3-49.豊玉中4丁目駐車場,5,9,5655
35.203809,136.912113,664.ファミリーマート黒川本通五丁目店,2,1,4907
35.71475,139.65359,N1-10.AXAS中野大和町,1,13,4472
34.719306,135.523499,G-32.TSUTAYACLUB トーワブックス毛馬店前,3,2,4123
35.665218,139.750827,C1-37.KDX西新橋ビル（北側）,4,3,10428
34.37873,132.47454,170.セブン-イレブン広島出汐１丁目店,3,1,4089
34.62749,135.482605,I-26.コーナン南津守店,9,2,4814
35.557721,139.719919,K1-245.ロアール蒲田,7,7,5838
34.822289,134.677228,50.手柄山立体駐車場,13,1,4455
34.6854,135.17702,42.エステムコート神戸元町通Ⅱリザーヴ,6,1,4928
34.664879,135.464147,O-25.エステムコート大阪ベイエリア,4,2,4412
35.123207,136.916646,652.名鉄協商パーキング新開町,6,1,4773
35.104861,136.927346,662.ファミリーマート名古屋大磯通店,0,1,4905
35.472473,139.620215,185.プレディア横浜高島台,4,4,4246
36.062804,136.240577,【臨時】パリオCiTY,2,1,4488
35.651382,139.724392,C2-27.有栖川宮記念公園第一,17,3,2200
35.444997,139.646478,073.横浜山下町スペースバリュー,13,4,2061
34.4687,135.3957,岸和田市民総合体育館,1,2,4584
38.265773,140.903847,158.原ノ町ショッピングセンター,3,1,4486
35.508566,139.532118,【M-011】森の台中ノ谷公園,7,3,2528
34.45647,135.42086,久米田公園岡山北側,6,2,5816
35.747776,139.648052,T3-45.ロアール練馬豊島園,13,9,5453
35.453891,139.6383,028.横浜ワールドポーターズ,18,4,2023
35.611126,139.705487,I1-146.コーナン品川旗の台店,5,10,5043
36.061486,136.222531,01.ウェルカムセンター（福井市観光案内所）,4,1,1412
35.66495,139.750459,C1-38.KDX西新橋ビル（西側）,3,3,10429
35.436195,139.661831,194.中スポーツセンター,8,4,4817
35.169326,136.885562,473.エニシオ名駅,3,1,3066
35.675252,139.782729,B2-25.アイフェリーク八丁堀,1,2,4542
33.2367,131.59819,123.田室公園前,0,1,4237
35.129673,136.984637,693.ファミリーマート天白植田一丁目店,0,1,5070
35.168288,136.974704,668.ファミリーマート千種猫洞通店,4,1,4911
34.436811,135.465592,はつが野6号公園,10,1,4649
34.45626,135.41195,久米田公園池尻,12,2,5815
35.449408,139.632103,003.桜木町駅駐輪場,31,4,2002
35.458805,139.632938,033.MMパークビル,28,4,2080
34.690028,135.498929,B-22.三交イン大阪淀屋橋,11,2,7864
34.662654,135.485176,E-66.Luxe難波WEST,5,2,4473
35.690434,139.828789,H1-249.AXAS-IARETH西大島,8,4,4543
34.685115,135.488884,D-10.ローソン京町堀三丁目店,1,2,7853
35.170957,136.898523,629.名鉄協商パーキング錦2丁目第12,4,1,4645
34.36503,132.45828,194.La Soiree Ujina,4,1,4959
31.916493,131.430883,KITEN北側ポート,6,1,4485
35.685338,139.777825,B1-35.Daiwa terrace日本橋,0,2,5044
31.914945,131.434925,宮崎中央公園ポート,5,1,3826
35.70818,139.810028,G2-24.業平1丁目,18,15,5879
35.133527,136.90293,684.ファミリーマート熱田五本松町店,3,1,5065
35.126084,136.997296,671.ファミリーマート天白原一丁目店,2,1,4914
35.692278,139.740643,A1-23.麹町郵便局,3,1,5891
34.663755,135.48018,P-21.エステムコート難波WEST-SIDE4ザ・フォース,7,2,4413
34.658709,135.48729,E-64.Luxe難波西2,3,2,4474
35.619513,139.70433,I1-120.ファイブ店（エンジェルファイブ店　屋上駐輪場）,3,10,3028
34.670946,135.543177,H-07.地下鉄今里駅地下駐輪場,4,2,659
35.151863,136.865976,622.名鉄協商パーキング烏森駅南第4(北側),4,1,4621
35.455794,139.631306,032.ランドマークプラザ,22,4,2027
34.65821,135.487165,E-65.Luxe難波西3,4,2,4475
35.672714,139.837914,H1-102.ファミリーマート東砂七丁目店,14,4,10711
34.648302,135.781885,49. NTT西日本大和郡山ビル,1,1,4795
35.167747,136.94643,610.池下自転車駐車場,5,1,5769
35.444585,139.64209,050.中区役所,33,4,4195
35.580689,139.72736,K1-221.プライムネクサス大森北,8,7,5359
34.730827,135.503068,V-03.エステムコート新大阪8レヴォリス,12,2,2180
35.455322,139.630287,034.横浜ロイヤルパークホテル,44,4,2028
31.935154,131.46552,シーガイア・フォレスト・コンドミニアムポート（社会実験中）,5,1,4605
35.150871,136.966128,584.WELLコート山手,4,1,4439
35.700453,139.798978,G4-06.ドムス・スタイル両国,7,15,1172
35.72727,139.79183,F4-09.レオーネ三ノ輪,3,18,4544
35.130666,136.918924,681.ファミリーマート瑞穂二野町店,1,1,5066
35.624473,139.63291,L1-49.エクセル用賀,4,17,5463
33.23148,131.6121,125.ローソン大分顕徳町店,5,1,4435
35.651979,139.808412,H1-248.STビル辰巳別館,0,4,4530
34.3371,134.04894,047.セントラル田町ビル No.1,2,1,5835
34.39396,132.4651,189.新広島ビルディング,3,1,4797
33.24087,131.60973,37.大分市保健所,6,1,85037
35.203523,136.983647,604.第一野村ビル,3,1,4456
35.11225,136.987628,673.ファミリーマート天白土原店,1,1,4916
35.133968,136.938833,680.ファミリーマート瑞穂汐路町店,7,1,5073
34.66542,133.92986,M008.岡山シンフォニービル前,34,1,5585
34.909665,135.01692,兵庫教育大学,9,1,4490
38.27227,140.89341,193.White Court,0,1,5662
34.656559,135.495061,E-67.エルミタージュ難波南5,2,2,4477
35.655865,139.730566,C2-10.元麻布三丁目,24,3,10205
34.350265,134.047141,033.高松駅高速バスターミナル前,5,1,4209
26.52795,127.93929,O-7.ザ・リッツ・カールトン沖縄,5,1,2884
34.681915,135.825142,50. NTT西日本奈良三条ビル,8,1,4796
35.45843,139.63468,068.OCEAN GATE MINATO MIRAI,25,4,2056
35.191302,136.904091,370.ファミリーマート名城公園北店,4,1,2188
34.639869,135.476158,P-22.グリーンコーポ大正,6,1,4492
35.455912,139.629498,035.KDX横浜みなとみらいタワー,27,4,2029
34.33706,134.04916,048.セントラル田町ビル No.2,3,1,5836
34.657869,135.488715,E-63.Luxe難波西1,5,2,4476
35.108112,136.954005,765.名鉄協商パーキング野並小学校西(1),3,1,5770
35.645078,136.03411,18.敦賀市立看護大学,5,1,4675
35.669507,139.825553,H1-65.ローソン南砂日曹橋店,14,4,10344
34.42208,132.46101,188.PHENIX保田,6,1,4644
35.697554,139.768533,A3-57.神田郵便局①,2,1,5892
35.498413,138.769346,河口湖駅,10,3,4549
35.586408,139.705425,K1-96.西馬込駅前自転車駐車場,14,7,11031
34.337502,134.046712,024.高松セントラルスカイビル,5,1,4078
35.108079,136.954213,766.名鉄協商パーキング野並小学校西(2),4,1,5771
35.164907,136.935845,303.NTT千種第二ビル,0,1,1617
35.191704,136.93729,655.JR大曽根駅(北改札),5,1,4918
35.667041,139.769187,B3-28.京橋郵便局,2,2,5894
31.959666,131.469541,フェニックス・シーガイア・オーシャン・タワーポート,3,1,4604
35.448529,139.640649,041.神奈川県庁西庁舎,32,4,2084
35.133169,136.96575,603.表山2丁目,5,1,4458
35.681399,139.666572,N4-08.中野区南台4-21-3,10,13,5211
35.140389,136.92722,678.ファミリーマート昭和広見町二丁目店,3,1,5074
35.67777,139.80549,H1-251.レオーネ清澄白河,15,4,4532
31.908057,131.397683,宝塚１号街区公園ポート,4,1,4944
34.685455,135.440539,J-29.コーシャハイツ酉島,8,2,4377
35.174169,136.901258,348.丸の内2丁目,5,1,1885
35.180519,136.856782,612.日比津町4丁目,4,1,4550
34.439638,135.463116,くすのき公園,8,1,4431
43.066893,141.368757,75.JA北海道厚生連 札幌厚生病院,20,1,4501
35.689797,139.806081,G4-28.オルエ菊川,1,15,4533
33.24752,131.59736,21.ＴＯＳハウジングメッセ,1,1,85021
35.446376,139.622949,049.野毛山動物園,38,4,2042
34.704479,135.581192,M-09.グルメシティ鶴見店,9,2,4479
35.123413,136.906992,686.ファミリーマート熱田白鳥三丁目店,5,1,5068
35.460381,139.624389,051.高島駐輪場,11,4,2044
35.62257,139.699875,J1-65.目黒本町3丁目,7,12,4309
35.442141,139.652282,048.港の見える丘公園(フランス橋),14,4,2040
34.664664,135.499353,E-42.Osaka Metroなんばビル,9,2,3021
35.57474,139.68174,K1-195.AXAS鵜の木アジールコート,7,7,4308
35.439615,139.628813,063.セブン-イレブン横浜弥生町3丁目店,10,4,2057
35.579218,139.75492,K1-201.大田市場花き棟,7,7,4494
35.449977,139.646107,046.大さん橋国際客船ターミナル,9,4,2034
35.464305,133.062334,M01.松江駅 松江テルサ前,24,2,4999
33.118708,139.802901,05.縁日,5,1,3044
35.697375,139.768748,A3-58.神田郵便局②,8,1,5893
35.47827,133.04593,M04.堀川遊覧船 ふれあい広場乗船場,4,2,5052
35.097745,136.927194,772.名鉄協商パーキング笠寺駅前第2,5,1,5868
34.695544,135.528954,G-15.ファミリーマート京橋駅西店,17,2,113
35.462633,139.635047,172.パシフィコ横浜ノース駐輪場,9,4,2924
35.70488,139.689312,D5-12.ARKMARK東中野,6,5,4310
34.44767,135.46055,かぐらざき公園,1,1,4432
34.66533,133.92304,M006.西川緑道公園電停,27,1,5583
34.68449,135.47292,C-27.ディクス福島レジデンス,8,2,4444
35.471354,139.589251,H-028.横浜国立大学南門下駐輪場,6,4,5354
34.702298,135.523986,G-14.ドリームネオポリス桜ノ宮,4,2,7980
35.172442,136.889796,421.国際センター北自転車駐車場,5,1,2770
35.47356,133.05205,M03.松江城 大手前広場,5,2,5050
35.468179,139.631114,061.三菱重工ポートサイドビル−２,9,4,2052
35.642993,136.058129,17.福井県敦賀合同庁舎,8,1,4676
34.39021,132.45923,144.We Base 広島,2,1,2730
34.39392,132.47196,191.坪田ビル,4,1,4798
34.651158,135.505278,E-03.KOKO HOTELS,9,2,7830
34.51523,135.53882,apollostation セルフ堺草尾SS,10,1,4493
34.336224,134.051376,028.NTT西日本香川支社 ビル横,3,1,4082
34.682274,135.511019,B-97.エグゼ堺筋本町,3,2,4478
36.592915,136.635325,106.駅西新町・アプレシオ金沢駅西店,3,1,4389
34.687507,135.498208,B-15.ユーレジデンス淀屋橋,5,2,7851
34.701777,135.491255,A-87.グラングリーン大阪 南館,20,2,4073
35.120385,136.910338,609.熱田神宮伝馬町駅自転車駐車場,9,1,4535
35.444358,139.627854,064.吉田興産P9,8,4,2049
35.457627,139.632316,037.MARKISみなとみらい,45,4,2031
36.591258,136.645556,90.諸江町・アル・プラザ金沢店,6,1,4110
35.161512,136.889773,632.第5ワカサビル,7,1,4642
34.64716,133.91114,M002.大元駅東口,41,1,5579
34.648101,135.447627,O-29.オカダアイヨン本社,12,1,5870
34.37525,132.4585,186.千田町3丁目　株式会社ハナキ,5,1,4491
35.434407,139.61473,158.蒔田公園,17,4,1962
35.65974,139.694256,M3-25.VORT渋谷松濤residence,5,8,3919
35.175061,136.86457,187.名鉄協商パーキング鳥居通,3,1,875
35.7527,139.6385,T1-19.レヴィーガ練馬春日町駅前 ,7,9,4545
31.911578,131.384588,大塚台市営住宅前ポート,4,1,5904
35.67288,139.779714,B2-24.ARKMARK八丁堀ASYLCOURT,3,2,4777
34.718322,135.513119,A-81.エステムコート梅田・天神橋リバーフロント,10,2,3499
35.637324,136.057511,19.ニューサンピア敦賀,5,1,4677
35.440582,139.632243,052.伊勢佐木長者町駅駐輪場,10,4,2045
34.48511,135.44279,黒鳥山公園,0,1,4418
35.692997,139.780301,A3-56.千代田区東神田1-1-8,7,1,5900
34.336948,134.035955,037.石清尾八幡宮 駐輪場,5,1,4519
34.341118,134.038193,007.香川証券駐車場,6,1,3654
35.171655,136.891745,160.名駅東ビル,1,1,670
35.157125,136.880076,597.エステムコート名古屋ライブゲート,5,1,4390
35.628116,139.713149,I1-39.MID POINT 目黒不動前,3,10,10624
35.207429,136.951245,656.JR新守山駅,5,1,4920
35.640881,139.788577,H1-247.有明親水海浜公園,21,4,4496
31.91703,131.43054,モナコパレス１０００宮崎駅前店ポート,7,1,3873
35.453976,139.61614,079.戸部公園,1,4,2068
34.647245,135.485138,I-28.神明株式会社 駐車場内,0,1,5349
35.203108,136.916352,404.長喜温泉,1,1,4551
36.5764,136.649842,02.金沢駅東A,12,1,89002
38.261369,140.875215,07.ハヤサカサイクル仙台中央店,2,1,7
35.555178,139.709087,K1-207.道塚南公園,3,7,4627
34.342604,134.047765,036.明治安田生命高松ビル,8,1,4518
35.70376,139.784373,F1-01.コンシェリア御徒町,1,18,1913
33.22635,131.59506,76.豊和銀行 大道支店,0,1,85083
35.204827,136.984491,658.メゾン喜多山(南側),9,1,4921
34.705222,135.502424,A-69.中崎西2丁目43番3,8,1,2530
35.677782,139.776832,B2-23.八丁堀１丁目（月極駐車場裏）,19,2,4311
35.186118,136.887934,487.花の木1丁目,4,1,3142
34.6564,133.91193,M012.岡山商工会議所,48,1,5589
35.585423,139.711161,K1-202.馬込アートギャラリー,8,7,4495
34.642387,135.548028,N-29.巽南1丁目 GRAN17前 サイクルポート,2,2,4326
35.386752,132.690003,I08.旧大社駅,3,1,5871
34.606525,135.484189,T-22.大阪南関電ビル,5,1,5351
35.617489,139.717475,I1-130.戸越銀座-平塚,3,10,4312
35.766565,139.66138,T3-43.ローソン練馬北町二丁目店,7,9,5378
31.903486,131.406403,大坪１号街区公園ポート,6,1,4945
35.642214,139.670843,L1-50.Face 三軒茶屋,7,17,5524
34.693929,135.502826,A-91.大阪市役所,4,1,4408
35.698147,139.693804,D6-38.リヴシティ新宿弐番館,2,5,5954
34.348284,134.047527,034.高松第一生命ビルディング新館（西内町駐車場）,4,1,4366
34.397805,132.478072,001.広島駅北口第一駐輪場,3,1,3200
35.684523,139.720519,D1-03.新左門児童遊園,3,5,10180
35.559937,139.710432,K1-203.セブン-イレブン西蒲田環八通り店,6,7,4606
35.733741,139.754884,E4-19.AXAS文京本駒込,3,6,5424
35.433045,139.663724,084.美濃屋あられ製造本舗,11,4,2073
36.069425,136.240053,【臨時】福井県立病院,2,1,4679
34.65613,133.92772,M014.天瀬,13,1,5591
35.68663,139.799529,H1-163.森下公園,4,4,702
35.647402,139.818409,H1-255.東京辰巳アイスアリーナ,6,4,4632
31.960316,131.442962,蓮ヶ池駅ポート,6,1,4947
35.644772,136.074507,16.TSURUGA POLT SQUARE otta,5,1,4678
33.23241,131.58031,88.こばと児童公園,5,1,85052
35.625097,139.707111,I1-150.リパーク小山台１丁目第９,21,10,5502
35.173636,137.079368,288.名鉄協商パーキング愛･地球博記念公園西,6,1,1490
35.207584,136.923415,689.ファミリーマート名北辻町二丁目店,1,1,5078
35.125963,136.953165,599.麻里デンタルクリニック,10,1,4462
38.268109,140.862361,72.宮城県建設産業会館前,6,1,31
35.178861,136.890162,140.ディアレイシャス浅間町,0,1,475
35.71401,139.8178,G2-17.レピュア押上レジデンス,3,15,4587
35.174831,136.936866,254.ファミリーマート都通二丁目店,0,1,1258
34.65837,133.9267,M013.新西大寺町,35,1,5590
34.38435,132.45414,151.広島銀行大手町支店,8,1,3365
35.441456,139.637149,062.セブン-イレブン横浜不老町1丁目店,13,4,2053
35.434716,139.627389,060.南区総合庁舎,7,4,2050
34.336302,134.051724,027.NTT西日本香川支社 公衆電話横,6,1,4081
34.739153,135.489947,K-33.グランカリテ新大阪WEST,11,2,4778
35.171623,137.024945,659.名鉄協商パーキング熊田第1,3,1,4933
35.447165,139.644265,056.開港広場公園,36,4,2047
37.931628,139.045396,47.日和山,6,1,4502
35.44666,139.635458,019.りそな銀行,7,4,2016
34.71139,135.53286,G-28.ゼオン大阪イースト,10,2,3181
35.464864,139.624168,075.横浜スカイビル前,9,4,2064
34.66984,133.93382,M018.後楽園前,16,1,5595
34.702793,135.506975,A-43.アーバネックス神山町ビル,13,1,1302
34.49818,135.55566,apollostation セルフ狭山中央SS,10,1,4391
35.470652,139.596164,H-030.横浜国立大学南地区駐輪場,7,4,5356
35.140337,136.877166,697.ファミリーマート篠原橋店,2,1,5082
35.713885,139.79028,F2-08.アセンションアイディ浅草,5,18,4634
35.441812,139.643342,071.D-Parking 横浜中華街第1,13,4,2060
35.675586,139.82107,H1-256.南砂2丁目,23,4,4631
34.609045,135.541468,R-38.長居公園通り　住道矢田5丁目,11,2,4635
35.413005,139.499508,【I-009】ドコモショップ 立場店,4,3,1201
35.665379,139.795407,H1-252.東日印刷,1,4,4607
35.471625,139.596105,H-029.横浜国立大学横浜国大橋下駐輪場,13,4,5355
33.23171,131.5914,128.ローソン大分駄原店,3,1,4522
34.664305,133.920155,M055.第一セントラルビル1号館,8,1,5632
35.198858,136.950612,558.マ･メゾン,3,1,3928
34.725152,135.54435,W-06.第2山一ビル,5,2,4328
35.700699,139.832079,H1-272.リパーク亀戸5丁目,38,4,5437
35.168753,136.878504,328.サン･タウン名駅椿本館,4,1,1816
36.573534,136.654453,03.武蔵,12,1,89003
33.23878,131.60105,94. オアシスひろば21-B,0,1,145
35.199789,136.883109,353.ヨシヅヤYストア笹塚食品館,12,1,1934
35.458566,139.62837,126.神奈川大学みなとみらいキャンパス,19,4,355
35.569968,139.735946,K1-252.大田大森東3丁目,4,7,5895
35.166827,136.99281,771.名鉄協商パーキング一社駅前,2,1,5773
34.45215,135.3907,TETO TEYA,0,2,4732
35.6708,139.80452,H1-257.AXAS木場Asylcourt,5,4,4695
34.614538,135.487233,T-19.ローソン粉浜西三丁目店,3,2,4700
35.212988,136.900756,769.国土交通省庄内川河川事務所,7,1,5774
33.23222,131.61878,28.錦町2丁目交差点ポケットパーク,11,1,85028
35.553789,139.730668,K1-204.ランドリープレス糀谷駅前店,3,7,4658
35.47041,133.05329,M06.カラコロ工房,5,2,5054
35.1397,136.865613,696.ファミリーマート中川押元町店,3,1,5080
35.146443,136.864604,695.ファミリーマート辻畑町店,0,1,5081
34.70269,135.480234,A-14.エステムコート梅田北2ゼニス,3,2,989
35.442396,139.64984,191.クリオレミントンハウス山下公園,6,4,4669
34.67817,133.92018,M016.岡山県総合グラウンド,9,1,5593
38.261696,140.870877,174.MIテラス仙台広瀬通り,10,1,4948
34.688438,135.486402,A-94.セブン-イレブン大阪中之島6丁目店,4,2,4653
35.154171,136.956739,639.フォレスト伊勝町,2,1,4715
34.37692,132.47547,190.ヤマヤマミタ,9,1,4731
31.913907,131.42489,別府街区公園ポート,2,1,5658
34.680773,135.831702,17.猿沢イン,8,1,75018
35.701761,139.798342,G4-16.ライブカーサ両国Ⅲ,3,15,2748
35.70202,139.80768,G4-30.レピュア両国レジデンス,5,15,4610
35.70103,139.803341,G4-12.プレミアムキューブ両国,6,15,1786
35.466609,139.616962,186.タイムズ北幸第6,30,4,4396
35.704088,139.613485,O3-13.ローソン南荻窪4丁目店,4,14,2646
35.452239,139.632079,042.桜木町日本丸交差点前,10,4,2035
34.62095,135.453693,T-20.ローソン平林北二丁目店,4,2,4699
35.435614,139.662331,190.新山下ベイシティ,5,4,4520
38.257433,140.883312,143.ドコモ仙台ビル,15,1,2561
34.683851,135.547556,L-25.レシオスバイクシェア1,5,2,4702
33.30467,131.50387,47.さんふらわあ別府港,11,2,85048
35.656849,139.594422,L1-11.アイムタウン上祖師谷,5,17,1673
35.441737,139.625554,067.黄金町エリアマネジメントセンター,1,4,2055
35.68166,139.81723,H1-253.レピュア住吉レジデンス,5,4,4608
35.52928,139.722762,Z15.ファミリーマート藤崎一丁目店,4,11,10761
35.445258,139.643187,183.ファンケルビル,3,4,4154
35.659057,139.757334,C1-91.VORT浜松町Ⅰ,4,3,4725
34.49328,135.54346,apollostation セルフニュータウン SS,10,1,4385
35.575833,139.736846,K1-250.リヴシティ平和島,5,7,5896
34.622001,135.476696,T-15.北加賀屋2丁目9-15,10,2,4655
34.722304,135.538297,W-07.ラディアンテ城北,2,2,4636
34.684024,135.54759,L-26.レシオスバイクシェア2,20,2,4703
36.574532,136.665891,06.東山Ｂ・旧馬場小学校前,3,1,89006
35.462123,139.625848,192.京急グループ本社ビル,15,4,4704
35.656808,139.818196,H1-250.THE PREMIUM CUBE G 潮見,14,4,4663
35.693861,139.810389,G5-09.AXAS錦糸町,4,15,4696
35.453037,139.625986,082.掃部山公園,14,4,2071
35.453037,139.625986,082.掃部山公園,14,4,2071
35.72492,139.81611,G2-18.ARKMARK東向島AZ,1,15,4698
35.417414,139.500813,【I-033】立場地区センター,3,3,5800
35.54229,139.714752,K1-223.ロアール多摩川南六郷,5,7,5452
35.43817,139.661251,096.SPORTIVO横浜元町（スポルティーヴォ横浜元町）,56,4,2058
35.693815,139.668571,N4-05.セブン-イレブン中野鍋横店,1,13,1328
31.983161,131.476125,フェニックス自然動物園ポート,5,1,4946
36.539724,136.643681,E21_富樫・金沢南総合運動公園,8,1,6095
34.453436,135.38006,今池公園,8,2,4780
36.539791,136.649422,E20_泉野出町・金沢市総合体育館,8,1,6094
38.264048,140.870255,167.Ｐスパーク,10,1,4716
34.693308,135.464405,C-06.コーナン福島大開店,2,2,7923
34.621712,135.478231,T-17.北加賀屋2丁目12-26,8,2,4656
34.697434,135.491741,A-40.西梅田公園,8,1,517
34.659281,135.515783,F-28.天王寺郵便局,4,1,5231
35.618133,139.677102,J1-74.都立大学駅前第2,6,12,5898
35.69218,139.76919,A3-51.VORT内神田,3,1,4661
35.140703,136.848838,694.ファミリーマート中川野田店,3,1,5083
34.621439,135.478308,T-16.北加賀屋2丁目12-8,9,2,4657
38.219319,140.876158,168.ティーガイア東北支店,17,1,4717
35.442638,139.65357,085.MEGAドン・キホーテ港山下総本店（港山下ナナイロ）,0,4,2076
35.453819,139.616845,081.西区役所,35,4,2070
35.1109,136.944177,663.ファミリーマート宮崎通五丁目店,2,1,4906
34.652118,133.924455,M091.ファミリーマート清輝橋一丁目店,5,1,6064
34.678236,133.921325,M090.ファミリーマート学南町店,6,1,6063
36.577616,136.640935,89.長田町公園,6,1,4109
34.44887,135.37908,城南公園,1,2,5814
36.571636,136.665979,07.東山Ａ・秋聲のみち,21,1,89007
35.628404,139.679536,L1-35.ホームズ学芸大学,10,17,4039
36.541689,136.598552,N-01.IR野々市駅南口,15,2,6082
34.715092,135.508274,A-95.大阪北関電ビル,5,1,5350
35.574361,139.701562,K1-220.ジーベック池上Ⅲ,3,7,5341
35.692741,139.813189,G6-04.牡丹橋通り,9,15,4427
35.733427,139.654229,T3-46.AXAS練馬,10,9,5425
35.703203,139.62804,O4-08.ローソン阿佐谷青梅街道店,4,14,1814
35.590894,139.705039,K1-225.AXAS西馬込AsylCourt1,14,7,5426
34.39857,132.43873,207.サンハイム,2,1,5446
35.20941,136.918419,628.名鉄協商パーキング安井1丁目第3,3,1,4637
35.699063,139.834412,H1-106.亀戸中央公園,8,4,10730
35.62535,139.73777,C4-19.サマセット品川東京,20,3,4665
35.700489,139.834021,H1-254.メインステージ亀戸Ⅱ,3,4,4697
34.6656,133.9335,M009.石山公園,31,1,5586
35.67099,139.77793,B2-27.VORT銀座ResidenceⅡ,5,2,4662
35.469155,139.638063,189.コットンハーバータワーズ第２,7,4,4448
35.474761,139.549063,【A-014】相模鉄道 鶴ヶ峰駅南口,7,3,2229
35.569892,139.738495,K1-212.大森貴舩,10,7,5208
34.978698,135.7418,KT581-唐橋羅城門町,8,1,6118
34.45386,135.36788,南公園,2,1,4782
35.697898,139.795345,G4-04.NTTドコモ墨田ビル,20,15,910
35.172717,136.936682,623.名鉄協商パーキング内山1丁目第2,3,1,4875
31.872556,131.440649,宮崎ブーゲンビリア空港ポート,4,1,4680
35.155914,136.994531,631.西山商店街,7,1,4900
35.627376,139.783094,H1-258.TOYOTA ARENA TOKYO,19,4,4794
38.280914,140.870595,169.ベガスベガス北仙台店,20,1,4718
34.695522,135.494533,A-79.一般社団法人中央電気倶楽部,27,2,4962
35.476599,139.629982,100.神奈川区役所,2,4,2088
34.920137,134.934603,JR社町駅,10,1,4930
35.561562,139.720581,K1-209.シー・バップ,7,7,4721
35.653568,139.755525,C1-96.プレールドゥーク浜松町　D,2,3,5460
34.658727,135.502993,E-12.クリスタルグランツ難波,9,2,4963
35.190855,136.93667,624.名鉄協商パーキング大曽根駅前第2(1),4,1,4719
35.71339,139.750355,E1-21.ヴェリテージ文京小石川,3,6,6051
35.709845,139.7503,E1-19.小石川２丁目,1,6,5041
35.573876,139.733586,K1-228.ジーベック平和島,8,7,5440
35.425196,139.666541,089.イオン本牧店前,3,4,2077
35.649379,139.711076,M3-28.VORT恵比寿maxim,2,8,4724
36.561477,136.657446,17.金沢21世紀美術館,43,1,89017
38.246856,140.868509,173.ヴィラマール向山,9,1,4785
35.719356,139.764308,E5-02.不忍通りふれあい館,13,6,10245
35.16006,136.89076,188.スクエア名駅南,1,1,876
35.70862,139.680679,N3-17.東中野3丁目,11,13,893
35.704418,139.82695,H1-261.クレヴィスタ亀戸Ⅱ,8,4,4893
36.56085,136.65213,81.学生のまち市民交流館,5,1,4102
35.683869,139.734759,A6-27.麹町弘済ビルディング,14,1,4925
35.609962,139.711739,I1-137.荏原中延駅前,8,10,4722
35.150321,136.931373,630.名鉄協商パーキング御器所駅西,4,1,4901
34.708025,135.537812,L-15.プロスぺリタ野江,3,2,1836
34.83617,134.676541,52.姫路今宿郵便局,5,1,4706
34.66923,133.93088,M023.出石町,17,1,5600
35.116974,136.92372,553.名鉄協商パーキング堀田駅東第7,5,1,4639
34.795214,134.674992,53.姫路南郵便局,9,1,4707
35.697074,139.677848,N3-03.青桐公園,4,13,10961
35.650306,139.589518,L1-43.NTT中央研修センタ体育館駐車場内,12,17,4895
35.590758,139.704739,K1-226.AXAS西馬込AsylCourt2,8,7,5427
35.41384,139.658448,161.本牧市民公園,20,4,1965
35.670386,139.740757,C3-41.赤坂トラストタワー,19,3,4924
35.16681,136.940908,626.クレストステージアスカ,2,1,4638
35.711403,139.700928,D3-24.パークヒルズ高田馬場,2,5,5919
35.761613,139.61349,T1-13.ファミリーマート 練馬土支田二丁目店,11,9,10694
43.059672,141.335903,01.NTTdocomo,32,1,86002
35.650831,139.587835,L1-44.NTT中央研修センタロータリー前,24,17,4894
35.686419,139.791602,B1-39.アパホテル〈日本橋浜町南〉,6,2,5461
34.833626,134.704857,57.京口駅,12,1,5312
34.67337,133.92272,M024.きらめきプラザ,37,1,5601
35.431584,139.658211,086.HOMMOKU BASE,1,4,2072
35.010524,135.760178,KT009-アーバネックス御池西館(烏丸御池),7,1,2130
35.623805,139.731251,I1-136.DIKマンション五反田,12,10,4723
34.687449,135.513902,B-70.グランドロアール天満橋,5,2,4961
34.66288,133.91813,M025.イオンモール岡山,73,1,5602
35.622356,139.749468,I1-54.天王洲オーシャンスクエア,65,10,10759
35.686639,139.806556,H1-274.LUMEED CUBE 菊川 PREMIUM,0,4,5438
33.24436,131.6153,131.ローソン大分中島中央二丁目店,4,1,4525
34.964777,135.706979,KT512-イオンモール京都桂川フィットネス棟前,10,1,4950
34.66115,135.497665,E-32.WELL STAY難波,3,2,987
35.662334,139.668883,L1-55.RBパーク世田谷区北沢２丁目,17,17,5899
35.579527,139.684921,K1-251.ロンシャン久が原,5,7,5897
34.47411,135.44956,anjii,3,1,5336
35.18931,137.010032,638.藤森西町,2,1,4713
35.503672,139.49648,【A-044】若葉台公園-1,4,3,4888
38.247882,140.916733,172.ジュンハイツ大和町Ⅱ,15,1,4783
35.190651,136.93659,625.名鉄協商パーキング大曽根駅前第2(2),3,1,4720
36.419072,136.417097,12.「安宅の関」こまつ勧進帳の里【簡易ポート】,2,1,1400
34.66324,133.92644,M026.NTTコミュニケーションズ,14,1,5603
35.682101,139.719395,D1-18.信濃町煉瓦館,8,5,4896
34.680542,135.515051,B-24.ドコモ谷町ビル,29,2,7856
35.440335,139.601776,H-010.TOMOS保土ケ谷,9,4,1729
35.166385,137.005754,500.名東郵便局,3,1,3383
35.746045,139.620087,T2-25.ファミリーマート 高野台二丁目店,9,9,10499
35.573405,139.718044,K1-234.山口体験美術館,9,7,5459
35.474894,139.632903,101.神奈川地区センター,10,4,2089
35.133543,136.977938,653.萱野ノ杜之館,5,1,4786
35.190525,136.882722,608.名鉄協商パーキング名西2丁目第1,3,1,4575
35.463607,139.622196,120.アソビル,6,4,2103
35.673552,139.799022,H1-262.セブン‐イレブン江東深川２丁目店,5,4,4927
35.440061,139.642991,002.石川町駅駐輪場,36,4,2001
35.556003,139.739013,K1-242.ジーベック大鳥居アジールコート,3,7,5789
34.687213,135.189872,41.NTT新神戸ビル,11,1,4672
34.340857,134.04794,040.百十四銀行本店,11,1,4601
38.26369,140.87891,181.パレスへいあん,19,1,5471
34.643323,135.546545,N-30.コーナン生野店,10,2,4815
35.469553,133.065811,M08.くにびきメッセ,5,2,5328
35.44551,139.580205,H-017.狩場町109-1地先,5,4,3698
35.417105,139.488468,【I-005】泉区役所,7,3,992
34.432077,135.430672,WHATAWON(ワタワン)駐輪場,1,2,5335
34.680445,135.448391,J-31.ミノルバ大阪,2,1,4370
34.68699,133.91844,M030.岡山大学創立50周年記念館,10,1,5607
35.498139,139.54422,【M-022】長坂谷公園(南側),6,3,5203
35.026499,135.794873,KT571-銀閣寺観光駐車場①,10,1,5907
35.45211,139.6193,097.BeGood西戸部,1,4,2085
35.156489,136.923447,451.名古屋工業大学正門,14,1,2855
36.579976,136.637058,88.駅西本町・福井銀行金沢支店,15,1,4108
35.461257,139.619404,143.平沼橋駐輪場,12,4,1443
34.683531,135.180546,40.エステムコート神戸元町通Ⅱ,3,1,4671
35.436575,139.63687,094.石川町5丁目,3,4,2082
35.454435,139.520609,【A-043】グレーシア南万騎が原マークス,1,3,3959
35.599662,139.712666,K1-235.プレスタイルアイディ馬込,4,7,5501
31.92416,131.39271,宮崎トヨタネッツ大塚店,6,1,3874
34.982016,135.75242,KT582-La Table de Petite Coron,3,1,6119
35.168031,136.908581,619.サカエヒロバス,12,1,4787
35.71529,139.819909,G2-19.京島1-25-6,2,15,4897
35.163951,136.921567,620.ソルメイクス新栄,1,1,4574
35.502904,139.49954,【A-046】若葉台公園-3,6,3,4890
35.690669,139.782264,B1-37.日本橋３,0,2,5344
35.159253,136.924402,450.名古屋工業大学北門,3,1,2857
35.19089,136.952643,607.中日新聞大幸専売店,3,1,4576
35.162239,136.880249,764.名鉄協商パーキング太閤2丁目第3,5,1,5772
34.66224,133.9289,M027.天満屋岡山店,25,1,5604
35.431413,139.649028,093.いなり湯,5,4,2063
35.152098,136.918479,654.名鉄協商パーキング鶴舞3丁目第2,3,1,4876
35.72424,139.61431,O1-02.井荻南地下自転車駐車場,14,14,592
34.335694,134.055166,039.らく楽花園,8,1,4600
35.503434,139.49616,【A-045】若葉台公園-2,5,3,4889
35.500487,139.673435,【TR-013】にこにこパーキング生麦５丁目,7,3,4541
36.535791,136.617006,N-04.野々市中央バス停／横宮交差点,11,2,6085
34.655884,135.505352,E-69.エステムコート難波サウスプレイス8ハイド,4,2,4964
34.350039,134.055411,044.エコパーク北浜町第1,6,1,4683
36.557551,136.630475,110.糸田新町会館,4,1,4955
35.662433,139.813231,H1-273.ヴェッセル木場南2,5,4,5414
34.65244,133.92008,M029.岡山大学病院,82,1,5606
35.570448,139.705227,K1-240.メイクス池上ルーチェ,12,7,5656
35.601789,139.695496,K1-200.D'sVARIE上池台レジデンス,6,7,4529
35.575948,139.69675,K1-241.リパーク久が原5丁目第6,48,7,5790
35.7768,139.589713,T2-105.大泉桜学園西交差点,6,9,4746
35.767388,139.587625,T2-26.ファミリーマート 大泉学園町四丁目店,9,9,10500
35.444519,139.651117,009.山下公園−東,21,4,2007
35.015356,135.77433,KT583-聖護院蓮華蔵町,5,1,6120
35.73969,139.62125,T2-34.ファミリーマート 練馬富士見台店,8,9,10695
35.54821,139.73319,K1-227.本羽田２−５−６ ガレージ内,5,7,5439
33.125559,139.81332,04.ロッジオーシャン,5,1,3043
34.662008,135.510757,E-70.エステムプラザ難波EAST2ブレスト,4,2,4965
43.055885,141.330528,09.札幌医科大学 国際医学交流センター,11,1,86010
34.626199,135.487298,I-14.ファミリーマート玉出西二丁目店,11,2,7981
38.25993,140.923779,182.アイリス卸町ビル,26,1,5509
34.4128,132.4556,202.Istyle三篠町,5,1,5416
35.416886,139.638097,【145】根岸駅第二駐輪場,24,3,1445
36.391385,138.227576,U-13.赤坂上駅,1,1,2726
35.423768,139.648904,134.横浜カントリー・アンド・アスレティック・クラブ,13,4,832
35.468488,139.50187,【S-007】三ツ境駅北口駐輪場前,4,3,1461
35.764203,139.669109,T3-40.匯金・上板橋ビル1,2,9,4968
35.640741,139.601493,L1-38.オダクル成城学園前第１,9,17,4470
34.687995,135.550634,H-13.ファミリーマート東中浜四丁目店,7,2,121
31.902024,131.439458,出来島街区公園ポート,4,1,4577
31.912494,131.420988,上野町市営自転車駐車場ポート,2,1,4578
35.60242,139.686417,K1-244.大田南千束第1,6,7,5791
34.46074,135.37141,岸和田市役所,1,2,4234
35.449174,139.59894,H-002.保土ケ谷駅西口第三駐輪場,16,4,848
34.68749,133.92059,M031.岡山大学西門,8,1,5608
36.558578,136.661897,18.本多の森公園・国立工芸館,31,1,89018
35.453156,139.630073,105.みなとみらい21 クリーンセンター,4,4,2093
35.184115,136.887695,627.ArtizA浅間町,2,1,4709
35.026794,135.795228,KT572-銀閣寺観光駐車場②,7,1,5908
35.443062,139.632781,156.羽衣街庭,26,4,1960
35.464396,139.62415,112.横浜スカイビル前-2,10,4,2098
35.764096,139.668927,T3-41.匯金・上板橋ビル2,3,9,4969
35.401803,139.535686,【T-010】戸塚駅東口第八駐輪場,11,3,878
34.68904,133.92,M032.岡山大学図書館前,27,1,5609
35.546812,139.70416,K1-243.第1西六貸駐輪場（西3-16）,66,7,5792
36.528945,136.608617,N-06.学びの杜ののいち カレード,12,2,6087
35.479583,139.632171,109.セブン-イレブン 横浜西神奈川１丁目店,10,4,2095
35.705154,139.697562,D5-10.桜美林大学 新宿キャンパス,9,5,10811
35.708221,139.654106,O5-12.匯金・高円寺ビル,5,14,4967
35.430504,139.494598,【I-002】相鉄ライフいずみ野,8,3,795
35.457253,139.617457,114.西平沼橋,4,4,2099
34.640272,135.49034,I-15.ファミリーマート西成松二丁目店,9,2,7993
34.37912,132.45686,118.ファミリーマート広島千田町店,6,1,336
35.699173,139.772629,A3-28.秋葉原駅電気街口(西側交通広場),5,1,10303
31.961848,131.463953,阿波岐原森林公園市民の森ポート,7,1,4579
35.45384,139.596811,H-025.横浜ビジネスパーク　プレッツォ,14,4,4617
35.596263,139.686505,K1-218.雪ヶ谷八幡神社,4,7,5308
34.45951,135.36991,岸和田市立二の丸広場観光交流センター,1,2,4235
34.635863,135.494828,I-29.ハイム岡崎ポート,6,2,5415
35.019093,135.719224,KT584-レシオス京都嵯峨野,18,1,6121
35.530251,139.500037,【M-002】NTT長津田ビル,9,3,864
35.451083,139.634167,110.横浜市役所,16,4,1441
31.954698,131.466116,フローランテ宮崎ポート,5,1,4580
35.003683,135.73069,KT586-京都銀行 西院支店,15,1,6123
36.383657,138.216372,U-16.寺下駅,2,1,4086
35.622588,139.716159,I1-61.五反田文化センター,7,10,10786
34.66813,133.91669,M035.西口パーキング,4,1,5612
35.036241,135.779054,KT585-コーア下鴨東,10,1,6122
35.690154,139.786284,B1-41.日本橋浜町1丁目,0,2,5795
35.575629,139.693663,K1-217.グランデ ナイン,9,7,5304
35.471425,139.638634,124.クリオ レジダンス横濱 ベイサイド,1,4,304
33.092753,139.781337,09.満天望,8,1,4266
35.460521,139.625096,121.みなとみらい学園ビル,8,4,2100
35.013136,135.700668,KT574-サバス太秦マンション,4,1,5924
35.625013,139.73111,I1-142.PREMIUM CUBE 品川大崎2,3,10,4971
35.69392,139.672904,N3-24.ガリシア中野新橋,2,13,4691
35.57448,139.682355,K1-255.ローソン鵜の木一丁目店,2,7,5942
35.50617,139.492412,【A-047】大貫谷公園,12,3,4891
36.532928,136.619025,N-08.にぎわいの里ののいち カミーノ,9,2,6089
24.35926,124.14511,I-05.マリンロッジ・マレア石垣島,4,1,4710
35.503379,139.5043,【A-048】日向根公園,5,3,4892
35.694628,139.748225,A1-22.九段坂公園,7,1,4982
43.065943,141.355425,10.ANAクラウンプラザホテル札幌,12,1,86011
35.469028,139.630209,043.ヨコハマポートサイドビル,23,4,2036
35.67726,139.676267,M6-22.ヴォーガコルテ幡ヶ谷,5,8,4972
34.674014,135.468049,D-42.グランカリテ九条南,9,2,5085
35.421116,139.485177,【I-018】和泉町4843地先,6,3,3740
35.616273,139.712292,I1-160.戸越銀座第 1 駐車場,17,10,5824
31.921062,131.430428,わくわくセンターポート,4,1,4882
35.712285,139.745249,E1-20.小石川３丁目,39,6,5338
35.180518,136.902997,768.名古屋法務局前,3,1,5925
34.62229,135.526514,R-14.東住吉区役所,15,1,439
36.538389,138.124778,【臨時】アートまちかど,4,2,3452
35.180863,136.952944,773.バーベキュースタジアム,10,1,5775
35.133073,136.891377,698.ロイヤルクレスト日比野,5,1,5196
35.67105,139.61832,L1-45.ARKMARK八幡山,5,17,4975
35.9031,136.17039,ハピラインふくい　武生駅,14,2,2679
35.139889,136.91304,685.ファミリーマート熱田桜田町店,1,1,5071
35.141843,136.885679,781.中川区荒江駐車場,1,1,5926
35.000119,135.751489,KT587-富永町,3,1,6124
35.544715,139.707623,K1-27.六郷文化センター,7,7,10432
35.71724,139.74289,E1-15.播磨坂事業所,3,6,10550
34.34774,134.03765,031.愛宕神社,3,1,4094
35.665124,139.754054,C1-46.新虎通りCORE,16,3,10608
35.181815,136.887906,144.サンモール浅間,0,1,581
35.609166,139.705342,I1-143.AXAS旗の台,3,10,4978
35.691954,139.836462,H1-180.シティコート大島,4,4,1298
35.653222,139.81181,H1-266.ポルシェサービスセンター東京ベイ辰巳,0,4,5040
38.222577,140.884679,165.ウイングあすと長町店,5,1,4647
35.658665,139.782553,B4-03.桜の散歩道（晴海トリトンスクエア前）,61,2,10060
35.185707,136.987358,633.シンフォニー山の手,4,1,4646
35.44491,139.647974,125.タイムズステーション横浜山下町B,4,4,354
35.398605,139.532613,【T-009】NTT戸塚支店ビル,6,3,865
35.152977,136.909672,646.ラフィシア上前津,3,1,5346
35.098634,136.934514,775.名鉄協商パーキング本笠寺駅南,4,1,5776
35.69591,139.8303,H1-265.AXAS東京EAST,0,4,4976
35.170352,136.919556,701.新栄町駅ステーション,2,1,5347
31.915224,131.407268,宮崎市上下水道局ポート,6,1,5905
35.476736,139.633454,142.東神奈川駅東口第二駐輪場,8,4,1442
35.40532,139.48205,【I-015】ゆめが丘エリアマネジメント,15,3,3103
35.5677,139.72702,K1-211.ARKMARK梅屋敷ASYLCOURT,7,7,4974
34.46307,135.41279,八木市民センター,9,1,4420
35.61414,139.664311,J1-68.チェスナットヒルズ,1,12,5305
34.676558,135.511442,B-77.ローレルステート松屋町,0,2,5086
31.90658,131.43575,後田川緑道②ポート,4,1,3843
35.712861,139.65352,N1-11.矢﨑歯科医院,2,13,5959
35.573882,139.733175,K1-233.大森向陽ハイツ,5,7,5462
34.648226,135.501845,I-32.CHECK inn 大阪新世界,8,2,5932
36.570134,136.645319,79.ダイハツステーション長土塀,4,1,4100
38.23371,140.88746,115.長町一丁目駅,8,1,426
35.574807,139.733292,K1-236.ジーベック大森ウエスト,5,7,5500
35.729075,139.736456,E4-17.RBパーク千石3丁目,21,6,4692
35.447638,139.626706,127.横浜市中央図書館,14,4,409
34.35646,132.4683,196.広島競輪場(東側),15,1,5329
37.925662,139.03668,33.砂丘館,5,1,1597
34.659183,135.489106,E-74.JR芦原橋駅,6,1,5779
31.926771,131.438741,新城街区公園ポート,3,1,4883
35.564437,139.707682,K1-249.コインパーク東矢口第1駐車場,2,7,5872
35.61884,139.70112,I1-144.AXAS武蔵小山ASYLCOURT,7,10,4977
35.682919,139.683501,M6-19.D'sVARIE初台ビル,8,8,3079
35.720903,139.692267,D7-16.ARKMARK新宿下落合,6,5,4973
35.682946,139.7389,A6-28.VORT麹町Ⅱ,4,1,5084
35.625099,139.731098,I1-141.PREMIUM CUBE 品川大崎1,3,10,4970
34.654245,135.493097,E-75.JR今宮駅,3,1,5780
36.538484,138.104868,【臨時】稲荷山宿・蔵し館,6,1,5998
31.949853,131.437162,桜町街区公園ポート,7,1,4884
34.65078,135.50712,F-14.天王寺動物園駐輪場,9,1,1470
35.543639,139.713047,K1-213.六郷神社　正門前,9,7,5236
35.68571,139.717174,D1-20.まいばすけっと新宿大京町店横,6,5,5825
35.688876,139.685077,D6-34.AXAS西新宿,2,5,5316
35.44749,139.63387,129.ニッセイ横浜尾上町ビル,5,4,463
35.715003,139.703429,D7-17.名校教育グループ高田馬場校舎　下落合1-1-1,3,5,5187
38.25968,140.87788,179.コンフォートホテル仙台西口,7,1,5383
35.476679,139.480173,【S-017】サンヒルズ本郷,7,3,4597
34.720014,135.48883,K-36.グランカリテ北大阪リヴィエ,9,2,5088
35.585257,139.675317,K1-210.東京都大田区田園調布本町19-2,20,7,4934
34.66364,133.93406,M042.烏城公園駐車場,13,1,5619
34.714784,135.471812,K-35.グランカリテ塚本,10,2,5087
35.58469,139.710088,K1-155.ハイタウン南馬込,6,7,2827
35.4389,139.64037,132.デュフレ横浜石川町,5,4,650
34.673749,135.501223,B-03.心斎橋PARCO,8,1,7809
35.683041,139.814119,H1-270.メイクスデザイン住吉アジールコート,3,4,5339
34.682211,135.545757,L-32.オトギソウスタジオ,3,2,5933
35.204351,136.987622,722.名鉄協商パーキング喜多山駅南第4,4,1,5348
35.601694,139.719778,I1-86.ファミリーマート二葉三丁目店,0,10,10968
35.630471,139.793038,H1-264.東京ビッグサイト第2,7,4,4936
34.688096,135.195218,47.神戸ポート郵便局,4,1,5572
34.64751,133.91031,M045.大元駅西口,22,1,5622
35.12041,136.993107,705.ファミリーマート天白原店,1,1,5214
34.66945,133.92727,M046.備前県民局,18,1,5623
34.663614,135.454377,O-27.APパーク夕凪,4,2,5464
31.907884,131.436369,ヨシカワ昭和町交差点ポート,7,1,5186
35.125205,136.872499,761.たいようファミリークリニック,3,1,5531
34.952937,135.756353,KT575-地下鉄竹田駅南東,8,1,5939
35.527715,139.497436,【M-019】御前田交差点,10,3,5191
35.199494,136.890924,703.MIYUKI MALL(北側),3,1,5213
35.44668,139.640902,147.東京電力パワーグリッド株式会社 神奈川総支社,4,4,1580
35.543396,139.713036,K1-214.六郷神社　駐車場,12,7,5237
35.669606,139.812447,H1-269.サンヤマトパーキング,14,4,5319
35.428989,139.616481,MN-001.ロイヤルメゾン蒔田,16,4,1289
33.115177,139.768892,02.八丈ビューホテル,8,1,3041
34.65288,133.91307,M043.大供本町,12,1,5620
35.023797,135.705779,KT570-京福鳴滝駅前(北側),5,1,5906
35.16951,137.017321,729.いづみコーポ,5,1,5430
34.683148,133.90462,M073.ローソン岡山津島西坂一丁目店,15,1,5828
36.541777,136.597853,N-02.IR野々市駅北口,13,2,6083
35.442497,139.637087,149.中央第6関内ビル,4,4,1953
35.108212,136.988869,706.ファミリーマート天白高坂店,4,1,5215
35.699187,139.746348,A1-05.富士見出張所,6,1,10005
34.51004,135.44473,きたしのだコインランドリー,7,1,5472
34.60858,135.485735,T-26.住之江区保健福祉センター分館,5,2,5910
34.995968,135.759026,KT012-サン・クロレラ(五条駅4番出口),16,1,2146
34.681242,135.53466,H-01.デイリーヤマザキ森ノ宮駅前店,8,2,7915
35.691982,139.718227,D4-15.富久町,6,5,5361
34.691662,135.549421,L-29.鴫野東2丁目26番12 ,5,1,5777
35.476324,139.60171,KG-003.三ツ沢上町駅駐輪場,5,4,1078
35.707302,139.699484,D5-13.百人町３丁目,5,5,5360
31.902757,131.435693,IG BOXポート,3,1,4942
31.916799,131.409855,上水流街区公園ポート,5,1,4940
35.471757,139.619429,152.台町公園,8,4,1956
34.681777,133.910807,M074.ローソン岡山津島南二丁目店,9,1,5829
35.120257,136.898878,661.ファミリーマート熱田一番町店,3,1,4904
34.344219,134.040178,019.エコパーク番町2丁目第1,2,1,3666
34.47714,135.53954,大野台南モータープール パークダイレクト,10,1,5473
31.926881,131.416449,霧島街区公園ポート,4,1,4885
34.66539,133.92093,M044.岡山駅前電停（南）,1,1,5621
35.457443,139.61921,148.セブン-イレブン京急ST戸部店,5,4,1651
35.010523,135.679603,KT289-ホテルリバーサイド嵐山,4,1,2980
35.084903,136.934052,745.ファミリーマート名南星崎店,4,1,5385
35.2,136.924181,691.ファミリーマート瑠璃光町店,14,1,5077
35.441042,139.635678,168.ホテル コメント 横浜関内,5,4,2672
35.458237,139.600342,H-007.イオン天王町ショッピングセンター,8,4,1290
35.424189,139.548717,【T-026】ソーシャルレジデンス東戸塚2,1,3,4196
35.587815,139.691748,K1-36.セブン-イレブン 大田区南雪谷5丁目店,3,7,10476
35.55017,139.728146,K1-29.萩中文化センター,9,7,10450
34.45787,135.46124,万町ハイツ,1,1,5474
35.70047,139.810224,G2-21.クレヴィスタ錦糸町A,5,15,5320
35.674515,139.774664,B2-28.八丁堀センタービル,29,2,5794
35.116123,136.971317,670.ファミリーマート天白海老山町店,2,1,4913
35.200102,136.976455,724.名鉄協商パーキング小幡駅南,3,1,5428
34.659618,135.523067,F-29.APパークアヴィリオ夕陽が丘,4,2,5466
35.669582,139.812965,H1-267.東陽3丁目駐輪場,20,4,5362
34.666925,135.469031,O-26.TSP港区弁天町ヒルズSHARE,2,2,5322
35.140727,136.994109,707.ファミリーマート天白こうのす店,4,1,5216
35.444308,139.631367,163.横浜タウンホテル24,5,4,2208
35.144546,136.991361,708.ファミリーマート天白焼山店,4,1,5217
35.19274,136.970455,648.千代田グリーンハイツ,0,1,4749
35.183507,137.013558,728.高柳町,7,1,5429
35.127674,136.988731,725.名鉄交通植田ビル,3,1,5443
35.130161,136.977384,740.ファミリーマート元八事店,2,1,5388
35.583353,139.682594,K1-206.東嶺町,7,7,4745
35.096667,136.927455,744.ファミリーマート笠寺駅前店,2,1,5387
35.102258,136.965075,743.ファミリーマート鳴子北駅前店,8,1,5386
35.558916,139.717253,K1-38.ネクストサイト蒲田ビル,8,7,10488
35.171551,136.988512,710.ファミリーマート名東平和が丘店,4,1,5219
31.921268,131.394406,宮崎トヨタ大塚店ポート,7,1,5199
34.686523,135.499951,B-102.アーバンネット御堂筋ビル,3,2,5323
34.646572,133.917751,M086.ファミリーマート岡山東古松店,11,1,6046
35.653433,139.755552,C1-93.プレールドゥーク浜松町　A,3,3,5404
35.446416,139.631482,157.福富町西公園,12,4,1961
35.18176,137.008561,747.ファミリーマート名東猪高台店,2,1,5389
35.169903,136.885875,055.名鉄協商パーキング名駅4丁目第11,9,1,87050
35.098748,136.927355,746.ファミリーマートちかま通店,5,1,5384
35.183567,136.892469,726.中央廣告,7,1,5442
35.147257,136.877235,737.ファミリーマート中川富川町店,3,1,5454
35.624566,139.72448,I1-70.五反田リバーステーション,4,10,10883
35.592801,139.715472,K1-45.たぬき山公園,20,7,10521
35.475736,139.572285,H-003.NTT西谷ビル,4,4,867
34.65254,133.89368,M049.岡山ドーム前,21,1,5626
35.145977,136.98258,709.ファミリーマート天白植田山店,5,1,5218
35.420603,139.638226,160.根岸森林公園,9,4,1964
35.700495,139.81035,G2-22.クレヴィスタ錦糸町B,2,15,5321
35.140657,136.991472,777.プレイランドキャッスル天白店,24,1,5821
35.721229,139.731465,E3-10.大塚とう道基地,8,6,5441
31.910541,131.429087,裁判所前交差点ポート,6,1,5831
34.610862,135.459805,T-21.ローソン平林南一丁目店,5,2,5365
31.918866,131.42669,宮崎トヨタ高千穂通店ポート,4,1,5200
35.629921,139.707234,J1-71.下目黒4丁目3－1駐車場,5,12,5540
35.194255,136.941487,683.ファミリーマート西矢田店,2,1,5079
36.540491,136.612183,N-03.野々市市スポーツセンター,12,2,6084
35.681912,139.785168,B1-38.ラヴェンナ日本橋,10,2,5363
34.694744,135.543595,L-30.鴫野西3丁目3番43,5,1,5778
35.678873,139.809968,H1-271.シャルール木場公園,1,4,5364
35.160432,136.870672,738.ファミリーマート黄金通四丁目店,0,1,5455
35.448608,139.593561,H-009.市営霞台グリーンハイツ,6,4,1582
35.171539,136.948089,667.ファミリーマート千種向陽店,7,1,4910
35.185685,136.971242,666.ファミリーマート千種汁谷店,0,1,4909
34.641147,135.528554,R-39.株式会社キャットアイ,2,2,5465
35.502249,139.690295,【TR-015】Dパーキング仲通3丁目第二,9,3,5325
38.25107,140.919796,176.サンデー仙台卸町店,17,1,5204
34.952058,135.749416,KT563-HOTEL MYTH RINATA,8,1,5801
34.44947,135.57447,河内長野荘,0,1,4242
35.122573,136.906726,483.BLG白鳥ビル,6,1,3125
34.723236,135.484852,K-37.十三東4-6,5,2,5366
34.644184,133.89015,M053.問屋町タイルビル,22,1,5630
35.580511,139.775957,K1-68.ART FACTORY 城南島,13,7,10714
36.556011,136.650972,24.金沢建築館,7,1,89024
35.180015,137.023793,712.ファミリーマート名東照が丘店,1,1,5221
35.159939,136.889345,748.メイクスアート名駅南Ⅳ,3,1,5476
36.391092,140.250948,笠間ショッピングセンター（ポレポレ）,6,1,5324
35.13474,136.874962,715.ファミリーマート中川清船町店,2,1,5224
35.621483,139.721111,I1-152.モントーレ五反田,3,10,5342
35.14308,136.94555,734.ファミリーマート昭和檀渓通四丁目店,3,1,5393
35.148166,136.928418,733.ファミリーマート昭和台町店,0,1,5391
35.669941,139.749261,C1-64.東京虎ノ門グローバルスクエア,4,3,10950
31.830636,131.444627,ひなたサンマリンスタジアム宮崎①ポート,6,1,4061
35.653558,139.755605,C1-95.プレールドゥーク浜松町　C,3,3,5406
43.061105,141.352082,53.駅前通大通ビッセ前,16,1,663
33.24183,131.60025,97.大分ソフィアプラザビル,18,1,293
35.132149,136.996636,741.ファミリーマート天白植田東店,3,1,5394
35.469542,139.637715,173.コットンハーバータワーズ第１,8,4,2925
35.147342,136.852921,713.ファミリーマート中川八田店,1,1,5222
35.704554,139.770117,A3-54.外神田6丁目,63,1,5413
36.350504,140.306417,友部駅（南口）,6,1,5431
35.481983,139.480329,【S-018】中屋敷２丁目,6,3,5326
34.67034,133.94299,M051.中区役所,15,1,5628
33.143274,139.787343,08.リードパークリゾート八丈島,3,1,4265
35.148553,136.860296,714.ファミリーマート中川ときわ店,3,1,5223
35.656434,139.805759,H1-282.コンフォリア・リヴ豊洲キャナル,0,4,5541
34.673474,133.918984,M075.ローソン清心町店,9,1,5830
34.701292,135.202601,43.ローソン神戸若菜通五丁目店,4,1,5331
35.460552,139.630041,164.GSパーク みなとみらい,17,4,2249
35.457903,139.595527,H-027.星天qlay Bゾーン,4,4,4730
35.460101,139.593606,H-026.星天qlay Aゾーン,9,4,4729
35.653463,139.755446,C1-94.プレールドゥーク浜松町　B,2,3,5405
35.51642,139.540716,【M-005】中山駅北口駐輪場,6,3,1075
35.522061,139.511088,【M-017】ヒルタウン西交差点,5,3,5189
36.532421,136.621533,N-09.北陸鉄道石川線 野々市工大前駅,3,2,6090
35.12476,136.973135,742.ファミリーマート天白道明町店,3,1,5392
35.576344,139.701731,K1-230.メイクスデザイン池上アジールコート A,1,7,5401
33.109324,139.790754,01.八丈島観光協会,6,1,3038
35.6671,139.705085,M3-30.COINPARK 神宮前6丁目第3駐車場,23,8,5412
36.560046,136.643516,102.中村町・満天の湯金沢店,3,1,4118
35.589309,139.678587,K1-53.セブン-イレブン 田園調布郵便局前店,19,7,10605
35.544096,139.71192,K1-215.六郷神社　西参道,6,7,5238
35.462944,139.624292,024.横浜三井ビルディング,4,4,2020
35.153221,136.863929,739.ファミリーマート近鉄烏森駅前店,6,1,5456
35.150018,136.926955,732.ファミリーマート荒畑駅前店,2,1,5390
36.519638,136.608992,N-07.野々市市役所,5,2,6088
35.676719,139.780505,B2-30.コーラルレジデンス東京,5,2,5928
35.443287,139.635167,167.プレシス横濱関内パークアベニュー,5,4,2357
35.702276,139.726621,D3-25.公益財団法人神経研究所ビル,3,5,5941
35.587423,139.753871,K1-74.大田スタジアム,26,7,10818
35.138788,136.908177,749.メイクスアート金山SOUTH,3,1,5477
35.698956,139.649504,O5-13.AXAS新高円寺Sta.,3,14,5421
35.019597,135.731655,KT539-ローソン 西ノ京北円町店,7,1,5503
34.683142,135.194542,46.アリーナ北広場(フェリシモ横),39,1,5512
36.529774,136.626431,N-10.金沢工業大学,15,2,6093
34.669661,135.498854,B-104.リパーク西心斎橋2丁目第3,5,2,6050
36.532538,136.6083,N-05.太平寺バス停／フォルテ,13,2,6086
35.657341,139.809106,H1-279.ベイフレール枝川,3,4,5542
34.641384,135.498111,I-34.MiYo87天下茶屋,1,2,6047
26.22548,127.6935,27.ドコモショップおもろまち店,5,1,5844
35.410666,139.51208,【I-003】中田駅第二駐輪場,3,3,801
35.124767,136.880409,716.ファミリーマート中川十一番町店,2,1,5225
35.426371,139.640056,201.山元町4丁目バス停前,34,4,5514
35.511498,139.566961,【M-018】鴨居駅北口,4,3,5190
35.714473,139.676016,N3-27.日本基督教団聖書之友教会,6,13,5929
35.463662,139.631396,054.オーケーみなとみらい,18,4,2048
35.204178,136.990402,760.アモール喜多山,4,1,5505
38.255218,140.885259,180.リヴィスタ新寺ビル,5,1,5470
35.520093,139.4967,【M-020】玄海田公園,4,3,5201
35.131625,136.882338,718.ファミリーマート中川中野本町店,5,1,5227
35.159142,136.960151,735.ファミリーマート鏡池通店,7,1,5397
35.190879,136.886427,704.森ビル,5,1,5504
35.127615,136.879454,717.ファミリーマート外新町四丁目店,5,1,5226
33.23546,131.60087,122.線路敷ウエストウォーク広場,0,1,4236
43.062988,141.321831,61.まいばすけっと北5条西22丁目店,12,1,1592
34.694898,135.484049,_C-02.ドコモショップ福島店,0,2,7820
34.667351,135.397608,J-35.ローソン舞洲スポーツアイランド店,23,2,5806
35.579849,139.731241,K1-80.大森北6丁目,4,7,10902
43.048517,141.354583,62.中島公園南9条公園内駐輪場前,12,1,1815
36.552902,136.648425,27.金沢未来のまち創造館,1,1,89027
35.181441,136.939371,676.リシュドール古出来,4,1,5478
35.416822,133.009743,M10.玉造温泉ゆ～ゆ,4,2,5371
35.160044,136.954357,736.ファミリーマート千種田代本通四丁目店,7,1,5396
34.674508,135.447348,J-32.THE RISE 大阪ユニバーサルベイサイド,20,1,4417
35.500557,139.541678,【M-021】長坂谷公園(北側),6,3,5202
34.696824,135.806466,51.航空自衛隊奈良基地,100,1,5833
35.512456,139.541459,【M-006】中山駅南口第三駐輪場,7,3,1076
35.61389,139.704542,I1-155.荏原５丁目 D’S FACTORY ポート,13,10,5543
35.5873,139.701644,K1-90.ファミリーマート大田仲池上一丁目店,4,7,11002
35.571759,139.710321,K1-253.メイクスデザイン蒲田ウエスト 駐輪場入口 ,2,7,5911
33.23561,131.60114,127.ローソン大分新町店,5,1,4521
35.414361,139.500978,【I-004】立場駅駐輪場,7,3,836
35.399185,139.534902,【T-006】戸塚駅東口第七駐輪場,6,3,835
35.520333,139.539129,【M-009】市営住宅谷津田原第二,7,3,1929
26.178653,127.679115,T-14.宜保ふるじま公園,7,1,3998
35.460092,139.597887,H-035.パークホームズ横濱星川,4,4,6038
35.683961,139.821559,H1-42.江東区スポーツ会館,10,4,10213
35.462152,139.611076,175.カルナ横浜,4,4,3104
35.000146,135.761796,KT383-京都高辻ビル,2,1,3753
35.443372,139.651492,195.JP BAYSIDE HUB,31,4,4886
35.45692,139.606398,193.洪福寺交差点付近  ,45,4,4762
35.149671,136.941575,730.名鉄協商パーキング広路通4丁目第2,4,1,5398
34.38178,132.45931,204.ルネサンス 東千田24,6,1,5435
26.211982,127.677116,T-20.旭橋駅③（バスターミナル）,16,1,4134
35.433332,139.647006,176.鷺山入口付近,5,4,3120
35.638904,139.712518,J1-54.田道住区センター三田分室,4,12,903
35.134353,136.881772,719.ファミリーマート神郷町一丁目店,8,1,5228
35.415656,139.509089,【I-014】中田町宮ノ前公園,4,3,2607
37.912933,139.060039,48.新潟駅万代広場タクシーのりば側,17,1,5799
35.481323,139.547836,【A-025】旭図書館下,3,3,3723
35.662686,139.77906,B4-56.グランドシティタワー月島,11,2,5944
35.430964,133.011418,M09.玉造温泉駅,8,2,5370
34.644563,133.891063,M061.天満屋ハピーズ卸センター店,7,1,5638
35.172153,137.048404,750.古戦場公園,3,1,5507
35.399325,139.485027,【I-019】赤坂橋バス停前,6,3,3739
31.906364,131.440535,後田川緑道③ポート,3,1,4898
35.708115,139.729056,D3-23.RBパーク新宿区山吹町,39,5,5042
35.437041,139.613904,179.京急南太田駅前マルチモビリティステーション,7,4,3357
43.069952,141.347202,78.リパーク北海道大学南門,8,1,5934
35.162893,136.983459,759.グランヴィーネ星ヶ丘A棟,3,1,5508
34.668948,135.461441,O-28.モビリティハブ弁天町,1,2,5807
36.569484,136.662582,31.NTTドコモ金沢大手町ビル,15,1,89031
43.066955,141.353064,73.札幌TRビル,10,1,4206
34.602552,135.504681,S-14.住吉郵便局,5,1,5229
35.462121,139.531904,【A-052】二俣川駅南口ロータリー横,30,3,5195
34.729374,135.531058,W-09.大阪市旭区赤川４丁目21-16,10,2,5808
31.830947,131.444627,ひなたサンマリンスタジアム宮崎②ポート,2,1,4063
35.483232,139.556903,【A-049】愛宕旭環境センター前バス停付近,9,3,5192
31.899349,131.415629,大淀街区公園ポート,3,1,4943
43.061373,141.361685,72.大通東４丁目北海道新聞社前,29,1,4233
35.207689,136.891016,752.セントラルホームズ庄内,3,1,5506
35.462795,139.615488,090.西公会堂・西地区センター,6,4,2078
43.064194,141.351306,34.駅前通sitatte sapporo前,21,1,86034
35.542784,139.709874,K1-222.innoba大田,28,7,5377
35.487774,139.543032,【A-008】相鉄ローゼン 白根店,4,3,1161
34.39826,132.4559,177.広島県総合体育館武道場上部広場,39,1,4255
35.571828,139.710213,K1-254.メイクスデザイン蒲田ウエスト 駐輪場,4,7,5912
35.012297,135.71308,KT393-ウエグチ興産,10,1,3767
35.05899,135.751142,KT538-松花苑,6,1,5479
34.660479,135.488388,E-06.グランパシフィック芦原橋駅前,0,2,7873
36.542658,136.626485,E24_石川ダイハツ横川店,3,1,6098
35.752907,139.642432,T3-47.セブン‐イレブン練馬春日町４丁目店,6,9,5526
33.23325,131.62782,134.岩田町４丁目,4,1,4816
35.734289,139.627182,T2-106.ローソン練馬富士見台店,1,9,5810
35.165757,136.911449,195.ABホテル名古屋栄,3,1,979
35.611085,139.68599,K1-83.北千束北児童公園,10,7,10931
35.461148,139.514312,【A-005】希望ヶ丘駅北口駐輪場,15,3,837
35.736594,139.649558,T3-50.ローソン練馬豊玉北六丁目店,11,9,5809
35.0612,135.739716,KT216-日照山 法雲寺,9,1,2575
34.66919,135.53833,H-27.エスプレイス大阪城サウスコンフォート2,3,2,4338
34.998701,135.764182,KT522-市川甚パーキング,9,1,5177
35.006664,135.738391,KT402-京都CozyHouse二条,3,1,3926
38.26347,140.87979,183.大樹生命仙台本町ビル/アジュール仙台,5,1,5510
36.592083,136.671209,58.ファミリーマート東金沢駅前店,5,1,89059
34.675534,135.549706,H-26.東成郵便局,6,1,5233
24.335867,124.159873,I-07.大濱信泉記念館,6,1,5845
34.693922,135.477626,C-28.福島郵便局,3,1,5230
33.24252,131.60215,130.ローソン大分千代町四丁目店,10,1,4524
34.63343,135.49369,I-27.西成郵便局,3,1,5232
35.386657,139.494104,【T-012】俣野公園,10,3,1174
35.602426,139.741734,I1-164.リパーク東大井2丁目第2,30,10,5913
35.497529,139.496544,【A-051】亀甲山交差点付近,5,3,5194
34.39221,132.49976,197.ソシオ レジデンシャル ホテル,5,1,5499
35.579917,139.735046,K1-198.エルメゾン大森,6,7,4441
34.36159,132.46224,208.フォレスト宇品,6,1,5434
35.579917,139.735046,K1-198.エルメゾン大森,6,7,4441
34.36159,132.46224,208.フォレスト宇品,6,1,5434
36.53451,136.649854,E22_円光寺・サンピア泉ヶ丘,10,1,6096
34.68856,135.189513,45.三菱UFJ元町通出張所,4,1,5511
35.713568,139.789694,F2-09.浅草の花,16,18,5914
35.601431,139.718659,I1-78.セブン-イレブン西大井店,6,10,10927
34.651864,133.902562,M063.ドコモショップ大元店,3,1,5640
35.041842,135.780934,KT548-左京郵便局,4,1,5668
35.466488,139.507491,【A-021】東希望ケ丘225-4地先,6,3,2708
35.736925,139.655451,T3-42.ローソン豊玉北五丁目店,8,9,5379
35.590957,139.710513,K1-197.長遠寺バス停前,3,7,4428
35.490491,139.527346,【A-050】上白根町1107地先,6,3,5193
35.669744,139.842081,H1-280.広和自動車,12,4,5523
35.721791,139.803887,F3-05.フォースター浅草今戸,6,18,2647
31.59338,130.553619,K1-09.中央公園,15,1,1540
35.142647,136.836962,699.名鉄協商パーキング野田3丁目,5,1,5178
34.660426,133.895648,M064.ドコモショップ大安寺店,8,1,5641
35.69576,139.809606,G5-10.VORT錦糸町,1,15,5207
36.560481,136.650635,33.片町・ホテルアマネク金沢,5,1,89033
35.694164,139.787057,B1-04.産業会館,3,2,10050
35.679611,139.66275,N4-09.中野区南台5-15-23,9,13,5525
34.648638,133.921798,M068.サニーコート岡町,4,1,5644
35.448612,139.560262,H-020.藤塚小学校入口,10,4,3697
35.574886,139.733404,K1-199.ジーベック平和島Ⅱ,3,7,4531
35.615696,139.699551,I1-138.アイディ西小山,0,10,4981
35.146061,136.897211,174.ファミリーマート金山正木橋店,0,1,734
35.426777,139.527246,【I-021】岡津町交差点北付近,3,3,3699
35.732157,139.641147,T3-44.ローソン練馬中村三丁目店,11,9,5380
34.988897,135.758865,KT038-烏丸七条,18,1,2141
35.154991,136.902854,702.名鉄協商パーキング橘1丁目第2,3,1,5179
34.982988,135.760849,KT039-白川ビルIIローソン裏(京都駅八条口),13,1,2151
26.515544,127.914715,O-10.おきなわ名嘉真荘,11,1,4167
35.583273,139.729296,K1-238.大森北４丁目,19,7,5522
35.399452,139.535427,【T-008】戸塚スポーツセンター,11,3,850
31.91699,131.42253,ｍｒｔ宮崎放送ポート,0,1,3809
36.544438,136.634828,E23_西泉・事務キチ金沢店,3,1,6097
35.644031,139.752746,C5-64.COAST芝浦,3,3,5811
36.391854,136.451564,17.アルビス小松幸町店【簡易ポート】,2,1,5839
31.595,130.5542,K1-10.西郷銅像前,12,1,1541
35.017986,135.786944,KT160-くろ谷金戒光明寺駐車場,14,1,2487
35.160983,136.994028,711.ファミリーマート名東本通三丁目店,1,1,5220
34.649473,133.935565,M077.ローソン岡山桜橋三丁目店,5,1,5843
34.66705,133.91702,M004.岡山駅西口B,30,1,5581
33.23307,131.60794,03.要町バスターミナル西A,25,1,85003
34.65706,133.938357,M076.ローソン岡山門田屋敷店,9,1,5842
34.665363,133.924554,M071.広島銀行岡山支店,3,1,5647
35.550928,139.721861,K1-224.大田区南六郷1-4-7,10,7,5376
34.948107,135.776198,KT568-JR藤森駅東側(深草大亀谷東寺町),10,1,5846
34.661109,133.920767,M070.アイステージ幸町,17,1,5646
36.533909,136.630622,E26_久安殿屋敷公園,11,1,6100
35.024283,135.791889,KT567-セラヴィ119,5,1,5840
34.320167,134.04167,046.グローバルセンター中央通り店,10,1,5812
35.509055,139.500353,【M-012】霧が丘自転車等保管場所,10,3,2711
35.0069,135.7757,KT410-MODISH GION SHIRAKAWA,8,1,4090
35.686649,139.689821,D6-04.新宿中央公園（ちびっこ広場）,9,5,10187
35.466474,139.49897,【S-005】瀬谷区役所,7,3,1330
34.650733,133.898821,M079.ローソン岡山野田西店,6,1,5847
34.975584,135.728015,KT408-Luxe 京都西大路,10,1,3973
35.669956,139.779443,B2-29.エルレナート新富,2,2,5915
34.647292,133.922086,M059.天満屋ハピーズ岡輝店,5,1,5636
34.66585,133.92554,M007.柳川交差点,37,1,5584
34.644689,133.902242,M057.大元 宗忠神社第二駐車場,15,1,5634
34.662476,133.921247,M069.幸町2丁目,3,1,5645
33.24099,131.61294,135.アルバクレスタ城崎,4,1,4994
35.69566,139.79214,G4-01.両国ビューホテル1,7,15,916
34.36867,132.44908,209.RIDERE光南,4,1,5527
36.551299,136.655043,36.寺町3丁目緑地,5,1,89036
36.530322,136.633484,E27_久安1丁目小公園,7,1,6101
34.736485,135.495255,K-31.新大阪第2NKビル,3,1,4386
35.734912,139.667323,T3-51.アクサス新江古田,2,9,5930
35.570627,139.716929,K1-196.ガーデン蒲田,10,7,4395
36.540144,136.636918,E25_有松児童遊園,10,1,6099
34.686975,133.911585,M060.天満屋ハピーズ津島店,7,1,5637
34.646228,135.491491,I-35.鶴見橋2丁目,4,2,6049
31.942,131.42143,神宮ふれあい緑地広場ポート,6,1,3813
35.58142,139.72203,K1-194.ウィスティリア大森山王,2,7,4222
35.548864,139.74484,K1-93.六間堀仲羽公園,6,7,11015
35.723124,139.757572,E4-18.リオン工芸駐車場,7,6,4983
34.650807,133.917233,M072.東古松1丁目,14,1,5659
35.688735,139.692249,D6-29.都庁第二本庁舎前,14,5,458
35.702573,139.686783,N3-26.ARKMARK中野坂上,9,13,5420
35.703844,139.778432,F1-08.アイル秋葉原NORTH弐番館,5,18,4984
36.593306,136.669673,37.東金沢駅東口,2,1,89037
38.256051,140.8984,198.合同宿舎 榴ヶ岡住宅,24,1,5962
35.699375,139.681635,N3-25.メゾン中野坂上,4,13,5345
35.703448,139.721736,D3-22.感通寺01,3,5,4986
34.647868,133.909797,M078.ローソン岡山大元駅前店,8,1,5848
35.657154,139.793505,H1-268.豊洲セイルパーク,19,4,5209
34.661529,133.926462,M056.NTT西日本岡山支店,5,1,5633
34.460874,135.37651,緑の街角ひろば,15,2,4733
34.643312,133.888772,M054.問屋町立体駐車場,13,1,5631
34.70005,135.520199,A-19.OAP 大阪アメニティパーク東側,33,1,1087
35.051443,135.748493,KT416-シエルコート紫竹,3,1,4129
35.614038,139.720311,I1-140.戸越八幡神社,11,10,4985
34.834648,134.695685,51.姫路郵便局,4,1,4705
35.401008,139.604867,【IS-002】汐見台第4共同住宅,3,3,5448
35.585578,139.701976,K1-193.アイディ西馬込,2,7,4164
35.698588,139.792946,G4-05.両国駅西口臨時自転車駐車場,19,15,914
35.030418,135.731308,KT579-NTT西日本 北野別館,9,1,6102
35.021133,135.693269,KT525-嵯峨広沢南野町,8,1,5234
35.683888,139.790867,B1-42.日本橋アムフラット,2,2,5917
34.68234,133.92356,M039.こどもの森,9,1,5616
38.25689,140.88104,185.パークホームズ仙台中央,7,1,5555
35.003521,135.716556,KT556-ローソン 天神川四条店,10,1,5757
34.961365,135.748705,KT411-MCY要M,4,1,4145
35.702525,139.796632,G4-03.本所1-6-5,8,15,915
35.684505,139.836034,H1-293.北砂５丁目,19,4,5916
31.91582,131.43029,宮崎駅西口前ポート,0,1,3841
35.57667,139.67511,K1-191.LUMEED AXAS鵜の木2,3,7,4201
35.57666,139.6752,K1-190.LUMEED AXAS鵜の木1,8,7,4200
36.607703,136.615137,43.金沢港クルーズターミナル,8,1,89043
34.36591,132.43107,210.江波清水ビル,5,1,5528
35.572086,139.68708,K1-89.ファミリーマート大田千鳥三丁目店,1,7,11001
35.461192,139.488752,【S-016】瀬谷スポーツセンター,7,3,3150
35.564957,139.746994,K1-183.東京労災病院（駐輪場）,22,7,4221
35.018383,135.733637,KT517-グランドール２,12,1,4989
35.400024,139.53382,【T-007】戸塚区役所,4,3,849
35.453327,139.506003,【S-008】阿久和富士見小金台公園,4,3,1460
35.196207,136.957813,644.守山自衛隊前駐輪場,6,1,4990
35.054011,135.76699,KT561-ローソン 上賀茂榊田町店,8,1,5763
35.703151,139.66945,N3-28.PREMIUM CUBE 中野,4,13,5931
35.658712,139.791424,H1-294.アーバンドックパークシティ豊洲,7,4,5918
34.674418,133.906434,M062.池田動物園,10,1,5639
34.391726,132.468519,105.EN HOTEL Hiroshima,13,1,3259
35.70861,139.75768,E5-09.文京区 男女平等センター,15,6,10483
35.168615,136.934212,358.TENAS今池,2,1,2106
35.556231,139.751408,K1-75.三井不動産インダストリアルパーク羽田,20,7,10844
35.760793,139.575386,T2-107.セブン‐イレブン練馬西大泉４丁目店,5,9,6052
35.540149,139.708249,K1-216.止め天神,15,7,5239
35.703972,139.797327,G4-11.ホテルマイステイズ浅草,22,15,1765
35.17094,136.909036,164.オアシス21前ステーション,3,1,724
34.65828,133.9324,M041.京橋,34,1,5618
34.682935,135.452605,J-09.此花区役所,9,2,129
38.25723,140.903736,15.弘進ゴム アスリートパーク仙台,46,1,15
35.438142,139.566543,H-013.境木本町,12,4,2802
35.546896,139.749087,K1-184.羽田BASE,4,7,3983
35.69955,139.803204,G4-07.ディアレイシャス両国,4,15,1308
33.23483,131.60703,100.大分駅前交差点,10,1,1287
35.431164,139.513115,【I-024】新橋町111地先,5,3,3720
35.715097,139.831332,G4-27.ゴルフクラブイースタン,14,15,4248
34.679418,133.928373,M058.天満屋ハピータウン岡北店,9,1,5635
35.718099,139.817627,G2-11.若草不動産販売裏,1,15,2900
34.64542,133.92826,M052.中央図書館,28,1,5629
35.170296,136.901345,645.名古屋伏見ビル,3,1,4991
38.277023,140.872456,196.イオンモール仙台上杉（北側駐輪場）,4,1,5960
35.054586,135.751243,KT559-ローソン 堀川通紫竹店,8,1,5760
34.689499,133.915013,M067.サニーコート岡大西,4,1,5643
34.38393,132.46462,145.グランスターもみじ,8,1,2969
34.609488,135.482621,T-25.住之江区役所,13,2,5909
35.690331,139.784909,B1-31.久松歩道橋,5,2,3476
35.423328,139.513439,【I-025】西が岡三丁目第二公園前,8,3,3734
35.579799,139.735487,K1-192.プレールアイディ大森Ⅱ,2,7,4163
35.048596,135.78253,KT544-U.C.D－松ヶ崎,6,1,5648
35.028094,135.746804,KT452-Marble BLDG. 西側,5,1,4351
35.553412,139.724074,K1-188.AXAS南蒲田AsylCourt,13,7,4199
34.652925,135.558696,N-07.ローソン生野巽東三丁目店,6,2,7792
35.423552,139.549405,【T-022】ソーシャルレジデンス東戸塚,1,3,3173
36.550591,136.639847,40.泉本町・日本海コンサルタント,9,1,89040
35.491865,139.512477,【A-029】福泉寺前,5,3,3732
38.275365,140.872411,171.イオンモール仙台上杉,5,1,4784
35.427765,139.610812,MN-009.森パークマンション,6,4,3363
35.01381,135.705311,KT423-グランドール山仁(猪丸),10,1,4166
35.560786,139.699666,K1-185.ガリシア矢口渡,5,7,4070
35.699689,139.726527,D2-19.ベウラ柳町,9,5,4987
35.476929,139.501685,【A-012】聖マリアンナ医科大学 横浜市西部病院,13,3,1777
35.696492,139.791591,G4-13. Parking in 両国駅前第2,3,15,1839
33.276716,131.507168,104.ゆめタウン別府,4,2,1841
34.99012,135.74129,KT419-ナビパーク朱雀宝蔵町第2,7,1,4150
36.401062,138.252338,U-05.セブンイレブン上田城大手門店,2,1,1529
36.566926,136.645188,09.長土塀青少年交流センター,2,1,89009
34.605329,135.513887,S-15.APパーク長居東,4,2,5698
34.65276,133.88544,M050.北長瀬駅南口,64,1,5627
34.682567,133.906675,M065.ドコモショップ津島店,14,1,5642
35.01061,135.714139,KT425-UniLife-Uni E’meal太秦天神川,8,1,4169
35.718938,139.609547,O1-06.ローソン杉並今川二丁目店,3,14,5212
35.597261,139.711855,K1-189.東京イン,7,7,4223
35.684304,139.78515,B1-32.タカオビル,14,2,3787
35.015196,135.694181,KT526-有栖川駅前(南西側),8,1,5235
34.66629,133.91642,M038.リットシティビル前,2,1,5615
35.70378,139.814298,G5-02.横川3-7-10,37,15,913
35.723536,139.778212,F4-10.根岸2-14-1,7,18,4988
35.714238,139.810946,G2-12.OSHIAGE墨邸,3,15,2978
34.66928,135.5386,H-25.エスプレイス大阪城サウスコンフォート1,5,2,4327
35.547688,139.727847,K1-170.セブン-イレブン 大田区本羽田１丁目店,4,7,3435
35.020748,135.784362,KT438-善正寺,5,1,4253
35.031057,135.737721,KT455-西柳町(北野天満宮東側),7,1,4372
35.415627,139.4932,【I-031】リョーコーホーム,3,3,4053
35.563937,139.56964,【TZ-004】大久保第5ビル,8,3,5468
34.945648,135.764221,KT545-伏見郵便局,6,1,5663
35.475256,139.586116,H-031.横浜国立大学西門学びの坂駐輪場,6,4,5357
35.470691,139.482605,【S-009】瀬谷駅北口駅前広場,14,3,1459
34.38807,132.49186,171.NTT西日本大州ビル,12,1,4091
35.609741,139.710097,I1-147.中延2丁目,49,10,5240
35.678246,139.837161,H1-289.北砂7丁目団地　第4,8,4,5764
33.24152,131.61561,114.大分銀行事務センター,4,1,3081
35.426639,139.487149,【I-032】和泉町5006地先,4,3,4540
35.429258,139.495388,【I-010】いずみ野駅南口駅前広場,15,3,1563
35.482201,139.61817,KG-002.薬クリエイト横浜六角橋店,3,4,933
34.74129,135.49469,K-21.エスリード新大阪グランゲートノース,7,2,3069
35.052511,135.75155,KT426-北山しばた接骨院,3,1,4175
35.437031,139.605214,MN-002.清水ヶ丘公園,7,4,1581
35.706129,139.801394,G4-14.イルニード,9,15,2432
35.121082,136.92469,780.フィール堀田店,4,1,5852
35.678653,139.837145,H1-290.北砂7丁目団地　第5,7,4,5765
34.702497,135.550461,L-28.清風荘Z,3,2,5700
35.706118,139.798187,G4-15.グランツスエヒロ,6,15,2585
34.672268,135.557055,H-28.ローソン内環深江南一丁目店,3,2,5699
35.604567,139.689096,K1-142.コーラル洗足池,4,7,1629
38.261956,140.897623,197.仙台第３合同庁舎,14,1,5961
35.421681,139.51602,【I-026】西が岡二丁目公園前遊歩道,5,3,3735
34.986387,135.77115,KT056-鴨屋旅館,5,1,2314
33.22398,131.61494,137.大分県立芸術文化短期大学,7,1,5827
34.657909,135.499554,E-71.レシオスなんばVOGUE,11,2,5243
35.019269,135.711043,KT458-ドコモショップ常盤東店,16,1,4392
35.643202,139.746244,C5-09.グランパーク,24,3,10156
35.710705,139.801124,G4-18.庁舎うるおい広場,6,15,2820
43.056848,141.356205,55.西2丁目線H&Bプラザビル前,10,1,665
34.624115,135.518137,Q-20.アイアム西田辺,3,1,3969
35.698272,139.693918,D6-37.リヴシティ新宿壱番館(2),11,5,5952
34.699732,135.519364,A-26.OAP 大阪アメニティパーク西側,5,1,1114
35.719143,139.814389,G2-20.東向島1丁目,7,15,5210
35.438629,139.632437,198.フロール山田町第３,6,4,5451
34.681747,135.56374,L-31.セブン‐イレブン大阪諏訪３丁目店,5,2,5920
35.706165,139.797513,G4-29.ブライズ浅草,3,15,4633
34.3734,132.45906,213.株式会社ソルコム,5,1,5766
35.462724,139.550579,【A-037】左近山小学校付近（階段上）,2,3,3729
43.069329,141.315813,77.メディカルスクエア北円山,20,1,5548
33.23382,131.59727,129.ローソン大分田室町店,0,1,4523
35.548104,139.748889,K1-139.プラットホステル京急 羽田ホーム,10,7,1346
35.010073,135.763813,KT467-柳馬場御池(くるっとパーク),8,1,4463
38.261295,140.848712,199.合同宿舎 亀岡住宅,11,1,5963
34.989513,135.719675,KT068-西京極中町(葛野大路七条上る),5,1,2344
35.567146,139.693344,K1-131.東急武蔵新田駅駐輪場,14,7,978
34.47565,135.40607,ファミリーマート岸和田中井町東店,1,2,5672
33.23485,131.60926,126.九州電力 大分支店,3,1,4489
35.700463,139.804022,G4-31.石原3丁目,22,15,5307
35.577794,139.660751,K1-123.東急新丸子駅（東）駐輪場,15,7,645
35.123334,136.888138,420.六番町南自転車駐車場,2,1,2687
34.715036,135.561722,M-08.ジョーシン鶴見店,8,2,1772
35.474394,139.544539,【A-042】旭区役所,3,3,3678
43.067359,141.363336,71.北ガスアリーナ札幌46,18,1,4205
35.715352,139.808617,G2-23.悠Oshiage,8,15,5498
35.686334,139.692881,D6-27.新宿三井ビルディング二号館,17,5,10972
35.570508,139.764013,K1-67.京浜島防災広場,35,7,10713
34.973752,135.761432,KT070-京都ユウベルホテル,10,1,2346
35.014195,135.704083,KT463-太秦こころ整骨院,3,1,4410
35.471555,139.564194,H-015.川島町1245地先,10,4,3715
35.462991,139.568821,【A-010】株式会社水村建設,4,3,1593
35.466573,139.53517,【A-035】本村インター,7,3,3713
35.698061,139.693989,D6-36.リヴシティ新宿壱番館(1),7,5,5953
35.59355,139.711786,K1-237.ヴォーガコルテ馬込アジールコート,4,7,5521
34.46881,135.41927,ファミリーマート岸和田今木町店,0,2,5671
35.619451,139.834429,H1-95.若洲公園,24,4,10703
35.462094,139.530371,【A-033】二俣川駅線路沿い,10,3,3727
34.996242,135.728293,KT391-ドコモショップ西大路五条店,4,1,3765
35.428497,139.501107,【I-028】弥生台交差点付近,3,3,3742
34.973535,135.752371,KT189-近鉄十条駅前,17,1,2540
34.685816,135.456869,J-11.此花区民ホール,4,2,130
34.686889,135.464571,C-29.MML CULTURE BLDG.,9,1,5832
35.523209,139.679879,【TR-014】コーナン鶴見元宮店,10,3,5244
35.715073,139.681463,D7-20.ユニマットパーキング中井2丁目,20,5,5955
35.456362,139.57949,H-016.仏向けやき公園付近,5,4,3718
35.06529,135.749882,KT553-上賀茂舟着町,8,1,5754
34.995173,135.701269,KT473-はるかぜガーデン桂川,5,1,4547
35.658197,139.817992,H1-288.JR潮見駅高架下,33,4,5761
24.339888,124.158093,I-06.石垣市公設市場,4,1,5782
35.568722,139.680736,K1-114.下丸子公園,6,7,301
35.187378,136.876628,127.名鉄協商パーキング上更,4,1,416
35.69728,139.802371,G4-33.亀沢2丁目,10,15,5874
43.069136,141.320115,65.コープさっぽろそうえん店,20,1,2849
34.969356,135.714185,KT476-coco wa house,6,1,4593
36.563219,136.654692,15.いしかわ四高記念公園前,24,1,89015
35.587238,139.691612,K1-256.ローソン久が原一丁目店,4,7,5943
33.23952,131.61682,132.ローソン大分舞鶴町一丁目店,0,1,4526
35.695307,139.800354,G6-06.プレミアステージ両国,1,15,5796
35.401841,139.605804,【IS-001】汐見台第3共同住宅,7,3,5447
34.990338,135.740378,KT079-KAGANHOTEL-河岸ホテル,5,1,2371
35.429567,139.506426,【I-020】弥生台駅南口ロータリー,6,3,3721
34.989569,135.714602,KT427-北條ガレージ,7,1,4188
35.438629,139.634541,204.セントラルシティ横浜,4,4,5678
35.669797,139.778387,B2-26.VORT新富町,1,2,4630
35.459782,139.595581,H-023.保土ケ谷区役所,4,4,3956
35.412029,139.609412,【IS-004】笹堀商会,7,3,5475
35.700379,139.796104,G4-25.パークブルーム両国,9,15,4177
34.40525,132.44623,201.クレスト中広,3,1,5247
36.573652,136.649461,63.ローソン金沢芳斉二丁目店,3,1,89064
35.472736,139.548304,【A-011】市営鶴ヶ峰南住宅,18,3,1625
35.635074,139.715591,I1-151.目黒駅前,70,10,5318
35.444122,139.525369,【I-029】緑園学園入口,3,3,3719
35.18432,136.888748,125.ファミリーマート名古屋浅間町店,7,1,432
35.017094,135.712857,KT067-京ノ紙技 粟倉紙工,8,1,2343
35.546337,139.575966,【TZ-002】コーナン港北センター南店,3,3,5245
35.016996,135.772548,KT017-下堤谷口マンション(神宮丸太町駅前2番出口),7,1,2120
35.193572,136.883305,369.名鉄協商パーキング児玉3丁目第2,1,1,2186
35.467718,139.561962,H-018.西原団地,9,4,3716
35.570763,139.705895,K1-09.セブン‐イレブン 大田区西蒲田２丁目店,15,7,10314
35.704911,139.800538,G4-23.東京都墨田区本所2丁目17-4,4,15,3542
35.094315,136.9405,720.ファミリーマート新赤坪店,3,1,5249
35.557999,139.732564,K1-108.仲江名公園,3,7,270
43.059666,141.356905,15.南1条通JCB札幌東ビル前,17,1,86016
35.716062,139.799552,F2-02.アップルパーク浅草6丁目第3,2,18,1915
33.223,131.65218,98.あけのアクロスタウン,9,1,733
35.669228,139.751668,C1-67.京阪神 虎ノ門ビル,36,3,11000
35.181646,137.018561,334.ファミリーマート名東藤が丘店,2,1,1823
35.690867,139.801961,G4-34.AXASFORT両国立川,1,15,5945
24.342496,124.151174,I-04.ルートイン グランティア石垣,10,1,3407
35.495105,139.52766,【A-007】よこはま動物園ズーラシア,29,3,1106
43.064626,141.344849,21.北海道庁別館西棟,51,1,86022
43.068748,141.334793,74.エア・ウォーターの森,10,1,4348
35.003201,135.764049,KT023-京都信用金庫 本店,9,1,2145
34.39111,132.48229,206.ART PEACE HIROSHIMA ,9,1,5417
43.068688,141.347914,58.札幌駅西口ヨドバシカメラ前,31,1,1515
35.581798,139.695222,K1-117.安詳寺,0,7,375
34.46572,135.38484,ファミリーマート岸和田藤井店,2,2,5676
36.082174,136.22163,【臨時】幾久公園,5,1,4751
34.660534,133.913223,M083.筒井歯科クリニック駐車場,4,1,5948
35.52092,139.58954,【TZ-003】コーナン港北インター店,4,3,5246
43.05511,141.3154,43.大通西28丁目円山公園入口,41,1,86044
35.559647,139.730098,K1-10.セブン‐イレブン 大田区西糀谷１丁目店,10,7,10315
35.008241,135.682063,KT478-The GrandWest Arashiyama,8,1,4625
35.58223,139.72763,K1-119.シーンズ大森パークサイド,4,7,453
35.69721,139.79915,G4-22.エステムプラザ両国北斎通り,6,15,3457
35.010405,135.735175,KT576-喫茶トキ,5,1,5949
34.44078,135.38941,ファミリーマート岸和田畑町店,1,2,5675
35.063114,135.750268,KT554-Hollys House,4,1,5755
35.045932,135.788399,KT527-新京阪観光案内所,4,1,5248
35.480679,139.542252,【A-026】鶴ヶ峰中学校前,4,3,3724
34.623536,135.477132,T-24.ローソン北加賀屋三丁目店,2,2,5722
35.029462,135.769926,KT021-京都中央信用金庫 出町支店,8,1,2122
35.381733,139.624451,【IS-003】フロール新杉田,2,3,5449
35.485613,139.5353,【A-027】今宿ハイツ交差点付近,4,3,3725
35.507222,139.630609,【KH-001】ノイエスハウス錦が丘,6,3,5950
43.075071,141.341552,29.北大工学部,30,1,86029
43.067604,141.373675,36.北3条通苗穂駅前,23,1,715
35.592684,139.679756,K1-261.セリゼ雪が谷,10,7,6108
35.698889,139.707497,D5-14.アクサス東新宿アジールコート,16,5,5823
43.06574,141.333403,50.ローソン札幌北6条西十四丁目店,5,1,182
34.986244,135.757328,KT550-京都中央郵便局,25,1,5664
35.070677,136.954227,721.ファミリーマート緑太鼓田店,8,1,5250
43.059078,141.353611,14.南1条通大丸藤井セントラル前,15,1,86015
35.378592,139.498668,【T-028】戸塚深谷共同住宅,4,3,5450
35.658636,139.774251,B4-57.フォアフロントタワー,10,2,6109
35.147632,136.935569,679.ファミリーマート昭和石仏町店,3,1,5072
36.573127,136.644085,111.元菊町・INOVA Kanazawa,5,1,5033
35.43952,139.632861,205.CENTRAL GARDEN,4,4,5679
38.27066,140.88493,170.吉田宮町ビル,16,1,4752
35.46599,139.521616,【A-032】神奈川県立公文書館,14,3,3726
35.579049,139.739878,K1-02.平和の森公園,11,7,10286
35.717241,139.801674,F2-04.コンフォラス浅草マンション,2,18,1944
34.66467,133.91754,M036.岡山駅東口（さんすて岡山南館前）,15,1,5613
34.6885,133.92314,M033.岡山大学東門,12,1,5610
34.654006,135.534931,N-31.生野郵便局,3,1,5183
35.714165,139.799027,F2-07.台東区民会館・東京都立産業貿易センター台東館,7,18,3673
35.2035,137.003142,786.ローソン守山警察署北店,9,1,5965
34.692239,135.523363,G-33.ラ・フォルム天満橋イースト,5,2,5181
35.549577,139.730365,K1-263.メイクスデザイン糀谷アジールコート,3,7,6112
35.667652,139.811944,H1-285.ISビル,11,4,5701
35.493937,139.506301,【A-030】東根バス停帷子川沿い,5,3,3731
35.576374,139.701507,K1-231.メイクスデザイン池上アジールコート B,2,7,5402
35.688038,139.786561,B1-08.明治座,12,2,10064
35.679435,139.72218,D1-22.ヴェローナ信濃町ルッソ（１）,2,5,6110
34.73981,135.525434,V-10.TSP淡路EASTレジデンスSHARE,3,2,5182
35.649289,139.80117,H1-275.ル・リオン豊洲ウォーターフロント　A,1,4,5407
35.692455,139.773642,A3-59.英ビル,3,1,5957
35.173935,136.918587,147.名鉄協商パーキング東桜第2,3,1,564
35.013564,135.783293,KT024-京都市京セラ美術館,17,1,2123
35.669695,139.831874,H1-99.南砂三丁目公園,49,4,10707
35.46555,139.481385,【S-011】NTT瀬谷ビル,5,3,1714
35.505038,139.499231,【A-056】若葉台団地3号棟前,5,3,5850
34.71294,135.52913,G-34.都島郵便局,4,1,5184
35.02903,135.723865,KT096-等持院駅(北側),5,1,2403
35.491325,139.576027,KG-005.ハローテニスクラブ,5,4,5180
35.649192,139.801171,H1-276.ル・リオン豊洲ウォーターフロント　B,2,4,5408
35.483154,139.529273,【A-009】セブン-イレブン横浜今宿西町店,5,3,1291
35.715806,139.728321,E2-15.音羽パークロード (音羽1丁目),3,6,5958
31.92293,131.45426,イオンモール宮崎ポート,13,1,3823
34.979481,135.761766,KT097-CUBESUCRE KyotoStation,10,1,2406
35.578611,139.730066,K1-262.大田区こども未来総合センター,5,7,6111
34.66295,133.9228,M040.西川緑道公園（平和町）,14,1,5617
35.486334,139.52136,【A-028】都岡前交差点付近,8,3,3733
35.506081,139.49933,【A-057】若葉台団地4号棟前,4,3,5851
35.693091,139.786238,B1-34.エピック東日本橋レジデンス,0,2,4362
35.391529,139.521473,【T-016】NTT戸塚LMC,2,3,1716
35.694219,139.777253,A3-55.シティインデックス千代田岩本町,6,1,5704
35.506891,139.517708,【M-016】梅田バス停前,5,3,3730
35.684259,139.790814,B1-40.あやめ第一公園駐車場,5,2,5703
35.672586,139.802387,H1-286.富岡駐車場,5,4,5702
35.016237,135.772659,KT033-京阪神宮丸太町駅前(京阪川端駐輪センター),15,1,2126
35.464382,139.532289,【A-034】二俣川駅免許センター入口前,8,3,3743
35.029746,135.743816,KT546-西陣郵便局,8,1,5666
35.735036,139.75353,E4-20.本駒込５,18,6,5657
35.00308,135.703778,KT415-STUDIO KAN,5,1,4085
35.664869,139.719878,C3-43.ユニマットパーキング南青山4丁目第1,6,3,5956
35.762794,139.668163,T3-35.田柄川緑道(錦1-40),4,9,2720
35.02882,135.731274,KT394-ドコモショップ北野白梅町店,7,1,3768
35.195202,137.027603,785.ローソン守山白山二丁目店,4,1,5964
35.683457,139.691312,M5-26.代々木西参道自動二輪駐車場,10,8,5705
35.600768,139.695678,K1-264.ガイア上池台,6,7,6113
35.126826,136.959882,763.表山3丁目,4,1,5768
34.987542,135.746716,KT036-梅小路公園,15,1,2140
35.69195,139.78532,B1-36.リパーク東日本橋2丁目第3,40,2,5317
35.03097,135.737745,KT066-京都やどまち上七軒,10,1,2334
35.16658,136.961827,787.ローソン千種楠元町店,3,1,5966
35.464341,139.549467,【A-036】旭スポーツセンター,3,3,3728
35.717571,139.804216,F3-02.台東区リバーサイドスポーツセンター,5,18,1921
35.576377,139.701565,K1-232.メイクスデザイン池上アジールコート C,6,7,5403
35.506456,139.498132,【A-055】若葉台団地若葉台中央バス停前,6,3,5849
35.526364,139.741706,Z27.ハイムスイート川崎小島新田,7,11,5480
35.649192,139.80104,H1-277.ル・リオン豊洲ウォーターフロント　C,24,4,5409
35.198404,136.964694,792.ローソン守山ひょうたん山店,2,1,5969
35.005302,135.751434,KT045-Vine Oak Eleven,11,1,2207
35.139788,136.854035,776.名鉄協商パーキング高畑駅前第5,3,1,5798
35.16998,136.935689,758.今池駅西ステーション,4,1,5866
34.66227,133.92643,M011.岡山中央郵便局前,12,1,5588
35.017507,135.753443,KT107-京都信用金庫 丸太町支店,3,1,2418
35.1747,136.985008,788.ローソン名東区平和が丘店,0,1,5967
35.060033,135.750824,KT334-ホームズ上賀茂,4,1,3394
34.979974,135.758542,KT105-京都信用金庫 九条支店,8,1,2415
35.515238,139.540017,【M-015】中山駅北口,18,3,3746
35.662326,139.75125,C1-98.御成門郵船ビルディング,9,3,5706
35.76525,139.575978,T2-69.久保新田さくら公園,4,9,1499
34.66423,133.91794,M037.岡山駅東口（ホテルグランヴィア岡山前）,28,1,5614
35.005267,135.755267,KT048-HIRANOビル,13,1,2256
35.011297,135.767473,KT562-京都市役所前(南西),8,1,5785
35.065204,135.780946,KT110-京都信用金庫 岩倉支店,8,1,2421
38.259358,140.873645,45.青葉通パークビルディング,18,1,53
35.550027,139.74973,K1-91.穴守稲荷神社,19,7,11003
35.181068,136.879719,113イオンモールNagoyaNoritakeGarden前,10,1,368
35.428774,139.638297,200.山元町3丁目143地先,20,4,5513
35.009252,135.788197,KT311-ウェスティン都ホテル京都,20,1,3409
35.629987,139.787903,H1-287.東京ドリームパーク,6,4,5707
35.182836,137.019718,789.ローソン名東明が丘店,2,1,5968
34.690091,135.512483,B-101.日本郵政グループ大阪ビル,6,1,5185
35.018776,135.729547,KT308-京都信用金庫 円町支店,5,1,3148
35.021524,135.770661,KT304-日本バプテスト 京都教会,6,1,3112
35.032588,135.780452,KT084-京銀デジタルコネクト左京,6,1,2378
35.458009,139.557144,【A-038】市沢町金子谷公園付近,4,3,3737
34.969054,135.769639,KT314-京都工業,14,1,3614
34.66148,133.92987,M017.表町二丁目自転車等駐車場,37,1,5594
35.011947,135.773115,KT051-石孫ビル,1,1,2272
34.65698,133.92994,M028.岡山芸術創造劇場ハレノワ,20,1,5605
36.554685,136.651864,25.寺町5丁目緑地,8,1,89025
35.425892,139.537287,【T-025】テスラ横浜サービスセンター,5,3,3936
34.66575,133.92057,M005.岡山駅前電停（北）,8,1,5582
35.154117,136.950287,795.ローソン昭和川原通店,3,1,5972
35.431591,139.532927,【T-029】ローソン横浜名瀬店,7,3,6056
38.22244,140.87937,190.パルティ長町南,16,1,5649
35.469435,139.540423,【A-031】本村神明社前バス停付近,2,3,3712
34.998698,135.755272,KT318-More五条Ⅰ,8,1,3333
35.077986,136.952195,797.ローソン鳴海駅東店,3,1,5974
34.65726,133.91895,M019.下石井二丁目,55,1,5596
34.994011,135.758342,KT127-烏丸六条ホテル,7,1,2449
35.489061,139.594182,KG-006.アムールコート,4,4,5797
34.67362,133.91971,M034.岡山済生会ライフケアセンター,17,1,5611
36.560359,136.653759,57.竪町通り・OMO5金沢片町,9,1,717
38.269793,140.874203,04.ドコモ東北ビル,9,1,1
35.667497,139.629179,L1-53.京王桜上水駐輪場A,22,17,5709
35.160476,136.885065,808.NAKAGAWA CANAL DOORS,4,1,6055
34.9888,135.732655,KT113-京都信用金庫 西大路支店,8,1,2425
35.020433,135.747827,KT078-ホステルムンド,7,1,2369
35.512175,139.537689,【M-010】緑区役所,4,3,2313
35.157438,136.879397,800.ディアレイシャス名古屋大須通,8,1,6039
34.979557,135.766438,KT087-HOTEL KANSO,6,1,2381
35.120438,136.957308,794.ローソン昭和高校西店,9,1,5971
43.061527,141.355839,70.カナモトホール,16,1,3412
35.649274,139.792213,H1-68.芝浦工業大学附属中学高等学校,5,4,10406
35.032251,135.764645,KT157-メゾン・ド・ロゼ,4,1,2484
35.66774,139.62922,L1-54.京王桜上水駐輪場B,24,17,5710
34.6611,133.92262,M015.下石井公園（幸町図書館前）,13,1,5592
35.680711,139.838414,H1-297.サワイメディカルクリニック（南側）,3,4,6116
34.99507,135.755974,KT082-上錫屋町,5,1,2376
35.618592,139.697415,J1-73.ガリシアレジデンス目黒本町,2,12,5708
35.474605,139.548942,【A-040】鶴ヶ峰駅南口タクシー乗り場横,4,3,3714
34.991893,135.744752,KT319-More七条,7,1,3332
35.112522,136.897502,799.EQVo! ちとせ店,5,1,6054
34.66231,133.93422,M010.県立図書館前,49,1,5587
34.983054,135.774005,KT317-Mym(ﾏｲｴﾑ),4,1,3329
35.680771,139.838547,H1-296.サワイメディカルクリニック（正面）,3,4,6115
36.548066,136.648938,60.ローソン金沢弥生店,1,1,89061
35.172234,136.87632,061.NTT則武ビル,4,1,137
35.015246,135.742394,KT090-ドーミー千本二条,9,1,2385
35.016019,135.777611,KT125-熊野道谷口マンション,6,1,2447
38.275856,140.85811,56.ローソン仙台柏木3丁目店,8,1,39
35.519476,139.506308,【M-024】ローソン横浜霧が丘三丁目店,3,3,6057
35.148012,136.947701,796.ローソン川名駅前店,3,1,5973
34.960931,135.759583,KT092-ドーミー京都くいな橋,8,1,2387
35.606318,139.672421,L1-56.リパーク奥沢２丁目第３,27,17,6114
35.194003,136.965205,793.ローソン守山長栄店,1,1,5970
43.072487,141.367794,03.サッポロガーデンパーク,35,1,86004
35.424416,139.641067,202.山元町5丁目交差点付近,7,4,5515
35.026149,135.751348,KT133-一条IVY,9,1,2455
34.978614,135.711874,KT405-ドコモショップ桂店 第2駐車場,7,1,3962
35.515806,139.566305,【TZ-001】池辺町4035地先,7,3,3745
35.197283,136.892901,804.ディアレイシャス名古屋浄心Ⅱ,6,1,6040
34.65611,133.9203,M020.岡山市役所分庁舎,21,1,5597
34.65472,133.91862,M021.保健福祉会館,79,1,5598
36.556179,136.648639,62.ローソン金沢野町一丁目店,2,1,89063
35.029362,135.777633,KT091-ドーミー百万遍アネックス,15,1,2386
35.442375,139.639079,144.関内駅第三駐輪場,65,4,1444
35.459342,139.627792,069.横浜野村ビル,9,4,2038
35.036361,135.753792,KT352-妙覺寺 駐輪場,8,1,3544
35.653771,139.769295,B4-23.交通広場（豊海町）,1,2,237
35.07517,136.957447,798.ローソン緑区曽根店,7,1,5975
38.268784,140.886112,87.ファミリーマート小田原五丁目店,1,1,54
38.248489,140.910604,188.エニタイムフィットネス 宮城の萩大通店,13,1,5575
35.071658,135.756302,KT166-京都産業大学第１駐輪場,25,1,2501
35.037497,135.745883,KT323-訪問介護まごのて紫野,1,1,3346
34.45096,135.38684,ファミリーマートJR東岸和田駅北店,1,2,5674
34.65262,133.89055,M048.北長瀬未来ふれあい公園,1,1,5625
35.022095,135.785788,KT436-吉田下大路町,5,1,4219
34.45363,135.4339,ファミリーマート岸和田三田町北店,0,2,5670
35.008891,135.750637,KT156-三条姉猪熊(くるっとパーク),7,1,2481
34.92409,134.93562,加東市観光協会,9,1,4155
35.439589,139.521319,【I-013】相模鉄道 緑園都市駅西口ロータリ,9,3,2231
36.544754,136.690079,101.ネッツトヨタ石川田上もりの里店,7,1,1684
34.996593,135.753656,KT094-イニシア京都五条,6,1,2389
35.037327,135.781473,KT179-カプセルホテル漫遊堂,8,1,2522
36.39241,138.25809,U-09.イオンスタイル上田,3,1,811
35.006812,135.764829,KT378-皇都ビル(南側),7,1,3689
35.008154,135.760979,KT122-烏丸アネックス,12,1,2444
34.950599,135.74585,KT195-城南宮,9,1,2547
35.659177,139.719209,C2-33.パークウェルステイト西麻布,8,3,3372
35.189882,137.012955,434.名鉄協商パーキング藤里町,3,1,2840
35.014649,135.680821,KT209-井川徳道 映画美術記念館,8,1,2568
35.682332,139.78722,B1-15.ロイヤルパークホテル,5,2,10226
35.034171,135.740604,KT325-訪問介護リソラ,3,1,3352
34.983828,135.740408,KT337-唐橋井園町,6,1,3397
38.26509,140.88796,79.ローソン仙台小田原一丁目店,9,1,83
34.949826,135.750458,KT470-京都府赤十字血液センター,7,1,4498
36.411807,138.250755,U-21.信州上田医療センター前,5,1,5682
35.149451,136.923395,790.名鉄協商パーキング荒畑駅南第3,5,1,5977
34.45084,135.39135,ファミリーマート岸和田上松町店,0,2,5673
35.02943,135.754135,KT217-京都市小川特別養護老人ホーム,8,1,2576
35.000013,135.732774,KT174-ルミナース西院,5,1,2515
34.93476,135.764762,KT327-Hiro Momoyama ヒロモモヤマ,6,1,3356
34.39782,132.48058,034.ホテル広島ガーデンパレス,5,1,3234
34.6674,133.92969,M047.県立美術館・天神山文化プラザ,6,1,5624
34.35252,132.45455,067.広島港宇品旅客ターミナル(海側),9,1,3261
36.553937,136.69042,100.若松バス停前駐輪場,10,1,352
34.997362,135.774566,KT399-東山轆轤町,6,1,3924
38.2583,140.91312,125.ファミリーマート仙台萩野町四丁目店,4,1,982
34.935196,135.763993,KT577-NTT西日本 伏見別館,8,1,6058
35.003484,135.738893,KT115-京都信用金庫 壬生支店,7,1,2427
35.650732,139.72256,C2-19.広尾駅,13,3,10800
36.397019,138.250168,U-01.上田駅お城口水車前,13,1,1111
35.014326,135.755075,KT429-ファミリー向け民泊京都かつら二条,1,1,4191
38.241683,140.887658,78.ローソン 仙台河原町駅前店,10,1,82
35.034603,135.726487,KT221-ファミリーマート立命館大学前,9,1,2602
34.45297,135.43359,ファミリーマート岸和田三田町店,1,2,5669
35.037034,135.749392,KT357-大宮新ン町(堀川紫明南西),4,1,3553
35.149844,136.927401,791.名鉄協商パーキング荒畑駅北第3,4,1,5978
36.559343,136.67713,55.天神高架橋下第２自転車駐輪場,0,1,89057
34.65566,133.92031,M022.大供一丁目,29,1,5599
35.003265,135.717378,KT363-ドコモショップ四条外大前店②(奥側),8,1,3577
34.995235,135.717132,KT353-ゆとりけん,6,1,3549
38.251917,140.914318,127.トヨタレンタカー卸町店,10,1,1148
35.041518,135.736101,KT095-デ・リード金閣寺道,10,1,2399
34.995803,135.738592,KT170-京都リサーチパーク西屋外駐車場内,6,1,2511
35.011988,135.759462,KT237-京都国際マンガミュージアム,8,1,2648
34.992599,135.71182,KT354-西京極浜ノ本町,4,1,3550
34.990013,135.74591,KT099-京都梅小路RYOKAN,9,1,2446
35.171278,136.931632,778.千種駅ステーション,0,1,5976
34.96751,135.764751,KT338-RISE UP,6,1,3404
34.969202,135.75939,KT580-NTT西日本 勧進橋別館,4,1,6059
34.976024,135.754825,KT175-西洞院札ノ辻西(くるっとパーク),8,1,2516
36.413166,138.255322,U-22.大星神社,3,1,5683
34.3718,132.47527,116.ファミリーマート西旭町店,8,1,334
36.412222,138.240562,U-20.西部公民館,4,1,5681
34.662654,135.49703,E-19.浪速区元町2（地下鉄なんば駅）,22,2,7931
35.014438,135.690552,KT578-NTT西日本 嵯峨別館,10,1,6060
35.01092,135.746676,KT375-No6 二条,3,1,3691
35.052098,135.767087,KT180-北山駅前駐輪場(くるっとパーク),7,1,2605
34.996404,135.74073,KT491-ホステル SHIN Kyoto,4,1,4756
34.965122,135.773192,KT492-メゾンソレイユ稲荷,6,1,4771
35.008675,135.751484,KT555-ローソン 三条堀川店,6,1,5756
35.0003,135.776104,KT384-第8パールハイツ安井 (安井神社入口前),3,1,3752
34.47517,135.39759,ファミリーマート岸和田荒木町二丁目店,0,2,5677
35.57362,139.719151,K1-219.ハイマート富士,9,7,5340
35.028788,135.709703,KT471-エバーコーヒー,6,1,4503
36.406063,138.253859,U-26.北国街道柳町正面,9,1,5687
34.983601,135.733921,KT418-カフェ＆ダイニング ライオン (LION),2,1,4146
34.995152,135.737136,KT171-京都リサーチパークスタジオ棟北側,10,1,2512
34.983039,135.756857,KT487-南九条室町(京都駅南側),14,1,4727
35.454536,139.595802,H-032.保土ケ谷スポーツセンター,4,4,5518
34.965746,135.752282,KT188-近鉄上鳥羽口駅前,13,1,2539
35.181307,137.020811,577.名鉄協商パーキング藤が丘駅南第4,0,1,4159
36.398765,138.243657,U-25.サントミューゼ,3,1,5686
34.99098,135.753738,KT187-龍谷ミュージアム,6,1,2534
34.34171,134.052494,018.テックパーキング瓦町１丁目第３,8,1,3665
35.719958,139.785319,F4-12.エルニシア上野northeast,6,18,5979
35.166078,136.933878,576.名鉄協商パーキング今池3丁目第3,4,1,4158
34.992113,135.728511,KT374-医療法人 一医会 林医院,2,1,3684
35.020136,135.739033,KT358-妙堯寺 山門脇,8,1,3546
34.987734,135.692841,KT503-グルメシティ上桂店,6,1,4878
34.60163,135.50635,S-16.JR我孫子町駅,2,1,5781
35.00846,135.720982,KT185-山ノ内北ノ口町(くるっとパーク),12,1,2532
34.955524,135.767296,KT421-青風幼稚園 裏側駐車場,4,1,4156
35.654009,139.692727,J1-56.青葉台四丁目街かど公園,7,12,904
35.036288,135.779285,KT364-田中西浦町第2(くるっとパーク),6,1,3631
36.578577,136.645786,52.金沢駅西暫定駐輪場,21,1,4097
36.578577,136.645786,52.金沢駅西暫定駐輪場,21,1,4097
35.023372,135.759188,KT496-KBS京都,8,1,4801
34.9918,135.771652,KT480-豊国神社,10,1,4689
36.402706,138.243336,U-23.上田城跡公園南,6,1,5684
36.396242,138.225685,U-24.城南公民館,4,1,5685
34.974955,135.70196,KT379-第3紅花園ハイツ,5,1,3690
36.399729,138.255438,U-27.海野町,2,1,5688
34.954109,135.765578,KT422-深草池ノ内町,3,1,4157
35.459598,139.510647,【A-053】希望ヶ丘地区センター,2,3,5516
34.37635,132.48898,136.ローソン広島東本浦町店,15,1,1718
35.02038,135.728423,KT509-西ノ京伯楽町(円町北西側),6,1,4917
35.010314,135.680959,KT207-cafe RanZan(阪急嵐山駅前),6,1,2566
36.396711,138.259135,U-28.藤本つむぎ工房,4,1,5689
34.66857,135.543338,H-15.今里南１（地下鉄今里駅４番出口）,6,1,1313
35.020841,135.682879,KT506-グルメシティ嵯峨店,4,1,4881
34.995313,135.712858,KT191-マルヤマ本社 バス停前,10,1,2542
35.034404,135.726647,KT222-立命館大学前(くるっとパーク),20,1,2603
34.964472,135.769788,KT193-京阪龍谷大前深草駅,11,1,2545
38.259441,140.886683,109.ホテル仙台ガーデンパレス,15,1,239
34.990679,135.721699,KT508-River Regend1,10,1,4867
36.594743,136.603998,99.海みらい図書館,12,1,4116
35.756436,139.648977,T1-20.ローソン練馬春日町二丁目店,11,9,5981
35.464562,139.558147,【A-054】市沢地区センター,6,3,5517
35.057185,135.754404,KT420-京都北山 薬膳いろ,8,1,4153
34.975826,135.706355,KT403-京都信用金庫 東桂支店,4,1,3960
35.021594,135.740228,KT407-本昌寺,4,1,3964
35.564434,139.731776,K1-257.セブン‐イレブン大田区大森中３丁目店,5,7,5982
35.142984,136.85142,580.名鉄協商パーキング高畑駅北第2,4,1,4160
34.422323,135.425881,道の駅 愛彩ランド,2,2,4161
36.483478,138.140884,C-07.戸倉上山田温泉入口,6,2,4738
34.826831,134.693169,03.姫路駅東,29,1,1974
35.516446,139.537925,【M-023】緑スポーツセンター,4,3,5519
35.004644,135.769681,KT400-グランジット 京都河原町,19,1,4162
35.634194,139.688833,J1-31.守屋図書館,22,12,10983
35.013239,135.743251,KT516-西ノ京小堀町,7,1,4966
35.621392,139.71842,I1-165.apollostation 西五反田SS,3,10,5984
34.935369,135.759389,KT197-ツインズスクエア東館エントランス前,7,1,2549
35.05721,135.761053,KT396-上賀茂向梅町,4,1,3796
35.620532,139.744029,I1-159.リパーク東品川1丁目第6,28,10,5983
36.368779,138.223982,U-31.長野大学,3,1,5692
36.39432,138.261051,U-29.バーガーキング 上田常田店,5,1,5690
36.392683,138.242769,U-30.城下駅,1,1,5691
34.978916,135.71161,KT404-ドコモショップ桂店,5,1,3961
34.961683,135.707527,KT515-イオンモール京都桂川南側駐輪,9,1,4954
35.163562,136.890869,079.エディオン名古屋本店,0,1,266
35.668203,139.677658,M5-28.PREMIUM CUBE 代々木上原,5,8,5980
34.935135,135.751941,KT196-英興,5,1,2548
35.048913,135.767382,KT225-京都府立京都学・歴彩館,19,1,2610
36.39827,138.2458,U-08.アリオ上田,7,1,810
35.1718,136.901728,086.CASSIA錦本町通,2,1,316
35.055395,135.74321,KT523-シエルコート大宮,6,1,5197
35.167946,136.875543,359.サン･名駅太閤ビル,5,1,1941
35.134154,136.933868,395.ファミリーマート瑞穂通二丁目店,3,1,2257
35.00903,135.761095,KT549-中京郵便局,19,1,5665
35.659125,139.831666,H1-295.新砂運動場,10,4,5986
35.632191,139.725002,I1-48.NTT 東日本 関東病院(北側),7,10,10742
35.711631,139.718959,D3-27.メイクスデザイン早稲田　駐輪場,6,5,5988
33.23955,131.60808,136.大分市役所　西駐輪場,10,1,5571
35.04415,135.770014,KT223-下鴨本通北大路(くるっとパーク),9,1,2604
36.40013,138.25977,U-07.中央公民館,10,1,809
34.976355,135.747569,KT434-洛和会 東寺南病院,10,1,4211
34.633384,135.498137,I-33.ローソン岸里東一丁目店,4,2,5989
34.668579,135.511389,B-103.ローソン瓦屋町三丁目店,2,2,5990
35.015993,135.692838,KT208-クオリティ嵯峨野,8,1,2567
34.990631,135.718694,KT428-西京極西川町,8,1,4189
35.042922,135.748563,KT537-門前湯,8,1,5432
35.05162,135.745368,KT505-グルメシティ北山店,7,1,4880
35.00469,135.77769,KT228-よしもと祇園花月前(GSパーク),30,1,2614
35.711698,139.718831,D3-26.メイクスデザイン早稲田　駐輪場入口,3,5,5987
35.175612,136.921726,062.NTT布池ビル,11,1,138
34.707864,135.52769,G-36.ワールドアイ都島駅前,6,2,5991
35.691031,139.727203,D1-21.VORT四谷坂町,14,5,5985
34.998143,135.727353,KT213-イオンモール京都五条(北側),12,1,2572
36.404615,138.242478,U-32.上田城跡公園西,3,1,5693
34.942954,135.75133,KT535-パルセスイン京都,9,1,5381
34.96141,135.706996,KT273-京都トヨタ桂川洛西店,5,1,2872
35.005784,135.706171,KT432-梅津段町ビル,5,1,4207
34.668062,135.48139,E-62.エステムプラザ難波WESTリバークロス,2,2,4414
35.063442,135.750075,KT414-上賀茂朝露ケ原町(柊野別れ南側),6,1,4077
34.996058,135.747166,KT536-中堂寺前田町（五条壬生川東）,4,1,5382
35.016866,135.688462,KT534-車折神社駅前(西口),4,1,5367
34.998835,135.754175,KT532-メゾン京都天神前,1,1,5352
36.503038,138.092755,C-06.姨捨駅駐輪場,3,2,1060
34.981148,135.746102,KT482-東寺西側(八条内田町),12,1,4674
34.995261,135.754208,KT450-天使突抜町４丁目,2,1,4344
36.370851,138.215356,U-18.大学前駅,8,1,4087
36.39054,138.22147,U-14.上田原駅,3,1,2727
35.608074,139.731728,I1-156.OIMACHI TRACKS,5,10,5654
34.714159,135.531762,G-35.ワールドアイ都島高倉町,5,2,5993
36.40638,138.25855,U-10.ユーメイト,2,1,1864
35.014458,135.698614,KT477-嵯峨野開町(太秦帷子ノ辻パーキング),9,1,4624
35.025679,135.783842,KT246-吉田本町(システムパーク),7,1,2657
34.993629,135.762629,KT435-ホステル京都キズナ,6,1,4218
35.64372,139.68777,J1-48.グランドエクセル祐天寺,7,12,618
35.050215,135.75165,KT547-京都北郵便局,6,1,5667
35.65189,139.77941,B4-54.晴海区民センター,22,2,2747
34.945956,135.767819,KT569-深草墨染町,3,1,5853
35.142426,136.902294,068.金山駅東口,0,1,176
35.033423,135.751659,KT440-UniLife-Uni E’meal 京都今出川,9,1,4258
35.054566,135.746662,KT465-マンスリーマンションAbcdeFlat北山,6,1,4459
35.003291,135.77293,KT521-ぎおんビル,10,1,5037
35.00357,135.725647,KT551-ローソン 四条西小路店,6,1,5714
34.990339,135.755524,KT511-エール福本,2,1,4929
35.009017,135.773148,KT439-京阪三条駅(2番出口西)ポート,6,1,4257
34.988772,135.735781,KT268-プレジャーコート2,8,1,2834
34.40448,132.4436,218.セブン-イレブン広島中広３丁目店,3,1,5994
35.005619,135.773117,KT276-縄手通新橋駐車場 バイク車室奥(くるっとパーク),5,1,2941
34.99791,135.716256,KT232-西京極北大入町(くるっとパーク),12,1,2619
34.390086,132.4505,217.ローソン広島中島町店,5,1,5995
34.957049,135.771389,KT558-ローソン 深草藤森店,4,1,5759
34.681738,135.55391,L-34.ローソン城東永田四丁目店,5,2,5992
34.989307,135.777088,KT481-豊国廟,15,1,4690
35.000159,135.747231,KT244-マンション大宮,6,1,2655
34.39521,132.46006,212.広島県庁外来駐車場,14,1,5694
35.018399,135.7026,KT552-ローソン 太秦青木ケ原町店,6,1,5715
34.964564,135.701862,KT560-ローソン 洛西口駅北店,7,1,5762
35.637362,139.740517,C4-21.THE LINKPILLAR 2,16,3,5653
34.974649,135.763481,KT443-御屋・遥,5,1,4332
34.967659,135.768544,KT249-ファインブルーム伏見稲荷,5,1,2660
34.6798,135.542979,H-12.ファミリーマート中本三丁目店,5,2,120
34.983665,135.770286,KT488-京都旅荘かすみ,6,1,4736
35.022805,135.734818,KT290-Connect 円町,5,1,2988
35.674929,139.736053,C3-22.OMO3東京赤坂 by 星野リゾート,5,3,10552
35.004365,135.73605,KT447-NTT西日本 京都御前ビル,8,1,4341
34.998936,135.76448,KT461-SEIEI ホテル,4,1,4406
35.001364,135.755107,KT499-洛和会 西洞院ビル,8,1,4877
34.394964,132.42656,068.ファミリーマート己斐本町二丁目店,0,1,3264
34.967825,135.768361,KT280-リベラシオン稲荷,10,1,2895
35.668795,139.784784,B4-10.リバーシティ,1,2,10327
35.002545,135.754745,KT460-HOSEIビル,7,1,4402
35.472297,139.583286,H-034.横浜保土ケ谷中央病院-2,8,4,5727
35.44727,139.600669,H-001.保土ケ谷駅東口駐輪場,11,4,802
35.129857,136.930671,774.名鉄協商パーキング西ノ割町(月ぎめ),4,1,5819
35.009734,135.75128,KT293-Rakuten STAY URBAN 二条城,7,1,3033
34.989662,135.692873,KT466-JA京都市 西京支店,5,1,4460
34.980477,135.734066,KT295-西大路南(くるっとパーク),20,1,3086
35.002115,135.732813,KT310-プロパティハイツ,2,1,3147
34.981739,135.763671,KT270-Guest House えにし 正面,4,1,2851
35.471942,139.584419,H-033.横浜保土ケ谷中央病院-1,10,4,5726
35.020112,135.758392,KT490-RESI STAY ジスコホテル京都御所西,6,1,4754
34.950582,135.757461,KT294-竹田醍醐田町第3(くるっとパーク),3,1,3022
35.460314,139.608554,206.横浜市営バス浅間町営業所,13,4,5697
34.963534,135.759901,KT451-三十三稲荷(くいな橋東側),7,1,4349
35.042311,135.779432,KT449-NTT西日本 賀茂別館,8,1,4343
35.453376,139.616224,092.ローソン横浜中央二丁目店,4,4,2081
35.034365,135.73273,KT456-シャトレカルム衣笠,9,1,4378
35.361148,139.492395,【T-013】俣野別邸庭園,4,3,1175
34.820426,134.672215,19.手柄山,5,1,1990
35.01358,135.708496,KT453-RAPPORT太秦広隆寺,13,1,4367
35.611345,139.727031,I1-158.ロアール西品川2,3,10,5837
34.995878,135.74909,KT278-京都中央信用金庫 大宮支店,7,1,2938
35.016326,135.744254,KT286-アルケル在宅鍼灸マッサージ,4,1,2947
34.939134,135.752229,KT291-京都市成長産業創造センター(ACT京都),8,1,2989
35.035135,135.775656,KT297-Whatever SHIMOGAMO EAST,5,1,3034
35.063976,135.750483,KT445-上賀茂葵之森町,8,1,4339
35.014902,135.717677,KT331-豊麗荘,3,1,3391
35.001743,135.744245,KT457-壬生寺,11,1,4393
34.948061,135.764845,KT292-グッドヒル伏見,2,1,2990
35.690038,139.833252,H1-185.UR大島六丁目団地(第二),6,4,1476
35.035711,135.754603,KT351-妙顯寺 北側駐車場,12,1,3545
35.014511,135.788221,KT462-ホテルジャルダンフルール,3,1,4407
34.955807,135.77004,KT479-藤森駅駐輪場,10,1,4626
34.998863,135.755689,KT320-More室町,2,1,3335
34.960634,135.745871,KT315-NTTドコモビジネス 京都南ビル,12,1,3533
35.152796,136.936805,178.名鉄協商パーキング御器所北第9,4,1,771
35.009798,135.749163,KT484-[フラット]スミレスタ 二条城前,6,1,4712
35.001272,135.716511,KT483-西院西貝川町,5,1,4711
35.571318,139.689133,K1-246メイクスデザイン千鳥町アジールコートエントランス,3,7,5855
34.963625,135.709925,KT514-イオンモール京都桂川北東側駐輪場,14,1,4952
35.001001,135.736139,KT330-cafe & deli 五葉舎,3,1,3376
35.010999,135.750601,KT531-最上町(二条城前駅 南側),15,1,5334
34.990515,135.766096,KT475-高瀬川ストゥーディオ,10,1,4603
35.683206,139.814111,H1-291.メイクスデザイン住吉アジールコート 駐輪場,13,4,5861
35.571406,139.689167,K1-247.メイクスデザイン千鳥町アジールコート 駐輪場,10,7,5856
35.068641,135.789995,KT472-岩倉三宅町,5,1,4546
34.999303,135.766838,KT328-More河原町,3,1,3362
34.990772,135.719492,KT469-Largo仁,6,1,4465
35.055588,135.748395,KT485-幸 Go! say!,6,1,4708
35.021455,135.712142,KT464-大江理工社,5,1,4438
35.174957,136.913661,544.エミール泉,5,1,3688
35.629544,139.730991,I1-163.エルフラット高輪台,1,10,5860
35.712413,139.70168,D3-14.コーシャハイム高田馬場,5,5,318
35.696207,139.700521,D6-31.東急歌舞伎町タワー駐輪場,9,5,1526
35.006043,135.7589,KT340-AOIビル,5,1,3411
35.632619,139.749621,C5-65.セレーノ品川,14,3,5858
34.989266,135.741181,KT501-MERCADO京都,5,1,4810
35.656071,139.780068,B4-01.黎明橋公園（駐輪場）,3,2,10059
35.002021,135.703283,KT495-オーネイト・グレース,6,1,4776
35.61678,139.729708,I1-161.大崎ウィズシティ,4,10,5857
35.569764,139.697943,K1-248.メイクス池上トレフォイル,4,7,5854
34.999053,135.76187,KT341-minato hotel,8,1,3420
34.93395,135.764923,KT326-taiho bldg.,3,1,3355
35.020292,135.736584,KT474-はるかぜガーデン御前,1,1,4548
34.964307,135.708735,KT513-イオンモール京都桂川北側駐輪場,6,1,4951
34.988873,135.763991,KT507-七条河原町(南西側),18,1,4809
35.721821,139.788968,F4-11.L-Flat 入谷,2,18,5859
34.992217,135.744109,KT348-湯の宿 松栄,8,1,3471
34.702129,135.489386,C-18.24/7Workout梅田店,3,1,1345
35.034969,135.752032,KT350-本法寺 本堂脇駐輪場,6,1,3531
35.017387,135.768654,KT361-ドコモショップ河原町丸太町店,3,1,3575
35.67235,139.803515,H1-284.木場（３）駐車場-②,5,4,5564
34.971963,135.768945,KT430-御屋・梓,6,1,4192
34.406228,132.463166,045.ローソン広島東白島店,5,1,3242
35.675398,139.779962,B2-20.SHビル,3,2,1722
35.065974,135.776034,KT510-嘉門ハイツ,5,1,4922
34.978234,135.779002,KT486-泉湧寺 大門前,10,1,4728
35.1694,136.912338,063.NTT栄ビル(1)(2),20,1,139
34.668204,135.556326,H-21.GSパーク新深江駐車場,19,2,3341
35.030979,135.738113,KT409-京の宿 華 -西陣-,2,1,4042
35.55656,139.718753,K1-239.グランデーム蒲田本町2丁目,8,7,5562
35.658141,139.807419,H1-281.枝川第1駐車場,17,4,5544
34.991794,135.777699,KT524-ゲストハウス ソイ,4,1,5198
34.656128,135.473292,P-27.セブン‐イレブン大阪泉尾４丁目店,4,2,5865
34.980636,135.761757,KT417-No8京都,4,1,4130
34.421696,135.454044,和泉市産業振興プラザ　デリバリーキッチン　至福のランチ,0,1,3889
34.994731,135.736037,KT529-コーポ御前,4,1,5327
35.690267,139.8031,G4-32.菊川1丁目,44,15,5862
35.016561,135.748417,KT424-藁屋町,9,1,4168
34.619929,135.488865,T-23.ローソン粉浜西一丁目店,4,2,5556
34.995453,135.766748,KT389-GrandE’terna京都,21,1,3756
35.650472,139.687198,J1-72.オーパス目黒大橋駐車場,4,12,5557
35.005942,135.6831,KT370-スペースプラス嵐山,6,1,3642
35.16238,136.986186,335.ファミリーマート星が丘元町店,3,1,1824
34.799501,134.668833,24.イオンモール姫路リバーシティー,17,1,2626
34.995664,135.742471,KT530-JR丹波口駅(東側),5,1,5330
35.66563,139.668528,L1-51.サニーコート,2,17,5558
34.991347,135.720384,KT520-River Regend2,9,1,5036
35.014413,135.691643,KT519-cafe Garage Kyoto(南側駐輪場),4,1,4998
35.069895,135.750138,KT373-グランメゾン上賀茂,6,1,3677
35.05094,135.734658,KT368-ロイヤルヒルズ鷹ヶ峯マンション,6,1,3633
35.00451,135.777914,KT497-京都市円山駐車場入口前,10,1,4803
34.96699,135.717921,KT504-ダイエー 桂南店,12,1,4879
35.159041,136.898093,126.ファミリーマート大須一丁目店,11,1,433
34.94218,135.75286,KT413-株式会社スペース,10,1,4076
34.993466,135.744542,KT359-法華寺,4,1,3583
34.995664,135.732011,KT502-ドーミー西大路五条,3,1,4811
35.001596,135.731542,KT498-ウエストハイツ,4,1,4804
35.624282,139.636097,L1-52.用賀二丁目駐車場,6,17,5565
35.651718,139.728165,C2-13.麻布運動場,6,3,10351
35.683651,139.690319,M5-25.代々木四丁目駐車場,2,8,5559
34.996161,135.780057,KT493-清水坂観光駐車場 休憩所横,5,1,4774
35.164312,136.9185,129.新栄第7ロイヤルマンション,0,1,418
35.694679,139.779504,A3-44.THE WAVES AKIHABARA,2,1,11026
34.999597,135.708431,KT489-杉本商事株式会社,5,1,4755
35.679866,139.719938,D1-19.信濃町駅前駐車場,4,5,5560
35.002451,135.759205,KT540-平野ビル・AYA四条烏丸ビル,8,1,5520
34.963109,135.720806,KT528-ペンション　恋都,8,1,5315
35.012211,135.731695,KT518-アンビシャスおいけ,11,1,4997
35.706024,139.74098,D2-21.ザ・ポータル飯田橋,16,5,5561
34.661861,135.433226,J-34.リーベルホテル大阪,5,2,5864
31.90839,131.42075,市民プラザポート,4,1,3805
34.996193,135.779278,KT494-清水坂観光駐車場内 駐輪場脇,12,1,4775
35.001097,135.707326,KT564-ベル・ドミール石灘,6,1,5805
35.166483,136.863743,496.中村郵便局,2,1,3379
34.95818,135.75718,KT541-善京都アパートメントホテル,9,1,5546
37.92301,139.04341,10.西堀通自転車駐車場,8,1,944
35.716404,139.705438,D7-19.メイクスデザイン高田馬場　建物内,4,5,5863
34.96835,135.770519,KT468-ジャパンゼロネクスト伏見稲荷,8,1,4464
35.031821,135.730528,KT557-ローソン 京都平野神社前店,5,1,5758
26.175831,127.643841,T-05.瀬長島サンセットパーク 第一駐車場,2,1,2889
35.153739,136.908691,131.ファミリーマートたちばな店,0,1,434
35.737111,139.661263,T3-36.中新井公園,4,9,2751
35.672616,139.803523,H1-283.木場（３）駐車場-①,10,4,5563
35.731551,139.6494,T3-48.メゾンK,12,9,5566
35.001377,135.735694,KT565-NICO西院,6,1,5818
35.713145,139.723342,E2-14.永青文庫 ミュージアム,5,6,2104
35.001137,135.736603,KT573-壬生の宿,5,1,5923
35.63756,139.724981,C4-02.白金台いきいきプラザ,4,3,10211
35.632689,139.654804,L1-09.コージーK・駒沢,9,17,1671
35.627087,139.779779,H1-08.東京テレポート駅,20,4,10099
38.25347,140.91373,186.エスコンディーテ卸町,9,1,5569
35.647803,136.072238,02.白銀交差点,16,1,90002
38.274021,140.87876,100.上杉五番館,6,1,100
35.142959,136.955,470.三洋堂書店いりなか店,4,1,3026
35.006956,135.682461,KT542-ローソン 嵐山谷ケ辻子町店,6,1,5567
34.631332,135.499547,I-19.Stay Nadeshiko,3,1,1589
34.667475,133.931326,M084.岡山神社,2,1,6036
35.596067,139.74119,I1-12.しながわ区民公園（北側）,1,10,10464
34.363646,132.458694,032.MEGAドン・キホーテ宇品店,7,1,3232
35.717877,139.654732,N2-05.野方3丁目,13,13,10986
34.988705,135.718454,KT543-京極湯,5,1,5568
34.65588,133.942485,M085.パークス東山店,5,1,6037
35.472539,139.496834,【S-006】せやまる・ふれあい館,4,3,1361
35.426173,139.51436,【I-007】中川地区センター,5,3,994
35.731186,139.817815,G1-06.墨田２,16,15,6033
35.06311,134.01639,003.津山洋学資料館,6,1,2394
35.58991,139.706418,K1-258.西馬込１丁目,41,7,6035
35.163715,136.91096,096.ファミリーマート南武平町店,3,1,344
35.580732,139.73499,K1-259.ハウスシゲ,7,7,6034
38.26513,140.90482,187.レガリスト宮城野原,2,1,5570
35.649854,139.77334,B4-41.HARUMI FLAG SUN VILLAGE,8,2,2288
35.64524,139.71946,M2-01.恵比寿保健相談所（恵比寿社会教育館）,1,8,10377
35.703213,139.806496,G4-35.A-3541　COIN PARK 本所4丁目,7,15,6032
34.395987,132.46861,107.セブン-イレブン広島幟町東店,3,1,3307
31.92768,131.42604,一の鳥居ポート,1,1,3849
35.644241,139.753834,C5-42.DHC芝浦2丁目ビル,7,3,398
35.638985,139.793653,H1-137.住友不動産ショッピングシティ有明ガーデン,25,4,10943
35.658249,139.815775,H1-48.セブン-イレブン 江東潮見２丁目店,6,4,10271
35.654665,136.073554,03.気比神宮前,7,1,90003
35.69474,139.77929,A3-43.unito CHIYODA,2,1,10949
34.706966,135.502408,A-13.ファミリーマートK2梅田東店,10,2,7881
35.00768,135.772554,KT003-CAFETEL三条for Ladies,25,1,2137
35.648085,139.798986,H1-23.KDX豊洲グランスクエア,54,4,10114
35.15004,136.87915,538.PALET.NU,0,1,3606
35.203329,136.92363,529.名古屋北郵便局,5,1,3488
35.646366,139.801492,H1-113.123+N東雲店,6,4,10794
34.678028,135.487501,D-15.西区新町3（地下鉄西長堀駅）,13,2,7933
35.145567,136.856965,539.名鉄協商パーキング上高畑1丁目第4,0,1,3589
37.91939,139.04364,11.古町５番町自転車駐車場,10,1,945
34.685152,135.496825,D-06.靱本町１丁目143番33,15,2,2752
35.68179,139.641155,O7-11.和田堀公園プール,5,14,2977
35.662799,136.073216,09.人道の港敦賀ムゼウム,10,1,90009
34.336209,134.042593,016.テックパーキング亀岡町第１,10,1,3663
35.652151,139.698426,M2-11.鉢山町,16,8,784
34.67181,135.52671,F-19.大應寺,5,2,1832
34.693401,135.472051,C-21.ハイツ茶園,9,2,2248
31.571094,130.562589,K1-25.米盛病院,3,1,1556
35.169818,136.899759,285.錦2丁目ポート長島町通第2,6,1,1438
34.3425,134.049119,005.テックパーキング鍛冶屋町第1,5,1,3652
35.436524,139.637049,115.石川町5丁目-2,0,4,2018
34.799471,134.67584,23.飾磨駅南口,7,1,2625
38.277859,140.872568,10.プラウドシティ 仙台上杉山通,8,1,46
34.373362,132.447973,069.ファミリーマート吉島西一丁目店,9,1,3265
35.634441,139.687186,J1-44.五本木2丁目,4,12,487
35.67064,139.728166,C3-06.ホテルアジア会館,14,3,10152
35.633908,139.793322,H1-160.花の広場,32,4,10095
35.733292,139.630369,N1-07.プランドール上鷺宮,7,13,726
35.694951,139.708219,D6-26.セブン-イレブン新宿６丁目文化センター通り店,14,5,10956
34.37845,132.49116,160.大下ビル,4,1,3776
34.982825,135.755495,KT010-イオンモールKYOTO,35,1,2142
35.69441,139.777715,A3-24.岩本町ほほえみプラザ,1,1,10175
35.154944,136.898274,122.ファミリーマート松原二丁目店,5,1,396
35.656889,136.06711,06.おさかな通り,5,1,90006
34.39388,132.45807,041.ひろぎんホールディングス本社ビル,45,1,3224
35.709777,139.810189,G2-01.東京ソラマチ,7,15,909
35.622389,139.721552,I1-103.五反田ＪＰビルディング,5,10,2252
35.581832,139.741581,K1-05.平和島公園プール,18,7,10289
35.002376,135.769112,KT004-GOOD NATURE STATION,19,1,2132
34.686428,135.493618,D-37.セブン‐イレブン大阪京町堀１丁目店,6,2,3784
34.69404,135.54669,L-10.鴫野東2丁目56番3,12,2,1770
31.83168,131.4367,木花駅東口ポート,6,1,3856
35.679182,139.68596,M5-18.Luxe初台,4,8,777
35.00364,135.729518,KT022-京都中央信用金庫 西院支店,10,1,2152
35.605391,139.699328,I1-117.クレイシア旗の台,2,10,2915
34.412126,132.462176,133.上野学園ホール,6,1,1327
31.58625,130.5464,K1-03.高見橋,8,1,1532
35.596854,139.712139,K1-107.馬込駅A2出口,13,7,269
35.171975,136.911922,471.NHK名古屋放送センタービル,23,1,3194
35.161633,136.908494,488.久屋大通庭園フラリエ,0,1,3195
35.210743,136.905691,376.名鉄協商パーキング金城町4丁目第2,4,1,2275
35.168776,136.893985,481.ラウンドテラス伏見,2,1,3091
34.66434,135.391381,J-06.The Day Osaka,7,2,7893
34.3898,132.47714,140.ローソン広島段原店,2,1,1727
34.659833,135.530494,N-21.桃谷公園,10,1,1466
35.595873,139.75134,I1-92.中央海浜公園前交差点（北側）,1,10,566
37.92235,139.05112,23.クロスパルにいがた,8,1,956
35.677576,139.769822,B2-11.京橋エドグラン,45,2,10216
34.705161,135.51075,A-38.北区役所,5,1,499
35.680137,139.832107,H1-54.砂町文化センター,10,4,10293
35.698338,139.754876,A2-03.西神田公園（西側）,7,1,10010
35.674199,139.822018,H1-144.南砂住宅,1,4,11011
35.697143,139.718739,D4-06.グリーンフォート河田,3,5,10988
38.263161,140.881636,102.宮城野橋下,16,1,102
26.188809,127.660835,09.小禄郵便局,5,1,51415
35.687837,139.79654,H1-173.森下駅前,9,4,906
35.155161,136.894957,143.重工大須病院(南側),7,1,860
34.711953,135.496319,A-78.リュエルうめきた,6,2,3325
35.66554,138.723547,03.甲州市役所勝沼支所,22,1,8002
35.198931,136.936165,361.ソーネおおぞね,2,1,2108
35.168196,136.919224,110.RTセンターステージビル,0,1,365
38.282782,140.858398,135.輪王寺（第一駐車場内）,5,1,1573
35.715538,139.701683,D7-12.プラウド高田馬場,0,5,371
34.700849,135.506718,A-56.梅田パークビル,4,1,1843
35.693624,139.753758,A1-01.千代田区役所,6,1,10001
38.27467,140.887788,105.梅田ハイツ,12,1,105
35.165717,136.888377,474.メットライフ名駅南ビル,6,1,3090
35.011114,135.757299,KT014-パークホテル京都御池,5,1,2131
34.67246,135.47944,D-21.ホテルリブマックス大阪ドーム前,2,2,7711
32.06941,131.48791,新富町役場ポート,5,1,3886
35.733432,139.671241,N2-10.関根ビル,4,13,892
35.69766,139.843408,H1-67.セブン-イレブン 江東亀戸9丁目店,13,4,10354
35.380742,136.944674,080.名鉄協商パーキング犬山駅前,5,1,281
35.676643,139.816054,H1-130.トヨタモビリティ東京 深川店,6,4,10903
35.714875,139.76394,E5-27.真正館駐車場,5,6,10976
34.68201,135.80088,44.ドコモショップ奈良中央店,7,1,3449
35.060307,133.988587,004.城西観光駐車場,5,1,2395
35.144183,136.906696,097.ファミリーマート金山五丁目店,0,1,345
35.06933,134.00572,006.衆楽園前,4,1,2398
35.161921,136.90275,497.名古屋中郵便局,5,1,3380
34.670472,135.495725,D-26.ローソン南堀江一丁目店,12,2,787
35.182519,137.021782,200.藤が丘effe,6,1,967
34.69109,135.468505,C-17.ローソン大開三丁目店,2,2,880
35.178311,136.874402,531.TENAS亀島,3,1,3617
35.672877,139.842339,H1-171.LOGI’Q南砂町,8,4,894
35.183278,136.892855,424.メイクス城西レジデンス,0,1,2878
34.687559,135.805805,07.奈良ロイヤルホテル,6,1,75008
34.716558,135.516482,A-29.UR リバーサイドながら,2,1,7766
35.634316,136.049646,11.日本海さかな街,0,1,773
35.693976,139.706134,D6-02.新宿区役所第二分庁舎,32,5,10185
34.690905,135.198303,27.磯上市営住宅,0,1,3489
37.91568,139.03665,13.新潟市役所,14,1,947
36.129431,139.80863,ホテルスタンバイリーグさかい,7,1,559
35.672156,138.742713,02.勝沼ぶどう郷駅,24,1,8001
35.559286,139.722611,K1-127.第二石井ビル,2,7,705
34.696202,135.516544,A-45.クリスタルグランツ東天満,16,2,1508
35.630961,139.746875,C5-46.フロンティアレジデンスザタワー品川,0,3,707
34.677441,135.533042,B-41.ロイヤルホームセンター森ノ宮,6,2,7749
35.187878,136.918944,029.SAKUMACHI商店街（尼ケ坂駅）,1,1,87025
35.679192,139.74019,A6-25.麹町仮住宅,3,1,11036
35.69342,139.710568,D6-12.東京ビジネスホテル,3,5,10202
38.273167,140.896534,110.ファミリーマート仙台幸町二丁目店,1,1,110
34.69517,135.46779,C-25.エスリード福島シティグランツ,9,2,3490
35.694201,139.707047,D6-10.ホテルサンライト新宿,2,5,10200
35.166138,136.89223,039.納屋橋ゆめ広場,3,1,87034
34.38805,132.46692,161.セブンイレブン広島東平塚店,8,1,3777
40.260043,141.286171,二戸駅東口,15,1,583
34.670373,135.465655,O-07.ファミリーマート波除中央大通店,6,2,225
35.633742,139.748281,C5-12.第2東運ビル,7,3,10191
35.627948,139.609723,L1-21.大蔵5丁目,14,17,3454
35.648948,139.757895,C5-27.プレミア海岸ビル,18,3,10576
35.66088,139.654546,L1-01.羽根木公園,14,17,1663
35.693234,139.779702,A3-22.龍閑児童公園,8,1,10173
35.716265,139.618954,O3-10.メゾンパークス,8,14,739
35.684451,139.702884,M4-03.NTTドコモ代々木ビル,10,8,10387
40.323579,141.304047,金田一温泉駅,14,1,584
34.6675,135.7839,42.薬師寺南門前,8,1,3447
35.640641,139.802961,H1-219.東雲駅北,21,4,3322
34.651035,135.469085,P-14.北村一丁目16番31,15,2,2181
26.219193,127.706718,18.ノボテル沖縄那覇,7,1,51409
37.930288,139.048779,38.曙公園,7,1,1880
35.632129,139.658264,L1-25.ハイタウン駒沢公園NO.2A,2,17,3049
35.633133,139.777315,C5-50.お台場レインボー公園,15,3,1566
37.927611,139.041876,37.西大畑公園,16,1,1691
35.167704,136.888776,545.EDGE名駅,4,1,3778
35.619377,139.777582,H1-20.日本科学未来館,48,4,10111
40.260432,141.285605,二戸駅西口,15,1,582
38.263595,140.872276,49.東二番丁スクエア,20,1,61
35.687435,139.71417,D1-02.四谷特別出張所（新宿御苑大木戸門前）,21,5,10179
35.65596,136.051981,10.気比の松原,1,1,772
34.634348,135.516555,Q-17.STパーキング,10,2,3621
31.91817,131.41423,宮銀大工町支店ポート,4,1,3808
35.714151,139.61693,O3-09.NTT井草ビル第3ポート,7,14,738
35.142359,136.898923,287.ファミリーマート熱田金山南店,3,1,1491
40.32062,141.31909,カダルテラス金田一,15,1,585
35.642771,139.733046,C4-15.クロスレジデンス白金高輪,9,3,1355
34.680702,135.50337,B-55. 船場エクセルビル,7,1,572
35.689131,139.733071,A6-13.番町会館,6,1,10426
34.980321,135.75336,KT035-星野リゾート OMO3京都東寺,12,1,2150
38.242667,140.908743,116.ドコモショップ宮城の萩大通り店,3,1,484
35.64219,136.032981,14.敦賀市総合運動公園,1,1,1908
35.599329,139.703343,K1-106.ファミリーマート上池台夫婦坂店,10,7,246
38.27969,140.862963,131.グラン・ドミール木町,8,1,1367
35.606667,139.667324,J1-57.トレインチ自由が丘,3,12,1107
35.674788,139.731423,C3-02.赤坂地区総合支所,10,3,10127
35.644981,136.07549,01.敦賀駅,3,1,90001
35.155405,136.935701,412.名鉄協商パーキング小坂町,3,1,2504
35.724972,139.798671,F3-08.メイクス浅草EAST,7,18,3135
36.373397,140.246433,笠間駅,7,1,328
31.90569,131.42645,宮崎観光ホテルポート,8,1,3815
35.715645,139.687486,D7-03.中井駅北,25,5,10348
35.148831,136.852428,409.JR八田駅(南口),6,1,2579
35.62413,139.744831,C5-47.oak港南品川,24,3,972
34.74089,135.50563,V-02.エステムコート新大阪15フロウ,19,2,1808
34.63729,135.525968,R-05.ローソン北田辺二丁目店,5,2,7803
35.65506,139.69384,M3-07.渋谷ファーストプレイス,1,8,10493
34.407527,132.460788,057.セブン-イレブン広島西白島町店,7,1,3292
35.656637,136.069384,05.敦賀市立博物館,7,1,90005
35.700685,139.757391,A2-30.VORT 水道橋Ⅲ,2,1,3921
35.659922,136.071365,07.きらめきみなと館,5,1,90007
34.379337,132.486739,095.セブン-イレブン広島東雲本町3丁目店,3,1,3295
31.96144,131.43613,宮崎トヨタ本社北側ポート,4,1,3884
35.143028,136.905126,100.ファミリーマート熱田波寄町店,3,1,348
35.14705,136.902268,035.名鉄協商パーキング金山第13,4,1,87030
35.173364,136.92897,355.車道駅ステーション(南側),6,1,2506
31.92576,131.42095,宮崎公立大学ポート,9,1,3807
34.399442,132.447477,093.セブン-イレブン広島広瀬町店,2,1,3293
34.701705,135.489235,C-05.新梅田研修センター,0,2,7902
35.174317,137.009497,417.プレイランドキャッスル上社店,4,1,2681
35.711324,139.711976,D3-15.カースルいずみ,24,5,973
35.141893,136.903433,038.名鉄協商パーキング金山橋,0,1,87033
34.663524,135.534017,N-05.ローソン鶴橋三丁目店,4,2,7715
34.378503,132.482678,094.セブン-イレブン広島東霞町店,2,1,3294
35.648021,139.606529,L1-07.NTT成城ビル,3,17,1669
35.721827,139.635949,N1-03.鷺宮南駐輪場,11,13,11028
36.35568,140.274638,道の駅 かさま,6,1,327
34.679166,135.498864,B-45.ファミリーマート南久宝寺町四丁目店,5,2,7756
34.702425,135.503462,A-07.日本生命梅田ビル,6,2,7863
35.647075,139.654472,L1-02.若林公園,7,17,1664
36.36035,138.316813,02_海野宿第一駐車場【とうみシェアサイクル】,0,1,1179
35.700703,139.639985,O4-05.阿佐ヶ谷南1-30,3,14,873
35.642764,139.741174,C4-10.亀塚公園,6,3,10989
24.357531,124.124045,I-03.グランヴィリオリゾート石垣島,15,1,3406
34.620849,135.514873,Q-15.セブン‐イレブン大阪西田辺町1丁目店1,1,2,3623
35.724988,139.672511,N2-02.江古田1丁目A,3,13,10974
35.687786,139.78205,B1-12.ファミリーマート堀留町二丁目店,3,2,10123
35.701318,139.825916,H1-165.亀戸梅屋敷,10,4,730
35.66288,139.78329,B4-24.ミュプレ月島,8,2,635
36.354044,138.330177,01_しなの鉄道田中駅【とうみシェアサイクル】,18,1,1158
36.369963,140.269233,ムラサキパークかさま,2,1,1301
35.655937,139.763251,C1-58.ウォーターズ竹芝,1,3,10948
34.745502,135.51983,V-09.メゾンリュート２番館,6,1,3881
34.39378,132.49839,114.イオンモール広島府中,14,1,245
34.681874,135.466179,J-24.JR西九条駅前,4,2,3324
35.179264,136.86332,318.ファミリーマート中村森田町店,4,1,1756
35.156832,136.940575,400.グランベール安田通(2),7,1,2508
35.001048,135.755041,KT044-Wayfarer ホテル京都四条,12,1,2206
35.019551,135.720356,KT049-Royce花園,4,1,2270
35.714077,139.61694,O3-08.NTT井草ビル第２ポート,3,14,737
35.634316,139.793199,H1-123.ダブルツリーbyヒルトン東京有明,35,4,10860
35.664457,139.767214,B3-06.朝日新聞東京本社,32,2,10169
35.033298,135.792043,KT052-カーサ・デ・マニセス,3,1,2273
35.174533,136.925483,087.CASSIA車道,3,1,317
38.26458,140.884864,80.アルティザ仙台花京院,5,1,85
34.695202,135.498814,A-41.堂島公園,4,1,518
35.668791,139.753582,C1-02.西新橋1丁目（外堀通り）,8,3,10070
38.257291,140.873197,64.カスタリア一番町,4,1,66
35.693492,139.81506,G5-03.京成リッチモンドホテル東京錦糸町,4,15,1945
35.544534,139.763244,K1-138.羽田エアポートガーデン,8,7,1299
34.6813,135.47826,D-32.エスリード中之島ザ・コア,9,2,3132
35.168455,136.926675,342.カメリヤ千種,2,1,1855
34.69662,135.19628,26.エステムコート三宮ラ・ドゥー,0,1,3405
35.7266,139.62948,N1-05.大野ハイツ,5,13,535
34.998832,135.757792,KT061-Vine Oak Cent,4,1,2327
35.154116,136.906092,071.名鉄協商パーキング前津通,0,1,229
35.600161,139.749902,I1-83.かもめ歩道橋,0,10,10939
34.631214,135.528648,R-04.ローソン北田辺四丁目店,9,2,7800
36.371739,138.352764,04_祢津公民館【とうみシェアサイクル】,0,1,1181
34.37783,132.438643,064.ファミリーマート舟入南四丁目店,7,1,3305
35.589012,139.697889,K1-181.クレヴィアリグゼ西馬込,9,7,3918
26.177143,127.681818,T-01.豊見城市役所,7,1,2885
35.600931,139.753948,I1-107.八潮公園第三,19,10,2644
35.702271,139.752619,A2-24.水道橋駅西口前,5,1,11016
35.650845,139.748346,C1-59.セレスティン芝三井ビルディング,9,3,10942
35.756846,139.652154,T3-02.早宮第二自転車駐車場,11,9,687
35.68744,139.827075,H1-147.大島四丁目団地,20,4,124
35.63725,139.75276,C5-59.エスリード芝浦ベイサイド ,4,3,3940
34.381603,132.448578,097.セブン-イレブン広島吉島町店,5,1,3297
34.691293,135.50623,B-23.北浜中央ビル,8,1,1303
35.725818,139.678976,D7-05.西落合図書館,0,5,10477
35.584914,139.730504,K1-143.大森北1丁目,60,7,1680
34.668627,135.467604,O-14.エグゼ弁天町,4,2,3179
35.712179,139.65603,N2-03.野方1丁目,4,13,10975
35.031527,135.794967,KT053-アズィール,8,1,2274
35.62541,139.718135,I1-45.セブン-イレブン品川西五反田3丁目店,5,10,10669
35.608127,139.717865,I1-81.戸越6丁目,15,10,10937
26.154351,127.659041,T-07.豊崎にじ公園,3,1,2891
34.642244,135.5138,Q-13.阿倍野筋ハイツ,7,2,3327
35.190027,136.877471,316.ヨシヅヤ名古屋名西店,5,1,1856
34.691834,135.572335,M-05.Do鶴見,8,2,1642
35.621845,139.776833,H1-158.東京国際交流館,7,4,11007
35.653159,139.744673,C1-24.三田国際ビル,6,3,10151
35.665288,139.824294,H1-196.フットサルクラブ東京東陽町,3,4,1943
35.581752,139.748705,K1-39.東京モノレール 流通センター駅前,26,7,10489
35.713562,139.649075,N1-06.大和区民活動センター,5,13,539
34.389691,132.454039,023.ホテルマイステイズ広島　平和公園前,8,1,3222
35.182957,136.898313,414.金シャチ横丁 義直ゾーン,0,1,2628
35.169085,136.937625,499.千種郵便局,6,1,3382
34.692587,135.476138,C-19.セレニテ福島シェルト,6,2,1659
35.183669,136.922129,498.名古屋東郵便局,6,1,3381
35.435227,139.663295,083.NTT本牧ビル,9,4,2074
35.169722,136.885512,027.ミッドランドスクエア,13,1,87023
34.373945,132.464148,090.セブン-イレブン広島皆実6丁目店,22,1,3288
35.023215,135.759107,KT057-京都ガーデンパレス,9,1,2315
35.695904,139.812133,G5-05.江東橋二丁目緑地広場,3,15,2816
34.679258,135.484402,D-11.フレスポ阿波座,8,1,1628
34.70931,135.507309,A-72.浮田二丁目27番7,16,2,2789
35.632164,139.658199,L1-27.ハイタウン駒沢公園NO.2B,2,17,3050
35.655102,139.805205,H1-90.富士倉庫運輸(株) FACE-1前,4,4,10646
35.162018,136.947779,196.丸山町第4駐車場,4,1,968
34.652029,135.490009,I-08.ローソン西成中開三丁目店,1,2,7794
35.636978,139.791858,H1-150.ホテルヴィラフォンテーヌ南側,8,4,127
34.6809,135.183081,03.ハーバーランド第１,10,1,3502
34.669368,135.486981,E-08.ローソン桜川駅前店,1,2,7874
35.16636,136.887,054.R&Bホテル名古屋駅前,0,1,87049
35.167399,136.891131,026.名鉄協商パーキング納屋橋,0,1,87022
35.648008,139.803487,H1-109.Brillia ist 東雲キャナルコート東側,0,4,10733
35.169544,136.889503,135.ファミリーマート名駅柳橋店,6,1,454
35.67518,139.77364,B2-17.アーバネックス八丁堀,2,2,480
35.695819,139.674326,N4-06.ローソン中野本町新橋通り店,0,13,1374
34.67822,135.53282,B-81.エスリード大阪城PREMIER 1,3,2,3071
34.3715,132.421,087.三井不動産ロジスティクスパーク広島I,23,1,3284
35.660402,139.592169,L1-28.上祖師谷７丁目用地-2,9,17,3455
35.697158,139.707887,D6-08.新宿イーストサイドスクエア,7,5,10190
35.732872,139.816274,G1-05.ブライズフォルム墨田,7,15,3093
38.223217,140.87109,77.ローソン仙台泉崎一丁目店,13,1,210
38.264503,140.891955,81.フォートレジデンス小田原弓ノ町,8,1,86
35.169291,136.888481,013.名鉄協商パーキング名駅4丁目第8,12,1,87013
35.710323,139.815215,G2-03.押上１丁目２６-４,5,15,974
35.625029,139.777344,H1-10.出会い橋,12,4,10101
38.26229,140.86455,120.HF 西公園レジデンス,4,1,711
35.161018,136.895786,145.リシュドール大須,10,1,577
35.571866,139.703214,K1-125.池上駅南口第1,2,7,377
35.571815,139.702387,K1-126.池上駅南口第2,3,7,378
35.653382,139.721059,M2-04.広尾東公園,6,8,10380
35.166954,136.887255,423.ネオ笹島ビル,3,1,2766
35.740378,139.667502,T3-03.新桜台駅自転車駐車場,7,9,688
35.686474,139.671383,N4-02.栄町公園,2,13,10965
35.654757,139.761516,C1-65.東京ポートシティ竹芝,47,3,10981
35.661776,136.074256,08.敦賀赤レンガ倉庫,6,1,90008
35.170969,136.888056,012.名鉄協商パーキング名駅4丁目第7,6,1,87012
35.170969,136.888056,012.名鉄協商パーキング名駅4丁目第7,6,1,87012
35.183931,136.961993,329.マルハン茶屋が坂店,4,1,1851
35.711501,139.672761,N3-11.上高田区民活動センター,5,13,537
35.668622,139.715957,C3-34.3rd MINAMI AOYAMA,5,3,1386
35.549568,139.731093,K1-81.コーナン本羽田萩中店,18,7,10929
34.989285,135.73974,KT069-Hostel Ayame,6,1,2345
35.15752,136.909958,201.第三ミヤチビルディング,0,1,975
35.458067,139.612279,137.tvkハウジング プラザ横浜,21,4,1105
37.920064,139.0513,18.ホテルオークラ新潟,8,1,204
35.690897,139.668345,N4-04.弥生町5丁目,15,13,11025
35.128539,136.90227,383.白鳥パークハイツ神宮西,2,1,2215
35.673723,139.739536,A5-02.山王パークタワー,21,1,10019
35.70442,139.67141,N3-07.なかのZERO,5,13,11024
35.702414,139.667327,N3-12.桃園区民活動センター,3,13,541
38.264843,140.880408,39.花京院スクエア・緑地,23,1,47
35.765913,139.619285,T1-07.土支田一丁目（笹目通り）,8,9,10436
35.72305,139.579555,T2-50.North Ridge 吉祥寺,9,9,1047
35.654371,139.779545,B4-26.東武ストア晴海三丁目店,16,2,1631
34.709944,135.531906,G-22.都島北通2丁目12-25,8,1,1712
35.68973,139.77598,B1-27.日本橋本町4丁目,47,2,712
35.622714,139.74471,I1-80.リバーサイド品川港南ビル,5,10,10933
35.611582,139.742528,I1-42.京急青横駐車場,13,10,10656
34.67831,135.53284,B-82.エスリード大阪城PREMIER 2,5,2,3072
35.001463,135.768599,KT248-京阪四条河原町ビル,18,1,2662
35.699328,139.636343,O4-06.杉並区役所本庁舎,4,14,1387
38.25402,140.88178,23.NTT五橋ビル,13,1,17
35.621904,139.741429,I1-79.品川浦第二,13,10,10928
34.692342,135.486493,C-11.コミュニティープラザ大阪,6,1,7778
31.559797,130.561116,K1-29.鹿児島電気ビル,16,1,2821
35.672367,139.740437,C3-38.AKASAKA GREEN CROSS,14,3,2992
35.624619,139.776006,H1-143.ダイバーシティ東京 プラザ,13,4,386
34.626753,135.538684,R-02.ローソン今川五丁目店,4,2,7788
34.654022,135.534323,N-15.生野区役所,5,1,1449
35.678475,139.772012,B2-22.TODA BUILDING,9,2,3323
35.694073,139.645303,O7-10.カーサシルク,4,14,2536
35.608161,139.730048,I1-02.品川区役所 第三庁舎前,6,10,10415
34.738691,135.50575,V-04.One Park東淀川駅前,12,2,2168
35.680861,139.774493,B1-21.日本橋二丁目街角広場,6,2,10564
38.244684,140.885819,92.ローソン仙台土樋店,5,1,211
35.587232,139.669519,K1-132.多摩川駅前自転車等駐車場,19,7,977
38.257556,140.870385,22.NTT青葉通ビル,19,1,23
34.60763,135.527464,R-33.ローソン矢田一丁目店,8,2,789
35.606793,139.678372,J1-32.緑が丘駅前高架下,12,12,11005
35.714292,139.663327,N2-07.新井区民活動センター,5,13,538
35.727196,139.829736,G1-04.八広中央,10,15,2817
34.654359,135.53383,N-16.生野区民センター,6,1,1450
35.623756,139.692517,J1-23.清水池公園,23,12,10839
34.642694,135.504497,I-18.ホテルセレーノ山王,14,1,1448
26.15848,127.658238,12.沖縄アウトレットモールあしびなー,9,1,51430
35.675739,139.763712,A4-14.東京国際フォーラム（有楽町駅ガード側）,7,1,491
35.182892,136.904976,415.金シャチ横丁 宗春ゾーン,0,1,2629
35.651987,139.830691,H1-114.東京夢の島マリーナ,11,4,10803
35.768528,139.639807,T1-11.むつみ台,1,9,10473
35.690657,139.73255,D2-17.genten市ヶ谷店,10,5,492
34.397807,132.471734,002.広島駅南口第三駐輪場,14,1,3201
35.695005,139.772747,A3-20.神田ふれあい通り第２,0,1,10171
35.187378,136.92431,530.ダイアパレス東白壁,5,1,3605
34.636126,135.416609,T-06.中ふ頭駅,3,2,3415
35.594722,139.737101,I1-43.京急南大井駐車場,10,10,10657
35.754586,139.606409,T2-24.セブン-イレブン 練馬インター店,4,9,10495
34.674136,135.493569,D-23.エステムコート北堀江,9,2,1690
35.142508,136.949,546.名鉄協商パーキング五軒家町第3,3,1,3685
35.722832,139.787411,F4-05.フォンターナ入谷,8,18,3094
35.184746,136.942009,302.NTT矢田ビル,2,1,1618
35.177376,136.911392,028.名鉄協商パーキング泉1丁目第12,0,1,87024
34.666473,135.508359,B-39.サンコーポユウ日本橋,5,2,7964
35.452491,139.629408,036.紅葉坂下,43,4,2030
35.021043,135.733507,KT287-MODISH NIJO ENMACHI,8,1,2976
35.184501,136.859609,336.ファミリーマート日比津グランド前店,0,1,1825
35.653607,136.069973,04.キッズパークつるが,3,1,90004
35.651907,139.777391,B4-29.HARUMI FLAG PORT VILLAGE,4,2,2298
35.528801,139.694661,Z01.NTTドコモ川崎ビル,0,11,10658
35.669512,139.736297,C3-37.AKASAKA MAPLE HILL,14,3,2877
35.64514,139.71686,M3-22.森谷ビル,14,8,713
38.276089,140.868138,95.プラウドタワー仙台勾当台通,9,1,94
34.677378,135.557987,H-19.Metrosa深江橋,3,2,2875
35.756506,139.620347,T1-08.セブン-イレブン 練馬高松6丁目店,0,9,10456
35.035678,135.75192,KT349-本法寺 北門前,10,1,3530
35.397262,132.692425,I07.みせん広場,6,1,3494
34.671713,135.530847,F-09.イズミヤ玉造店,2,2,7968
38.259609,140.881462,41.JR仙台駅西口,25,1,49
34.828081,134.683451,30.ローソン姫路南畝町店,17,1,3105
34.39634,132.457382,010.NTTクレド基町ビル,27,1,3209
38.267702,140.893098,141.イトマンスポーツスクエア仙台,2,1,2349
35.162349,136.913942,535.MKD名古屋ビル,3,1,3604
35.590458,139.68053,K1-180.菱和パレス田園調布東,3,7,3705
35.119493,136.923382,460.名鉄協商パーキング堀田駅前東第3,5,1,2957
35.616114,139.74033,I1-23.東海橋防災船着場,0,10,10531
35.741769,139.591103,T2-20.パークサイド石神井,1,9,10474
35.676732,139.733905,C3-12.赤坂センタービルディング前（青山通り）,15,3,10198
34.717031,135.48248,K-05.NTT西日本淀川ビル,7,1,1860
35.181303,136.946006,433.萱場住宅,10,1,2769
35.166873,136.863019,300.NTT中村ビル,3,1,1615
35.576275,139.713704,K1-55.カバヤビル,19,7,10616
35.621053,139.741459,I1-108.ネオトウキョウアネックス ,6,10,2718
35.051261,135.76438,KT369-北山バプテスト教会,7,1,3634
34.73741,135.4856,K-20.べラジオ三国駅前2,4,2,2920
34.390258,132.485768,017.ルネサンス広島ボールパークタウン,40,1,3216
35.67257,139.77519,B3-24.AXAS銀座ASYLCOURT1,0,2,3941
35.177069,136.946755,431.若水住宅,0,1,2767
35.75987,139.640474,T1-17.セブン-イレブン練馬田柄通り店,7,9,2282
35.532615,139.700332,Z22.みんちゅう京急川崎駅前駐輪場内ラックスペース,3,11,928
35.171138,136.896921,066.名鉄協商パーキング伏見通錦,12,1,175
35.171112,136.899652,240.名鉄協商パーキング錦2丁目第9,5,1,1189
35.689879,139.740178,A6-01.東郷元帥記念公園（南側）,5,1,10026
35.628349,136.050317,13.柴田氏庭園,6,1,1907
35.672416,139.814681,H1-238.パークホームズ東陽町,6,4,3893
34.679082,135.515149,B-57. Tパーク内久宝寺,7,1,574
35.629861,139.666293,J1-33.芳窪街かど公園,15,12,11023
34.615689,135.533307,R-35.針中野駅駐輪場,12,1,1324
35.580741,139.687152,K1-118.久が原3丁目,10,7,376
34.680132,135.483463,D-08.La Plan 阿波座,4,2,7724
35.691559,139.690029,D6-03.新宿中央公園（ポケットパーク）,18,5,10186
35.137433,136.946638,418.名鉄協商パーキング陽明町1丁目,8,1,2630
34.784623,134.812013,【他ポートへの返却不可】09.スマート駅リンくん宝殿,9,1,697
38.262709,140.858804,89.リビングステージ広瀬川,6,1,77
35.670506,139.77854,B2-19.リエトコートアルクスタワー,12,2,1696
35.181742,136.904723,031.市役所前,6,1,87027
35.731909,139.579685,T2-22.ファミリーマート 石神井台7丁目店,7,9,10487
35.702746,139.752009,E1-01.後楽橋横,30,6,10227
35.581698,139.71491,K1-84.佐伯山緑地,13,7,10941
43.058712,141.355725,57.西2丁目線BIAX札幌南二条前,13,1,1057
35.158792,136.98965,392.アーバンラフレ虹ヶ丘西,2,1,2224
34.388816,132.460783,011.富士見第三駐輪場,23,1,3210
38.25802,140.86479,112.La Douceur片平,0,1,477
26.162662,127.655242,T-06.豊見城市民体育館,4,1,2890
34.38609,132.44587,162.セブンイレブン広島舟入中町店,2,1,3925
35.17823,136.876331,133.愛知韓国人会館,2,1,449
35.722645,139.701982,D7-04.セブン-イレブン 新宿下落合3丁目店,3,5,10409
35.184831,136.962016,275.ファミリーマート茶屋が坂駅前店,10,1,1380
34.67498,135.521715,F-01.大阪ガスNEXT21,2,1,1113
35.647081,139.825297,H1-208.夢の島緑道公園,11,4,2429
35.166407,136.899142,065.NTT広小路ビル,7,1,141
35.183047,136.909761,136.ファミリーマート明和高校前店,1,1,455
35.143955,136.954246,403.コート･サイド杁中,3,1,2503
35.778605,139.588883,T2-66.大泉学園町希望ヶ丘公園,4,9,1351
38.266167,140.910633,96.宮城野区役所,13,1,95
35.125854,136.913644,024.名鉄協商パーキング神宮前駅東街区立体駐車場,6,1,678
35.189746,136.870326,459.名鉄協商パーキング東枇杷島駅第2,1,1,2956
35.174423,136.88603,014.名鉄協商パーキング名駅3丁目PB,3,1,87014
35.689466,139.745316,A6-23.セブン-イレブン 千代田三番町店,0,1,10922
35.698991,139.76091,A2-25.プラウド神田駿河台,15,1,168
34.661542,135.497565,E-09.東横INN大阪なんば西,0,2,227
35.688945,139.706536,D1-13.新宿御苑新宿門【西側】,7,5,134
35.172529,136.903445,542.sereza錦,3,1,3927
35.707376,139.773869,F6-02.台東区上野3丁目,37,18,3456
34.38906,132.46391,047.スーパーホテル広島天然温泉・薬研堀通り,5,1,3244
36.560162,136.663106,74.石川県立能楽堂,4,1,1193
35.677763,139.74271,A5-03.参議院第二別館（永田町駅2番出口）,21,1,10025
35.687531,139.60439,O6-05.コージーコート久我山,5,14,662
35.72431,139.75716,E5-33.AXAS文京千駄木1,2,6,3943
34.697048,135.535161,G-07.TAKETO STAY OSAKAJO,5,2,7785
35.606108,139.680211,J1-63.大岡山2丁目,15,12,2845
35.72444,139.75705,E5-34.AXAS文京千駄木2,2,6,3944
35.669291,139.795364,H1-127.古石場川親水公園,1,4,10894
34.742325,135.486522,K-29.クドウマンション,3,1,3891
35.697265,139.649397,O5-03.新高円寺地下自転車駐輪場,14,14,729
35.174412,136.924261,304.NTTコミュニケーションズ代官町ビル,8,1,1620
34.709449,135.528693,G-29.ディナスティ都島北通,5,2,3182
35.67962,139.7364,A6-11.東京ガーデンテラス紀尾井町,31,1,10039
35.68615,139.69708,M5-21.パレステュディオ代々木,11,8,3794
35.170533,136.921465,105.ファミリーマート葵一丁目店,2,1,360
34.70853,135.52747,G-18.グランロード都島,3,2,2721
35.734805,139.599906,T2-65.さくらの辻公園,4,9,1334
35.182838,136.897124,032.名古屋城正門前,1,1,87028
37.915561,139.071617,34.今代司酒造,2,1,1621
35.687652,139.689254,D6-13.新宿中央公園（ジャブジャブ池下）,13,5,10284
34.664884,135.513829,F-12.生玉公園,6,1,1468
35.703914,139.747061,E1-11.小石川運動場前,16,6,10340
35.169277,136.867918,547.メイクスアート太閤通,5,1,3780
35.745451,139.6343,T1-18.石神井川（高松1-7）,3,9,2963
35.684584,139.734442,A6-21.日本工営ビル,0,1,10919
35.165035,136.919557,033.名鉄協商パーキング新栄1丁目第15,7,1,87004
35.578259,139.783505,K1-95.城南島海浜公園,10,7,11020
35.745112,139.67501,T3-34.小竹みどり公園,3,9,2719
35.161148,136.983014,492.星が丘元町,2,1,3171
35.44626,139.64035,128.神奈川住空間,3,4,425
35.596483,139.7355,I1-71.セブン-イレブン南大井浜川店,5,10,10892
35.176996,136.863369,102.ファミリーマート中村上ノ宮町店,0,1,357
34.716068,135.506895,A-31.UR リバーサイドほんじょう,5,1,7768
34.684736,135.439396,J-14.UR酉島リバーサイドヒルなぎさ街,10,2,264
35.61663,139.74192,I1-99.北品川２丁目,6,10,1050
35.644798,139.752697,C5-43.オアーゼ芝浦MJビル,7,3,485
34.38753,132.449169,104.セブン-イレブン広島加古町店,2,1,3304
34.395537,132.465684,021.福屋幟町別館,44,1,3220
35.16311,136.913056,043.グランルージュ栄2,7,1,87038
35.629807,139.662398,J1-52.駒沢一丁目公園前,8,12,763
35.159053,136.997246,393.アーバンラフレ虹ヶ丘中,1,1,2225
35.183951,136.890711,036.名鉄協商パーキング浅間町駅前,1,1,87031
35.444047,139.61543,165.スーパーマルヤマ 三春台店,6,4,2284
35.644794,139.755688,C5-45.パークアクシス芝浦キャナル,7,3,549
34.712264,135.506662,A-65.セブン-イレブン大阪本庄西2丁目店,0,2,2263
35.179723,136.913545,049.名鉄協商パーキング東片端北第2,4,1,87044
34.609769,135.495083,S-05.CRASTINE住吉大社,2,1,2359
35.649552,139.776369,B4-33.HARUMI FLAG SEA VILLAGE,0,2,2302
35.612833,139.675047,J1-53.ボヌールAllamanda,5,12,776
35.149482,136.850179,343.ファミリーマート中村並木店,2,1,1857
35.695695,139.820507,H1-182.JRWD錦糸町タワー,10,4,1373
35.648731,139.774995,B4-32.HARUMI FLAG SEA VILLAGE,8,2,2301
35.599774,139.723467,I1-87.セブン-イレブン西大井滝王子通り店,0,10,10992
34.82318,134.688331,31.ローソン姫路豊沢町店,3,1,3106
34.693435,135.782211,04.三和西大寺南町ビル,17,1,75005
38.268133,140.866816,152.グラン・シャリオビル,8,1,3111
34.99974,135.775593,KT387-J'fort祇園四条,8,1,3754
35.689689,139.698231,D6-18.ヨドバシカメラ 新宿西口本店前,19,5,10743
35.66711,139.76643,B3-17.銀座6丁目-SQUARE,39,2,11021
35.572188,139.749613,K1-94.昭和島駅前,9,7,11019
35.70124,139.71863,D4-13.AXAS新宿戸山2,1,5,3946
34.644533,135.49337,I-24.CHUAN HOUSE旭,3,1,2835
35.75372,139.584332,T2-44.中島橋自転車駐車場,7,9,681
35.191861,136.887477,548.ソルメイクス浄心天神山,0,1,3781
35.149428,136.936438,480.STプラザ御器所,2,1,3116
35.704003,139.812263,G5-08.ヴァレッシア錦糸町シティ,0,15,3160
34.388483,132.459475,013.小町第三駐輪場,29,1,3212
34.68022,135.51045,B-79.エステムコート堺筋本町1,2,2,2434
35.683433,139.740756,A6-22.半蔵門PREX South,14,1,10906
35.198114,136.926809,203.メゾン名北,1,1,981
35.679001,139.825809,H1-133.北砂2丁目公園,37,4,10915
35.193483,136.937774,083.名鉄協商パーキング大曽根第13,2,1,306
35.612217,139.708164,I1-77.セブン-イレブン品川西中延1丁目店,3,10,10918
35.160691,136.905421,037.名鉄協商パーキング大須MultinaBox駐輪場,2,1,87032
34.712012,135.500975,A-60.サンプラザ臨海,7,2,2264
35.722833,139.734662,E3-08.サガラマンション,13,6,870
35.440107,139.623442,119.セブン-イレブン京急ST黄金町店,8,4,2102
34.38426,132.41817,152.生鮮館ビフレ庚午店,6,1,3453
35.70121,139.71864,D4-14.AXAS新宿戸山3,3,5,3947
35.20103,136.924593,387.UR尾上,5,1,2219
35.709261,139.746374,E1-18.アーバネックス小石川春日,6,6,721
35.45129,139.63549,108.横浜北仲ノット,19,4,2094
38.233175,140.877372,111.ローソン仙台鹿野一丁目店,7,1,406
34.383214,132.444778,096.セブン-イレブン広島舟入幸町東店,14,1,3296
35.694104,139.840278,H1-148.大島七丁目団地,10,4,125
43.064224,141.330914,28.桑園北5条通,20,1,86028
35.192955,136.903008,107.ファミリーマート金城一丁目店,5,1,362
34.38846,132.46415,142.オリエンタルホテル広島,8,1,1925
35.705686,139.642587,O5-02.馬橋ハイツ,4,14,727
35.5343,139.495909,【M-013】市営長津田スカイハイツ,20,3,2741
35.683102,139.688852,D6-24.ＮＴＴ東日本 本社ビル,23,5,10917
34.672183,135.514117,B-11.NTT西日本高津ビル,3,1,7838
34.394094,132.434648,102.西区役所,3,1,3302
35.72077,139.6045,O1-01.上瀬戸公園,5,14,591
35.166588,136.86575,123.ファミリーマート中村大宮町店,2,1,397
35.70208,139.82641,H1-215.EC KAMEIDO TOKYO EAST2,5,4,2998
35.163477,136.922984,141.ファミリーマート名古屋新栄店,0,1,483
35.603275,139.713428,I1-75.セブン-イレブン品川二葉4丁目店,3,10,10911
35.693059,139.813417,G5-01.牡丹橋自転車駐車場,16,15,912
34.38862,132.4298,119.ダイハツ広島　観音店,7,1,400
35.178445,136.978997,416.RAKU SPA GARDEN 名古屋,3,1,2803
34.710803,135.492927,A-09.北スポーツセンター,4,1,908
35.571393,139.765882,K1-160.東横イン電建　京浜島ものづくり研究センター,8,7,2942
33.27921,131.50442,105.まち歩きステーション  ARUCO DE BEPPU,3,2,2368
35.668395,139.769849,B3-18.銀座松竹スクエア,13,2,123
35.641833,139.734519,C4-01.高輪地区総合支所(5F),8,3,10210
35.181023,136.885714,116.ファミリーマート菊井一丁目店,0,1,391
35.007732,135.764858,KT002-Alanet KYOTO,6,1,2149
35.71046,139.6855,N3-15.ライオンズマンション中野東,4,13,716
34.396,132.474,003.エールエールA館(東館),2,1,3202
35.176899,136.927635,139.名鉄協商パーキング筒井2丁目第3,0,1,466
34.652541,135.506541,E-13.通天閣,2,2,719
35.650573,139.777908,B4-35.HARUMI FLAG SEA VILLAGE,7,2,2304
38.262521,140.883057,36.アパホテル<TKP仙台駅北＞,8,1,80
35.682218,139.743292,A6-24.国立劇場,15,1,10936
34.66234,135.504124,E-25.タイムズ大阪難波,18,1,1820
34.617818,135.546783,U-05.NTT西日本平野ビル,2,1,1862
35.466735,139.636324,074.横浜市中央卸売市場,3,4,2062
34.694921,135.483971,【バッテリー交換のみ】ドコモショップ福島店,0,2,1266
35.160686,136.881182,076.ロイヤルパークスERささしま,4,1,250
35.692599,139.770109,A3-42.内神田3丁目,25,1,10909
35.166934,136.901612,046.RT白川ビル,14,1,87041
35.204446,136.914247,388.アーバンラフレ志賀,6,1,2220
35.036664,135.777743,KT386-J'fort高野,7,1,3748
35.164356,136.888243,051.パナソニック名古屋中村ビル,0,1,87046
35.153325,136.911482,120.ファミリーマート名古屋千代田店,0,1,394
35.129268,136.895175,099.ファミリーマート熱田大宝店,2,1,347
35.660632,139.817294,H1-142.東京ベイ潮見プリンスホテル,6,4,11008
38.265306,140.906343,101.仙台ニュースカイマンション,0,1,101
34.707139,135.50671,A-63.中崎一丁目127番14,20,2,2265
34.66382,135.48728,E-45.エステムコート難波4アトリ,5,2,3054
35.765144,139.636606,T1-15.つのの山緑地,4,9,1478
35.047945,135.748617,KT401-むらさきプラザ,5,1,3930
35.582743,139.710561,K1-146.南馬込6丁目25-11,4,7,1924
35.035149,135.746877,KT382-クレドール西陣大宮,7,1,3749
38.271126,140.861534,34.東北大学病院前,9,1,41
35.552741,139.718404,K1-147.トヨタモビリティ東京蒲田仲六郷店2,2,7,1992
34.682143,135.511945,B-51.&AND HOSTEL HOMMACHI EAST,13,2,7969
35.18551,136.933086,265.徳川園,4,1,1344
34.714916,135.473708,K-24.グランサンクゼロツー2,4,2,3177
35.167385,136.889546,073.トヨタレンタリース愛知 柳橋店,4,1,231
35.662908,139.755014,C1-69.塩釜公園,8,3,11035
35.140642,136.959112,485.ファミリーマート昭和滝川町店,2,1,3118
34.35591,132.46347,121.ファミリーマート宇品神田店,10,1,402
35.738585,139.653396,T3-18.練馬駅北,16,9,1337
35.147595,136.923945,405.名鉄協商パーキング御器所3丁目第3,0,1,2404
35.668856,139.794069,H1-172.サンヨーパシフィックマンション,5,4,905
35.161967,136.885381,059.愛知大学 名古屋キャンパス,11,1,87054
35.602392,139.72227,I1-119.西大井広場公園,11,10,2994
35.159334,136.907351,064.NTT上前津ビル,0,1,140
38.264631,140.875307,133.プラウド錦町公園,9,1,1574
35.658911,139.792531,H1-01.豊洲ＩＨＩビル前（晴海通り）,11,4,10092
35.681316,139.792176,H1-59.LYURO 東京清澄,0,4,10308
35.626355,139.700153,J1-38.林試の森公園 北,13,12,147
35.676393,139.768319,B2-02.柳通り（東京スクエアガーデン前）,23,2,10054
35.696449,139.750784,A1-10.ヒューリック九段ビル,0,1,10138
34.654873,135.504037,E-30.ローソン今宮戎店,2,2,788
35.629067,139.711779,J1-36.WJ Haus,3,12,132
35.168324,136.902386,042.広小路本町ビルディング,26,1,87037
35.631132,139.792726,H1-154.やぐら橋下,23,4,207
34.666846,135.488672,E-37.FDS ZEAL,3,2,1454
35.72515,139.672614,N2-06.江古田1丁目B,6,13,370
36.531607,138.550342,嬬恋村観光案内所,5,1,94001
34.71558,135.508612,A-39.大淀コミュニティセンター,3,1,516
35.184569,136.893505,115.ファミリーマート城西二丁目店,0,1,390
35.184749,136.872807,052.名鉄病院,1,1,87047
34.679509,135.490986,D-27.株式会社山善本社ビル,5,2,1833
34.691763,135.460034,J-15.UR高見フローラルタウン6番街,1,2,265
34.388971,132.417807,098.セブン-イレブン広島高須駅前店,2,1,3298
35.547061,139.756277,K1-87.羽田イノベーションシティ,13,7,10951
35.189531,136.89655,177.名鉄協商パーキング数寄屋町,4,1,748
35.148852,136.898761,151.ファミリーマート古渡町店,3,1,580
34.694349,135.525863,G-06.コーナン片町店,11,2,7924
35.66605,139.806699,H1-36.フジゴルフセンター,14,4,10193
34.66849,135.46771,O-18.エスリード弁天町ポートヴィラ,6,2,3338
35.146467,136.900576,112.サンプラザ金山,0,1,367
34.609763,135.526267,R-22.長居公園　南東口,20,1,447
35.634453,139.824,H1-189.MFLP新木場2,40,4,1606
35.188666,136.883384,528.名古屋西郵便局,5,1,3487
35.627599,139.782953,H1-159.夢の大橋西,1,4,380
35.183317,136.957215,250.カレント茶屋が坂,3,1,1342
35.708734,139.730509,D3-16.セジョリ江戸川橋,14,5,1048
35.686567,139.699355,M5-15.新宿マインズタワー,2,8,11018
35.644863,139.831107,H1-191.三井リンクラボ新木場2,15,4,1760
35.162506,136.93874,159.ファミリーマート千種今池南店,1,1,640
35.68642,139.836151,H1-168.大島五丁目公園,13,4,759
35.63363,139.79082,H1-04.石と光の広場（国際展示場駅）,66,4,410
35.656052,136.031783,15.西福寺,0,1,1909
35.153337,136.899677,549.メイクスWアート上前津Ⅴ,1,1,3779
36.369148,138.296918,07_しなの鉄道大屋駅【とうみシェアサイクル】,20,1,2782
35.181193,136.880191,114.則武新町立体駐車場前,9,1,369
34.683842,135.46409,J-21.ビオス西九条,5,2,1453
35.44154,139.661399,138.新山下シーサイド,8,4,1188
35.697935,139.821855,H1-100.URアーバンライフ亀戸,30,4,10769
35.149671,136.942052,263.名鉄協商パーキング広路通4丁目,2,1,1343
35.16689,136.891777,173.納屋橋きらめき広場,4,1,725
35.126014,136.888496,560.名鉄協商パーキング六番町第6,3,1,3929
35.67517,139.804087,H1-203.セブン-イレブン江東木場３丁目店,1,4,2266
35.57826,139.756458,K1-175.東海ふ頭公園,5,7,3680
36.10269,139.795435,道の駅さかい,5,1,550
36.061156,136.223334,11.福井市観光交流センター,8,1,1905
34.666308,135.500001,【バッテリー交換のみ】ドコモショップなんば御堂筋店,0,2,1269
35.16969,136.924072,158.ファミリーマート名古屋新栄二丁目店,0,1,638
35.672477,139.739743,C3-28.ヒューリックＪＰ赤坂ビル,12,3,11013
35.145419,136.896408,053.名鉄協商パーキング金山西,0,1,87048
34.69802,135.52536,G-27.エスリード京橋アミュゼ,3,2,3070
34.615535,135.518748,R-18.長居公園　北口,30,1,443
35.143493,136.910519,236.グレース金山,0,1,1202
35.168031,136.922982,082.名鉄協商パーキング新栄第16,0,1,305
34.611386,135.520299,R-32.長居公園　長居植物園正門前,19,1,720
35.184704,136.919934,117.ファミリーマート芳野一丁目店,6,1,392
34.37228,132.43495,124.マックスバリュ江波店,12,1,545
35.72758,139.62432,O1-04.井草1-34,14,14,888
35.140651,136.861513,527.中川郵便局,8,1,3486
38.249825,140.905172,43.地下鉄薬師堂駅,7,1,51
35.707877,139.618926,O3-11.ハイリビング関根,8,14,761
35.148874,136.860509,532.小本駅前,3,1,3567
34.410633,132.453273,036.フジ三篠店,20,1,3236
35.668845,139.765144,B3-15.ACホテル・バイ・マリオット東京銀座,11,2,10442
35.767129,139.664365,T3-05.東武練馬駅南,10,9,1064
34.690912,135.474711,C-20.パークステーション吉野第3,9,2,2198
35.664871,139.767188,B3-13.国立がん研究センター,19,2,10614
34.715222,135.501606,A-73.豊崎神社敷地,8,2,2809
34.719757,135.479931,K-15.アスティルホテル十三プレシャス,4,2,2808
34.650469,135.505494,_E-16.スパワールド北側,0,2,7927
34.707725,135.489549,A-10.大阪ふくちぁん餃子大淀店,18,2,658
34.666677,135.527967,F-07.Color Tsuruhashi,6,2,7731
34.695645,135.472884,C-07.パルパーク海老江駅2号出口,1,2,7962
35.654196,139.79626,H1-02.豊洲駅,42,4,10093
35.160259,136.893584,137.自由自在OSU,2,1,464
36.104882,139.790187,河岸の駅さかい,2,1,562
35.17497,136.887116,119.ファミリーマート那古野南店,7,1,393
35.146715,136.898239,057.名鉄協商パーキング正木第5,3,1,87052
34.823693,134.69095,40.ドコモCS関西 姫路支店,5,1,3782
37.920777,139.055622,27.万代テラス,7,1,1596
35.191454,136.892431,169.名鉄協商パーキング城西4丁目第6,0,1,708
36.118364,139.798544,さかい子育て支援センターS-WORK＋KIDS,5,1,561
35.159606,136.927436,056.吹上2丁目,3,1,87051
34.66852,135.491187,E-28.ミライト・ワン,2,2,786
35.121639,136.911156,525.熱田郵便局,7,1,3484
35.696567,139.610517,O3-12.大宮前体育館,3,14,1867
35.758929,139.597548,T2-39.ローソン 練馬大泉町五丁目店,7,9,217
35.177253,136.910716,074.St.Regis IZUMI (セントレジス泉),3,1,214
38.275944,140.878013,150.バリューⅢ,10,1,3035
35.160983,136.881957,067.中京テレビ,3,1,185
35.165312,136.864981,161.扇港電機,3,1,655
34.667138,135.495263,E-35.OCAT駐輪場,14,1,195
35.004778,135.758801,KT001-占出山町(四条烏丸),15,1,2238
34.665986,135.535572,H-05.ローソン玉津三丁目店,4,2,7714
34.609222,135.565993,U-06.出戸バスターミナル,7,2,2757
35.16552,136.917535,162.名鉄協商パーキング新栄第2,0,1,656
35.681352,139.781436,B1-18.セブン-イレブン 日本橋小網町店,2,2,10447
35.170365,136.893986,142.DPスクエア錦,4,1,544
35.612153,139.700624,I1-126.摩耶寺,9,10,3539
34.646499,135.499632,I-13.DOYANEN HOTELS BAKURO,3,1,7886
35.169565,136.941427,249.カレント今池,4,1,1341
35.607717,139.749478,I1-10.品川シーサイド公園第1,19,10,10462
35.735428,139.652379,T3-16.練馬区役所東庁舎(第一),10,9,1332
35.549323,139.737091,K1-109.萩中公園プール駐輪場,5,7,271
34.662909,135.395594,J-05.ミズノスポーツプラザ舞洲,10,2,7914
35.195427,136.898421,241.FKレジデンスT･H,0,1,1316
34.68411,135.833202,14.奈良公園登大路園地,5,1,75015
35.142322,136.900576,058.金山駅南口ステーション,4,1,87053
34.711333,135.512069,A-74.フォレスト106,8,2,2810
35.59727,139.752362,I1-116.八潮5丁目 8,6,10,2780
35.514643,139.706285,Z21.コーナン川崎小田栄店,6,11,205
35.173638,137.008742,323.名鉄協商パーキング上社駅南第2,3,1,1764
35.687732,139.846383,H1-66.中川船番所資料館,8,4,10345
34.70172,135.48981,C-24.エスリード大阪STATION,7,2,3339
38.269552,140.865628,40.プラウドタワー仙台晩翠通サウス,7,1,111
35.668673,139.702816,M4-16.神宮前6丁目,2,8,744
35.650347,139.771785,B4-38.HARUMI FLAG SUN VILLAGE,12,2,2307
34.68452,135.486957,D-29.J.GRAN Court 京町堀,0,2,1846
34.381942,132.439616,092.セブン-イレブン広島西川口町店,6,1,3289
35.546499,139.736761,K1-111.本羽田公園,4,7,273
34.71496,135.4737,K-23.グランサンクゼロツー1,2,2,3176
34.711355,135.534252,G-24.都島北通2丁目19-10,3,1,1911
35.167446,136.88693,172.名鉄協商パーキング笹島第7,7,1,718
35.598631,139.751217,I1-114.八潮5丁目 6,7,10,2778
35.209847,136.898568,224.ファミリーマート名西稲生店,2,1,1151
35.707883,139.683284,N3-04.東中野駅地下駐輪場,28,13,10962
38.244867,140.900695,44.若林区役所,16,1,52
35.636808,139.752517,C5-48.セブンイレブン港区海岸3丁目店,8,3,1433
35.543573,139.714393,K1-104.六郷BASE,3,7,233
35.182883,136.893885,077.グランメール城西,4,1,251
35.69714,139.65432,O5-08.セシオン杉並,1,14,1866
34.704057,135.505319,A-36.ファミリーマート中崎南店,6,2,116
38.239556,140.897471,113.南小泉三丁目,22,1,308
35.60032,139.750741,I1-113.八潮5丁目 5,8,10,2777
38.260881,140.868642,31.enspace,3,1,74
35.167547,136.879824,138.相鉄フレッサイン名古屋駅新幹線口,7,1,465
35.768448,139.601679,T2-21.ファミリーマート 練馬大泉町一丁目店,7,9,10479
35.651305,139.773379,B4-40.HARUMI FLAG SUN VILLAGE,15,2,2287
35.15679,136.917269,179.ファミリーマート鶴舞店,10,1,781
34.38426,132.48716,115.ファミリーマート上東雲町店,6,1,333
34.64815,135.515787,F-02.ニッセイ天王寺ビル,9,2,7859
35.646307,139.746428,C1-72.新田町ビル,11,3,196
35.555561,139.704345,K1-97.トミンタワー多摩川二丁目,1,7,152
34.69635,135.47188,C-23.ディナスティ福島2,7,2,3178
35.125144,136.934112,526.瑞穂郵便局,3,1,3485
35.639644,139.745532,C5-41.トヨタモビリティ東京 芝浦店,6,3,399
35.181687,136.894852,175.名鉄協商パーキング三の丸1丁目,5,1,746
33.240344,131.609051,01.アートプラザ,0,1,85001
34.3925,132.504088,113.府中町役場,15,1,244
34.721294,135.483254,K-08.EH-JUSO 01,4,2,2338
35.65583,139.759896,C1-71.芝商業高校前交差点,17,3,194
35.706214,139.651185,O5-11.高円寺北2丁目,4,14,2847
35.734684,139.593628,T2-75.石神井台二丁目緑地,2,9,1753
35.616637,139.699698,J1-64.東急西小山駅（北）駐輪場,22,12,3540
37.922295,139.026991,31.マリンピア日本海,5,1,1599
35.713018,139.656768,N2-04.野方2丁目,1,13,10985
35.666527,139.748804,C1-04.虎ノ門ヒルズ,29,3,10072
34.38048,132.44333,163. ミロワール舟入,4,1,3949
35.735585,139.652544,T3-17.練馬区役所東庁舎(第二),5,9,1333
35.706167,139.815955,G2-07.レオーネ押上cube,4,15,1790
35.645389,136.056118,12.敦賀市役所,5,1,1381
38.249439,140.902542,108.ファミリーマート仙台薬師堂前店,6,1,108
35.603243,139.752783,I1-111.八潮5丁目 3,10,10,2775
35.479648,139.64358,135.アクアリアタワー横浜,9,4,935
35.715211,139.689788,D7-10.染の里 おちあい,9,5,10737
35.707296,139.769393,E5-07.湯島三丁目児童遊園,9,6,10346
35.137905,136.908242,193.イオンモール熱田(北側),1,1,969
35.170397,136.987318,502.愛知東邦大学,3,1,3370
35.163833,136.965119,274.ファミリーマート千種本山店,8,1,1379
34.38791,132.41936,046.マックスバリュエクスプレス庚午店,9,1,3276
35.166262,136.955524,202.グレイス覚王山,2,1,980
38.248045,140.92362,151.バリュー大和町,22,1,3036
34.69589,135.187103,04.神戸北野ノスタ,6,1,3503
35.192678,136.941668,273.プレイズシード大曽根,4,1,1378
38.262857,140.878531,28.山一仙台中央ビル,6,1,55
35.640783,139.756688,C5-56.芝浦ダイヤビルディング,63,3,2912
35.18538,136.890357,186.名鉄協商パーキング浅間町駅北第2,0,1,890
35.160418,136.918942,095.ファミリーマート千早店,3,1,343
35.163631,136.973439,437.クレストヒルズ東山,3,1,2804
34.680041,135.551538,H-17.大森モータープール,4,2,1847
35.192953,136.938285,146.名鉄協商パーキング大曽根第11,4,1,563
35.146854,136.959768,469.名鉄協商パーキング川名山町,1,1,3025
35.184524,137.060998,197.長久手温泉ござらっせ,5,1,964
35.678291,139.78157,B2-18.旭ビルディング,11,2,764
35.649257,139.713272,M2-13.恵比寿プライムスクエアタワー南,8,8,1496
35.616541,139.697369,J1-40.西小山公園,9,12,156
35.165423,136.898113,124.名鉄協商パーキング白川公園,4,1,389
34.690859,135.490548,A-84.大阪市立科学館,10,2,3935
34.676593,135.503404,B-93.セブン‐イレブン南船場三休橋筋店,4,2,3933
26.13218,127.65296,04.サザンビーチホテル＆リゾート沖縄,3,1,274
34.74666,135.49854,K-26.エスリード北大阪レジデンス,10,2,3340
35.598601,139.684747,K1-47.NTT雪ヶ谷ビル,11,7,10548
35.678179,139.720809,C3-19.明治記念館西,0,3,10503
35.136126,136.908619,194.イオンモール熱田(南側),0,1,971
35.196993,136.896969,223.ファミリーマート上名古屋四丁目店,2,1,1150
35.205894,136.891323,078.庄内ハウス,7,1,252
35.69693,139.672721,N4-01.本四公園,6,13,10964
35.696147,139.753709,A2-22.専修大学,2,1,10634
35.696147,139.753709,A2-22.専修大学,2,1,10634
34.66544,135.46529,O-19.エスリード弁天町南,8,2,3491
35.651136,139.778218,B4-30.HARUMI FLAG PORT VILLAGE,4,2,2299
35.630791,139.787396,H1-156.つどい橋下,9,4,381
35.185923,136.918818,212.名鉄協商パーキング白壁第8,4,1,1053
38.254434,140.86357,137.レジデンシャル青葉広瀬川,15,1,1868
35.716359,139.704377,D7-11.新宿清掃事務所,6,5,319
35.205701,136.886858,226.ファミリーマート名西名塚町店,0,1,1184
34.631028,135.422757,T-07.ポートタウン西駅,4,2,3416
34.73807,135.50136,K-04.スカイライト新大阪,4,2,1849
34.620324,135.527481,R-16.東住吉会館複合施設,4,1,441
34.654168,135.496237,E-56.エステムコート難波サウスプレイス5エレージュ,11,2,3897
35.644042,139.626184,L1-24.T’s garden,5,17,3023
34.9271,134.96244,ホテルルートイン加東,8,1,2838
35.172806,136.85932,248.カーサナカムラ,5,1,1283
34.36317,132.46915,026.イオン宇品ショッピングセンター,15,1,3226
35.695457,139.772972,A3-46.神田須田町2丁目,2,1,1336
35.58239,139.73243,K1-174.第五光マンション ,9,7,3679
34.39308,132.48042,031.FAV HOTEL 広島スタジアム,3,1,3231
35.128196,136.920277,204.名鉄協商パーキング牛巻,3,1,999
35.695937,139.838017,H1-170.セブンイレブン江東亀戸7丁目南店,1,4,791
34.703794,135.512337,A-12.ファミリーマート天神橋四丁目店,5,2,7880
34.678403,135.507289,B-47.ファミリーマート博労町一丁目店,7,2,7786
34.668698,135.463875,O-09.ONE PARK弁天町駅前,5,2,1321
36.351566,140.18719,福原駅,5,1,1089
35.674094,139.728895,C3-29.高橋是清翁記念公園,0,3,309
35.748736,139.574839,T2-76.東中前の森緑地,4,9,1809
35.680203,139.778679,B2-09.茅場町一丁目平和ビル,12,2,10068
34.634482,135.541606,R-06.ローソン杭全八丁目店,5,2,7826
34.642137,135.41201,T-05.コスモスクエア駅西側,4,2,3414
33.238468,131.611152,05.大手公園,3,1,85005
35.680636,139.817977,H1-124.セブン-イレブン 江東海辺店,15,4,10870
35.696585,139.713081,D4-10.東新宿ポート(余丁町6番),6,5,1109
35.6035,139.73346,I1-121.エステムプラザ品川サウスヒルズ,20,10,3188
38.26662,140.869483,47.仙台パークビル,17,1,57
38.257597,140.879549,48.セブンイレブン仙台中央4丁目店,0,1,60
34.67998,135.18355,22.ハーバーランド第3,13,1,2373
35.678913,139.639944,O7-07.ハレ永福,13,14,1110
35.595119,139.6996,K1-102.上池台四丁目公園,7,7,201
35.151382,136.905397,231.東別院自転車駐車場(北側),1,1,1186
34.638571,135.423412,T-03.ホテルフクラシア大阪ベイ,8,2,1322
35.145629,136.890122,259.名鉄協商パーキング尾頭橋公園第4,2,1,1280
35.595498,139.750654,I1-93.中央海浜公園前交差点（南側）,7,10,567
35.603698,139.754304,I1-110.八潮5丁目 2,5,10,2774
34.596478,135.490794,S-07.遠里小野橋北詰,4,1,2702
35.688074,139.838932,H1-167.大島八丁目公園,13,4,749
35.695102,139.723345,D4-01.市谷仲之町,7,5,10693
35.150542,136.904995,232.東別院自転車駐車場(南側),0,1,1187
35.692983,139.76773,A3-01.神田児童公園（西側交番横）,6,1,10013
35.599541,139.697962,K1-101.小池公園,5,7,200
35.713227,139.680966,N3-14.ヴィラソンサ落合,3,13,648
35.18785,136.908403,438.名鉄協商パーキング柳原1丁目第3,7,1,2839
35.67121,139.64145,O7-02.永福中央公園,10,14,606
35.628743,139.773915,C5-38.お台場海浜公園乗船場,14,3,10118
38.275904,140.873763,144.リッチモンドスクエア上杉,0,1,3378
34.683505,135.519392,B-61.大手前合同庁舎,9,2,1352
35.650541,139.713361,M2-12.恵比寿プライムスクエアタワー北,9,8,1495
33.236701,131.609493,06.ふないアクアパーク,4,1,85006
35.721064,139.677128,D7-06.エムアイセミナーハウス,5,5,10575
34.39544,132.44759,122.ファミリーマート猫屋町店,5,1,403
34.714376,135.511484,A-49.ピュアコート天神橋,6,2,1644
35.722991,139.673048,N2-09.松山駐車場No.1,5,13,767
34.688971,135.195595,31.東遊園地,7,1,3906
34.711716,135.578451,M-03.鶴見緑地　中央噴水前,7,1,7782
35.696066,139.777521,A3-48.VORT秋葉原Ｖ,3,1,3627
36.368603,140.214285,稲田駅,5,1,1092
35.137462,136.930897,523.フォレシティ桜山,3,1,3568
34.989305,135.743466,KT006-KYOCA京果会館(梅小路京都西駅 東側),25,1,2135
24.33719,124.186463,I-01.Pine House in ISHIGAKI,5,1,2805
35.58849,139.70376,K1-42.馬込西公園,14,7,10510
35.713913,139.745416,E1-17.小石川パークスクエア,9,6,277
35.702659,139.662563,N3-10.エーエスホームズⅡ駐車場,6,13,469
34.643769,135.529528,R-09.ファミリーマート桑津一丁目店,7,2,7987
35.738427,139.632251,T3-27.貫井川緑地,4,9,1568
34.68287,135.513281,B-62.ウエリスタワー谷町四丁目,4,2,1457
38.272341,140.903512,117.アクロスプラザ仙台幸町,16,1,356
33.245753,131.610949,08.ドコモショップ大分中島店,8,1,85008
34.691454,135.190238,32.サンセット通りポート,19,1,3907
35.67753,139.63667,O7-01.西永福公園,5,14,605
34.646887,135.539453,N-03.ローソン生野舎利寺店,11,2,7790
35.634019,139.719749,I1-91.アクロス目黒タワー,11,10,470
35.664461,139.756082,C1-14.新橋プラザビル,10,3,10088
35.419003,139.648473,122.ファミリーマート横浜本牧店,3,4,193
34.67737,135.50877,B-91.エステムコート心斎橋EAST2ラヴァンツァ,3,2,3898
35.589972,139.729368,I1-57.大井水神公園,55,10,10771
35.755137,139.661208,T3-28.ほしぞら緑地,3,9,1569
35.728893,139.670119,N2-08.江古田区民活動センター,4,13,633
35.173646,136.929249,354.車道駅ステーション(北側),13,1,2505
35.190362,136.953239,242.ファミリーマート名古屋大幸四丁目店,12,1,1207
35.155075,136.92773,251.Grandtic Roxa,0,1,1284
35.765979,139.64931,T3-30.北西大松公園,4,9,1571
35.195441,136.886913,374.ファミリーマート児玉西店,3,1,2189
35.202256,136.897586,206.名鉄協商パーキング香呑町,0,1,1055
35.16155,136.882457,269.グローバルゲート,0,1,1362
35.586585,139.698552,K1-49.ローソン仲池上一丁目店,6,7,10029
34.38711,132.43128,123.ファミリーマート南観音三丁目店,4,1,404
35.146424,136.89776,191.東横INN 名古屋金山,0,1,920
35.749918,139.58618,T2-01.大泉学園駅北口,3,9,10364
34.69653,135.193748,33.フラワーロード西ポート,11,1,3908
35.638927,139.727083,C4-05.白金台駅自転車駐車場,13,3,10540
34.685452,135.466332,J-01.NTT西日本此花ビル,2,1,1861
35.707035,139.633066,O4-03.ザ・ハウス,10,14,769
35.200853,136.929303,192.そよら上飯田,8,1,907
35.710285,139.66173,N2-01.NTT野方ビル,5,13,10973
35.67912,139.61074,O6-01.高井戸みどり公園,5,14,601
35.710111,139.81488,G2-02.押上1-23-8,9,15,911
35.739488,139.590273,T2-31.ファミリーマート 石神井台二丁目店,0,9,10594
34.681344,135.818659,22.ホテル日航奈良南,4,1,75023
34.69165,135.196,19.カーサグランデ神戸,10,1,1845
35.70104,139.65839,O5-04.リヴィエール,20,14,770
37.91123,139.06252,20.新潟駅南口広場,2,1,954
34.716441,135.573253,Z-04.鶴見緑地　公園北口,7,1,7784
34.714511,135.469997,K-22.サンユタカマンション,12,2,3134
34.712547,135.510486,A-02.ファミリーマート天六北店,0,2,7822
34.686078,135.792409,01.平城宮跡歴史公園内天平みはらし館前,19,1,75002
34.653201,135.499522,E-14.グランパシフィック戎本町,0,2,7901
34.826204,134.683506,14.イオンタウン姫路,24,1,1985
33.23736,131.59027,25.やまばと児童公園,0,1,85025
35.746369,139.581065,T2-33.ウインドヒルズ189,5,9,10441
35.627386,139.711182,I1-82.トミンハイム西五反田四丁目,7,10,10938
35.65618,139.69612,M3-21.渋谷ソラスタ,12,8,351
35.680431,139.738203,A6-17.東京ガーデンテラス紀尾井町（プリンス通り側）,1,1,10613
34.659134,135.538012,N-04.いくのパーク,15,1,839
34.684454,135.186797,15.ホテルオークラ神戸前,6,1,3515
34.682806,135.179667,11.西元町,4,1,3510
34.676765,135.544177,H-10.NTT西日本東成第2ビル,8,1,7897
33.23031,131.60106,36.風之荘 本館,14,1,85036
35.164412,136.936575,238.ファミリーマート今池南店,0,1,1204
35.643141,139.777821,H1-134.豊洲ぐるり公園,24,4,10916
38.262729,140.876115,21.ガスサロン,9,1,22
35.67156,139.64609,O7-03.永福町西幸モータープール東,11,14,607
35.672652,139.738908,C3-30.東京赤坂NKビル (ヴィアインプライム赤坂),19,3,1062
35.631021,139.778109,C5-39.お台場海浜公園東,14,3,10119
35.700033,139.71983,D4-04.ジェノヴィア新宿早稲田グリーンヴェール,7,5,10845
34.715383,135.55915,W-01.大阪シティ信用金庫 関目支店,5,2,1702
35.45555,139.566402,【A-041】たちばなの丘公園付近,10,3,3738
34.664379,135.515039,F-10.ファミリーマート天王寺生玉町店,10,2,7996
38.259467,140.879273,42.地下鉄仙台駅西１出入口,3,1,50
35.634533,139.708868,J1-08.目黒区民センター公園,11,12,10691
34.709081,135.457914,X-01.NTT西日本西淀川ビル,5,1,1859
34.65564,135.4728,P-08.泉尾4丁目月極駐車場,9,2,1871
35.164378,136.85031,253.ファミリーマート中村向島店,2,1,1257
35.203918,136.906647,389.アーバニア志賀公園,6,1,2221
35.14582,136.918571,234.名鉄協商パーキング村雲町第2,1,1,1225
38.270506,140.865349,55.ローソン仙台二日町晩翠通店,3,1,38
35.655483,139.687325,J1-39.松見坂公園,3,12,151
34.671015,135.486044,D-16.西区南堀江4（地下鉄桜川駅）,3,2,7934
35.750761,139.594457,T2-32.セブン-イレブン 練馬東大泉NTTビル店,8,9,10431
35.679167,139.839746,H1-122.東砂スポーツセンター,7,4,10859
35.64096,139.75754,C5-40.芝浦ふ頭駅前暫定自転車駐車場,7,3,350
35.205436,136.900767,386.UR中丸,5,1,2218
34.694139,135.785359,29.奈良ファミリー,3,1,75040
35.156782,136.991964,391.アーバンラフレ虹ヶ丘南,8,1,2223
34.643127,135.530026,R-12.CASSIA天王寺東,3,2,192
35.582756,139.6925,K1-88.大田久が原西郵便局,3,7,10987
34.697009,135.197684,34.旭通り,9,1,3909
35.613387,139.749307,I1-97.トミンハイム東品川三丁目第二,31,10,930
35.170937,136.920249,104.ファミリーマート葵店,2,1,359
35.69617,139.722021,D4-09.トミンハイム仲之町,0,5,931
34.731866,135.555426,Z-06.太子橋今市北西,4,2,3901
34.703156,135.566518,M-06.イオンモール鶴見緑地店 南側,25,2,1641
35.631319,139.70237,J1-41.CASSIA目黒,9,12,157
34.65013,135.476132,P-07.ファミリーマート大正千島一丁目店,5,2,7995
35.206884,136.912818,390.アーバンラフレ鳩岡,5,1,2222
38.252899,140.867837,58.ローソン仙台瑞鳳店,0,1,58
35.708487,139.662135,N3-01.中野四季の森公園,19,13,10967
35.63237,139.712681,J1-43.アルコタワー・ホテル雅叙園東京,21,12,372
35.65494,139.70534,M3-20.東急ステイ渋谷新南口,8,8,208
35.670479,139.807468,H1-234.グランス木場公園,0,4,3791
34.69203,135.19866,35.磯上公園,13,1,3910
35.027215,135.7303,KT142-イズミヤ白梅町店(2F),12,1,2591
35.571975,139.732137,K1-128.大森西3丁目,16,7,855
35.081929,134.013578,010.津山高専,8,1,3775
35.432337,132.823433,I06.雲州平田駅,5,1,3493
35.17286,136.930753,356.車道駅ステーション(東側),0,1,2507
35.157846,136.842945,109.ファミリーマート岩塚本通五丁目店,7,1,364
35.139722,136.91022,152.名鉄協商パーキング池内町,2,1,609
34.38098,132.49154,120.ファミリーマート広島東雲店,7,1,401
35.686101,139.776089,B1-09.スマイルホテル日本橋三越前,4,2,10130
35.552068,139.71747,K1-148.トヨタモビリティ東京 蒲田仲六郷店1,6,7,1993
35.621081,139.741178,I1-85.GOODOFFICE品川,10,10,10953
35.17615,136.924683,106.ファミリーマート代官町東店,7,1,361
34.994968,135.739097,KT020-京都リサーチパーク4号館,13,1,2139
35.718832,139.791133,F4-01.SYFORME ASAKUSA,4,18,1917
35.698512,139.716482,D4-07.新宿余丁町ビル,2,5,109
34.821126,134.686758,16.東延末,3,1,1987
36.351464,140.306352,友部駅（北口）,6,1,326
34.7094,135.4868,A-83.エステムコート新梅田,5,2,3899
35.154135,136.900738,515.メイクス上前津Ⅳ,2,1,3466
35.69638,139.63482,O4-02.成宗さくら公園,11,14,598
35.65443,139.77843,B4-04.ＫＤＸ晴海ビル,1,2,10061
35.613819,139.728418,I1-84.セブン-イレブン西品川2丁目店,14,10,10957
35.152998,136.94123,350.名鉄協商パーキング川名本町3丁目,6,1,1886
34.396142,132.455039,008.旧市民球場跡地,24,1,3207
35.135139,136.91177,346.プレイランドキャッスル熱田店,5,1,1887
34.677642,135.505759,B-35.jyume南船場,5,2,1197
35.14056,136.933509,501.昭和郵便局,6,1,3384
35.16334,136.86731,272.ファミリーマート千成通店,3,1,1364
35.729615,139.59532,T2-37.上石神井2丁目,4,9,10913
35.74248,139.58715,T2-41.ローソン 練馬東大泉五丁目店,9,9,411
26.213253,127.677307,01.KARIYUSHI LCH.Izumizaki 県庁前,0,1,51402
35.720349,139.746924,E4-10.白山四丁目第二児童遊園横,10,6,10411
37.91504,139.05981,01.駅前通,6,1,936
35.70273,139.65864,O5-06.EXAM高円寺南,5,14,872
34.70836,135.537935,L-14.ピーゾーン野江内代駅前駐輪場,5,2,1835
35.655649,139.74427,C2-22.飯倉公園,8,3,181
35.623609,139.778782,H1-228.青海交差点,6,4,3425
35.393227,132.687136,I02.出雲大社前駅,10,1,3197
35.68768,139.71937,D1-15.フロンティア四谷,8,5,856
35.723723,139.740143,E4-16.ビレッジワン,7,6,857
35.618622,139.67596,J1-42.都立大学駅北口バス停前,19,12,158
38.256075,140.890826,60.ベルシティ新寺,8,1,63
35.674076,139.795008,H1-40.深川東京モダン館,2,4,10209
35.163163,136.884587,166.マーケットスクエアささしま,16,1,674
34.668586,135.508349,B-29.ローソン道頓堀一丁目店,4,2,986
35.711147,139.747386,E1-14.いきいき礫川,9,6,10528
34.70504,135.539283,L-17.グラン・ピア野江,8,2,1873
35.497926,138.803709,下吉田駅,5,2,2527
35.71038,139.64519,O5-01.朝霞ハイツ,12,14,599
35.542534,138.89645,都留文科大学前駅,5,1,2554
34.39529,132.472597,004.ぴーすくる運営事務所(京橋),3,1,3203
35.180024,136.896764,168.中日新聞社北館,16,1,673
34.637712,135.53664,R-08.ファミリーマート東住吉杭全店,25,2,7984
35.6897,139.694823,D6-30.京王プラザホテル,7,5,459
35.731372,139.619164,T2-68.さくら原っぱ緑地,4,9,1498
36.120995,139.810208,境町高速バスターミナル（東京駅）,3,1,558
36.37264,140.261229,笠間芸術の森公園（笠間工芸の丘）,6,1,329
35.163001,136.929426,352.千種一丁目バイクステーション,4,1,1892
35.694578,139.754434,A2-21.神田神保町3丁目,14,1,10935
35.663843,139.757697,C1-51.環二新橋四丁目,28,3,10720
35.686015,139.642784,O7-06.松木1丁目,13,14,858
34.696638,135.539871,L-04.ローソン新喜多一丁目店,0,2,7959
35.05069,135.995852,【他ポートへの返却不可】02.スマート駅リンくん守山,8,1,690
35.720028,139.678936,D7-14.大栄パーク西落合１丁目,5,5,1876
38.269874,140.862164,61.ローソン仙台木町通一丁目店,3,1,9
34.703293,135.527588,G-09.都島南通1-187,12,2,1218
35.184894,136.938956,351.CASSIA旭丘,1,1,1893
35.729056,139.627864,N1-08.上鷺自転車保管場所,7,13,859
35.175432,136.911707,157.名鉄協商パーキング泉1丁目第6,1,1,622
35.161876,136.922791,276.イオンタウン千種(1)(2),2,1,1369
35.693408,139.762809,A2-20.神田スクエア,48,1,10900
36.3426,138.363506,06_しなの鉄道滋野駅【とうみシェアサイクル】,21,1,1182
35.689755,139.701323,D6-25.新宿駅東南口自転車駐輪場,34,5,10926
35.756575,139.669689,T3-23.氷川台二丁目緑地,3,9,1359
34.39783,132.45677,147.NTT西日本基町ビル,12,1,3113
34.709002,135.50775,A-20.北区浮田2（地下鉄中崎町駅）,6,2,7885
35.678921,139.658289,O7-09.方南月極パーキング,19,14,2341
31.58433,130.5543,K1-06.甲東中学校前,8,1,1535
35.71013,139.61194,O3-03.桃井1丁目5番地,8,14,597
35.190045,136.946322,219.ファミリーマートナゴヤドーム前店,2,1,1116
35.71283,139.787754,F2-01.松が谷2丁目2,20,18,1914
36.108412,139.795149,境町役場,3,1,560
35.175875,136.883808,299.NTT笹島ビル,5,1,1613
34.815457,134.684719,10.姫路市役所,60,1,1981
35.467941,139.630746,031.三菱重工ポートサイドビル,24,4,2026
35.468676,139.625838,131.横浜みなと第一生命ビル,15,4,623
34.730063,135.55322,W-05.太子橋今市南東,5,2,3900
35.69575,139.62065,O3-01.西田公園,8,14,595
37.91641,139.05904,02.流作場五差路,8,1,937
31.583846,130.547291,K1-04.観光交流センター,6,1,1533
35.168616,136.896142,041.名古屋第一ビル(1)(2)(3)(4),19,1,87036
33.23184,131.60717,102.大分駅南口駐輪場,5,1,1511
35.673409,139.675203,M6-13.JICA東京,10,8,10999
35.133835,136.934014,301.NTT瑞穂通ビル,0,1,1616
35.18021,136.886248,298.NTT新道ビル,2,1,1614
35.750547,139.66707,T3-22.氷川台三丁目ちびっこ公園,3,9,1358
35.747038,139.667965,T3-21.くまのやま緑地,4,9,1357
33.30541,131.50253,103.ローソン別府観光港店,16,2,1737
35.67834,139.62711,O6-04.柏の宮公園,3,14,604
35.159086,136.935585,183.サンライズ千種,5,1,861
34.76796,134.83908,【他ポートへの返却不可】12.スマート駅リンくん加古川,6,1,1738
31.5834,130.5432,K1-01.鹿児島中央駅東口,29,1,1530
35.69561,139.8316,H1-237.アルテシモリンク コモド,6,4,3894
26.217229,127.691717,08.牧志郵便局,3,1,51413
35.643131,139.797784,H1-145.東雲都橋住宅,7,4,11012
34.644134,135.469547,P-09.小林西二丁目7番7,15,2,2164
35.706793,139.782985,F1-03.新御徒町駅自転車駐車場,12,18,1919
35.189597,136.883336,221.ファミリーマート名古屋西高校前店,2,1,1118
34.67364,135.53904,H-20.ディナスティ玉造,4,2,3180
34.659903,135.506752,E-31.プランドール難波,0,2,7735
35.656991,139.740739,C2-04.飯倉いきいきプラザ,3,3,10131
35.435101,139.653245,153.キリン園,7,4,1957
34.664719,135.548164,N-02.ローソン新今里二丁目店,11,2,7789
35.638864,139.696568,J1-49.伊勢脇公園,2,12,667
35.610537,139.712434,I1-100.東急荏原中延駅駐輪場,9,10,1426
35.689543,139.836394,H1-175.ダイアパレス大島駅前,4,4,1051
35.63767,139.7045,J1-45.プラウド中目黒,3,12,611
34.61077,135.514093,R-30.地下鉄長居駅地下駐輪場,7,2,660
35.63367,139.678139,L1-04.下馬中央公園,6,17,1666
35.743772,139.603317,T2-51.練馬区役所石神井庁舎,9,9,1063
38.261241,140.873656,63.一番町平和ビル,22,1,28
35.552838,139.716711,K1-164.京急仲六郷１丁目マルチモビリティステーション,0,7,3115
38.24862,140.88652,123.永大ハウス工業 本社前,9,1,868
35.176504,136.864925,185.名鉄協商パーキング本陣駅前第5,3,1,863
35.693602,139.703229,D6-01.新宿区役所本庁舎,36,5,10184
26.205227,127.679432,07.那覇中央郵便局,5,1,51412
34.36862,132.41615,128.モルテン　ザ・ボックス,11,1,1056
26.21429,127.67963,06.パレットくもじ県庁前駅下,5,1,284
38.253993,140.885997,62.栽松院,16,1,13
37.92158,139.04772,07.柾谷小路ゆうあい公園,7,1,941
34.645859,135.469024,P-12.小林西一丁目11番10,17,2,2163
35.163149,136.837712,244.ファミリーマート中村岩上町店,4,1,1208
35.671792,139.733668,C3-08.赤坂パークビルヂング,6,3,10154
38.252872,140.918783,128.イオンスタイル仙台卸町,30,1,1178
37.92107,139.04676,08.本町通６番町自転車駐車場,7,1,942
35.177613,136.89906,211.TENAS丸の内,0,1,1046
37.916249,139.067382,36.ほんぽーと,10,1,1623
35.177033,136.908939,118.ライブコート泉,10,1,388
34.608982,135.565095,U-09.Osaka Metro 出戸ビル,7,2,3902
38.25812,140.871204,66.仙台太陽生命ビル,15,1,68
35.177531,136.855691,243.ファミリーマート中村公園北口店,5,1,1206
35.72347,139.72973,E3-09.シャエトワール,6,6,3682
35.680849,139.65626,O7-05.ジーベック方南町,4,14,666
35.426939,139.580848,MN-003.薬クリエイト横浜六ツ川店,5,4,934
35.696126,139.763297,A2-23.axle御茶ノ水,2,1,10969
35.70535,139.61497,O2-01.サカエフラット荻窪,12,14,594
35.440651,139.556139,【T-018】KPI PARK,12,3,2232
34.636873,135.527339,R-10.ファミリーマート桑津五丁目店,2,2,7988
35.702277,139.701214,D5-09.ハウジングステージ新宿,8,5,10766
34.678657,135.532801,B-52.大阪シティ信用金庫 森ノ宮支店,2,2,7970
35.699743,139.664608,N3-16.COURT 5,3,13,842
34.679834,135.533819,B-69.ビエラ森ノ宮,3,1,1588
35.159109,136.864731,235.ファミリーマート城西病院前店,1,1,1190
35.651627,139.773103,B4-53.晴海五丁目ターミナル,129,2,2361
31.59131,130.5512,K1-07.ザビエル公園,4,1,1538
35.60411,139.709784,I1-98.コーポ荏原,2,10,1049
35.162336,136.913164,217.デュオフラッツ栄,1,1,1101
35.184028,136.890601,271.ファミリーマート浅間町駅前店,0,1,1363
35.206913,136.895902,227.ファミリーマート江向町三丁目店,2,1,1163
35.655457,139.795161,H1-50.豊洲交通広場　北,59,4,10275
35.697132,139.758829,A2-29.mirio神保町,4,1,3671
35.202071,136.887939,222.ファミリーマート鳥見町二丁目店,2,1,1149
37.92107,139.04582,09.東堀前通自転車等駐車場,10,1,943
35.712496,139.632778,O4-09.ローソン杉並本天沼一丁目店,4,14,1877
35.698169,139.655665,O5-07.バーンホーフ キクチ,20,14,1375
35.661783,139.737242,C2-25.アパホテル＆リゾート＜六本木駅東＞,44,3,1108
35.462961,139.632213,133.プライムコーストみなとみらい,11,4,689
35.648431,139.803125,H1-108.Brillia ist 東雲キャナルコート北側,4,4,10732
35.171501,136.87769,044.R&Bホテル名古屋新幹線口,7,1,87039
35.187779,136.942942,156.イオンモールナゴヤドーム前3,8,1,628
35.192465,136.946655,237.ファミリーマート大幸一丁目店,4,1,1203
36.323231,138.324627,03_芸術むら公園【とうみシェアサイクル】,0,1,1180
35.759827,139.659121,T3-04.サンパレス平和台,4,9,844
38.263892,140.898491,142.フィエスタ原町,9,1,2350
35.167833,136.944447,207.田代道場駐車場,4,1,1066
35.67161,139.64527,O7-04.永福町西幸モータープール西,6,14,608
35.186386,136.944916,154.イオンモールナゴヤドーム前1,12,1,625
38.226154,140.885732,71.IKEA仙台,1,1,71
36.384529,140.256644,笠間稲荷門前通り（かさま歴史交流館井筒屋）,7,1,330
35.689639,139.613516,O6-07.ローソン杉並宮前一丁目店,6,14,1878
35.187952,136.934972,270.キャッスルタウン大曽根,0,1,1368
35.682712,139.823961,H1-174.ジュネス(エントランス側),3,4,997
35.696574,139.82972,H1-166.亀戸クロック,18,4,731
35.688236,139.827711,H1-205.大島四丁目団地3,11,4,2319
34.474841,135.44867,【バッテリー交換可】出光和泉阪本SS,0,1,2823
35.174968,136.880084,422.笈瀬川自転車駐車場,9,1,2771
34.470419,135.455645,いぶき野ランドリー,3,1,2950
35.18829,136.944965,155.イオンモールナゴヤドーム前2,10,1,627
34.670709,135.531898,F-17.JR玉造駅前南,7,1,1761
35.568019,139.696379,K1-150.トヨタモビリティ東京 池上第二京浜店,5,7,1994
35.151266,136.90848,246.キャッスルタウン記念橋,0,1,1286
35.646756,139.809295,H1-52.辰巳駅,57,4,10277
38.234338,140.87073,68.東北工業大学南門,6,1,64
35.177985,136.948668,432.千種東住宅,4,1,2768
38.256289,140.921424,130.産業見本市会館サンフェスタ・卸町会館,5,1,1366
35.653096,139.75739,C1-61.環三浜松町駅南,37,3,10940
34.38026,132.47746,131.広島大学,29,1,1177
35.180106,136.886733,210.サンモール菊井,0,1,1068
35.67187,139.65474,O7-08.杉並区和泉2-3-17,4,14,2280
34.835115,134.693344,17.大手前公園,4,1,1988
35.69406,139.82113,H1-218.リアルテ錦糸町,6,4,3190
34.640238,135.532,R-36.セブン-イレブン大阪桑津1丁目店,4,2,1662
38.26298,140.88101,08.AER前,10,1,5
35.163573,136.902416,309.サン･栄三丁目ビル,3,1,1693
35.172478,136.899476,284.錦2丁目ポート長島町通第1,6,1,1437
31.91537,131.45142,バッグのあつたポート,11,1,3883
35.607084,139.705007,I1-25.セブン-イレブン 品川旗の台2丁目店,2,10,10567
38.234453,140.880293,75.長町２丁目-１,6,1,73
35.768105,139.646049,T3-15.セブン-イレブン練馬北町8丁目店,6,9,1170
34.665411,134.961701,【他ポートへの返却不可】01_スマート駅リンくん西明石,10,1,280
35.65238,139.815613,H1-195.東京アクアティクスセンター,23,4,1889
33.24562,131.58287,107.西大分駅,4,1,2735
31.575683,130.542088,K1-19.鹿児島市立病院,7,1,1549
34.708519,135.506669,A-51.中崎2丁目,3,1,1698
34.690983,135.520812,B-28.OMM東駐車場,1,1,1842
35.697157,139.839835,H1-169.セブンイレブン江東亀戸7丁目東店,7,4,790
35.675361,139.825034,H1-197.セブン-イレブン江東南砂葛西橋通り店,2,4,2156
35.73176,139.756669,E5-21.動坂公園,10,6,10799
35.152117,136.908672,310.キャッスルタウン記念橋(2),2,1,1709
35.650742,139.778097,B4-36.HARUMI FLAG SEA VILLAGE,4,2,2305
35.670239,139.744285,C3-31.赤坂一丁目,17,3,1081
34.67002,135.531043,F-05.シーンズ天王寺真田山公園,1,2,2261
35.64816,139.737991,C4-11.ザ・パークハウス 三田ガーデン,10,3,437
34.662095,135.546142,N-20.新今里公園,5,1,1465
38.267867,140.871866,03.宮城県庁,23,1,2
38.26391,140.894247,82.フォートレジデンス鉄砲町,3,1,87
37.923153,139.057398,46.朱鷺メッセ リバーフロントパーク入口,25,1,3145
35.730428,139.648704,T3-09.学田公園,5,9,1098
34.460295,135.456441,エコール・いずみ,5,1,1059
35.179525,136.955591,220.ファミリーマート千種天満通店,3,1,1117
35.001668,135.7299,KT252-北矢掛町(西院駅西),10,1,2665
35.011094,135.755959,KT015-ホテルシャトレーイン京都 正面階段側,6,1,2127
35.701157,139.679617,N3-20.SYFORME NAKANO-SAKAUE,5,13,2211
34.37998,132.41288,130.フジ庚午店,14,1,1125
34.685086,135.198935,14.Kiito(キート）前,6,1,3514
35.134849,136.919524,218.名鉄協商パーキング雁道第2,4,1,1102
35.712157,139.815298,G2-04.ラ　ステュディオ押上,4,15,1171
34.6917,135.529281,B-36.城見変電所,4,2,1196
35.631729,139.749767,C5-11.フェイバリッチタワー品川,0,3,10177
35.65513,139.749645,C1-77.芝公園,15,3,1279
34.482604,135.427318,ホテルルートイン大阪和泉府中,11,1,3525
35.724944,139.801684,F3-01.清川1丁目18-11,15,18,1916
35.167983,136.857972,225.ファミリーマート太閤通八丁目店,7,1,1183
35.170293,136.9309,215.JR千種駅(地上改札),5,1,1069
36.399731,136.438505,14.公立小松大学（末広キャンパス）【簡易ポート】,0,1,1402
34.668021,135.508295,B-17.クリプトメリア日本橋,2,2,128
34.37734,132.45502,129.センチュリーパーク千田町,29,1,1103
35.736378,139.632485,T3-10.貫井一丁目緑地,2,9,1099
37.916856,139.059055,03.万代5丁目アパホテル前,7,1,1314
35.172676,136.855834,247.カーサK.R.C,7,1,1282
34.7286,135.50574,V-06.エステムコート新大阪9グランブライト1,5,2,3155
31.58778,130.5555,K1-08.清滝のこみち（天文館公園前）,9,1,1539
35.683866,139.831809,H1-206.北砂5丁目団地2,17,4,2320
35.664344,139.746662,C1-54.ニッセイ虎ノ門ビル,11,3,10755
35.66026,139.69684,M3-24.渋谷道玄坂２丁目駐輪場,19,8,1524
34.74185,135.494052,_K-13.AYA三国,10,2,2592
35.696202,139.752351,A1-18.東京区政会館別館(特別区研修所),4,1,1061
35.014807,135.762428,KT013-ドミール御所南,7,1,2118
35.163636,136.97191,312.KOMA-HILLS 東山公園,1,1,1706
35.665254,139.769301,B3-12.築地場外市場,18,2,10641
34.66863,135.527814,F-24.真田山公園南側,4,1,3186
35.728268,139.649188,T3-08.中新井川児童遊園,7,9,1097
35.193283,136.879486,228.ファミリーマート名西康生通店,5,1,1185
35.188959,136.936734,216.JR大曽根駅(南改札),7,1,1070
38.224339,140.888128,74.ドコモショップ あすと長町店,1,1,59
35.680514,139.764002,A4-01.丸ビル（南側駐輪場）,9,1,10023
35.63464,139.783445,H1-198.Br Tower 有明 MID CROSS,8,4,2212
34.658681,135.495211,E-21.マークス難波南,6,2,7957
37.9296,139.0622,17.佐渡汽船,18,1,952
35.667936,139.72745,C3-32.乃木公園,3,3,1080
36.062701,136.219231,【臨時】ふくみち,0,1,2843
35.157772,136.918523,213.名鉄協商パーキング鶴舞第2,3,1,1054
33.24493,131.59681,101.フレスポ春日浦,9,1,1510
35.150874,136.910275,153.CSP NAGOYA,5,1,641
34.694208,135.206766,23.脇浜宿舎前,9,1,3163
34.602724,135.532175,R-15.東住吉区役所矢田出張所,6,1,440
35.634574,139.710332,J1-35.目黒川田道街かど公園,7,12,11033
35.73897,139.65514,T3-38.エクセリア練馬,10,9,3896
35.653991,139.795513,H1-53.豊洲シビックセンター,18,4,10278
34.678053,135.468818,D-30.エムテック九条,4,2,1894
35.709245,139.663218,N3-21.中野区役所新庁舎,4,13,2916
38.263582,140.891817,88.Nasic 仙台東口,2,1,76
35.159234,136.92996,245.名古屋市中小企業振興会館(吹上ホール),4,1,1221
38.261738,140.886866,52.アゼリアヒルズ,0,1,35
35.758366,139.628982,T1-10.月見大橋下,3,9,10470
33.29509,131.5021,119.九州電力送配電 別府配電事業所,1,2,3578
31.58489,130.5409,K1-26.鹿児島中央駅西口,4,1,1557
35.74553,139.608939,T2-42.石神井公園駅北第二自転車駐車場,5,9,679
35.63534,139.601602,L1-08.NTT砧ビル,19,17,1670
35.759774,139.654529,T3-14.わらべ児童遊園,4,9,1128
35.728292,139.802884,F3-09.アークマーク南千住レジデンスLRE,10,18,3793
38.255531,140.884479,136.Hard Rock 仙台駅前店,14,1,1705
34.615127,135.526209,R-19.長居公園　北東口,20,1,444
35.567176,139.742345,K1-116.旧呑川緑地（大森東五丁目）,7,7,303
35.761211,139.603316,T2-67.陽和病院,6,9,1427
34.992593,135.718961,KT054-アスヴェル京都西京極,10,1,2271
38.226152,140.88437,70.ユアーズ・パーキング長町駅前,4,1,70
37.91213,139.03041,22.白山駅前広場,5,1,955
35.060734,135.748754,KT376-ラー麺 天笑,7,1,3692
35.168187,136.91785,317.名鉄協商パーキング新栄1丁目第8,4,1,1755
35.012117,135.766038,KT058-Vine Oak Aiina,7,1,2324
35.4555,139.625999,098.プラウド横浜桜木町,10,4,2087
35.728846,139.718577,P1-01.サンシャインシティ,6,16,1229
35.601958,139.682876,K1-32.石川町文化センター,5,7,10453
35.691199,139.687966,D6-06.新宿中央公園（エコギャラリー下）,18,5,10296
35.171781,136.942576,229.ファミリーマート千種仲田二丁目店,6,1,1164
34.605222,135.532747,R-27.矢田駅,4,1,524
34.673028,135.534895,H-08.東小橋一丁目駐輪場,4,2,1896
37.91757,139.05644,19.LoveLa Bandai,2,1,953
31.9367,131.423,宮崎神宮ポート,5,1,3798
35.70126,139.71857,D4-12.AXAS新宿戸山1,3,5,3945
37.92219,139.04414,24.古町ルフル,8,1,957
34.667723,135.549111,H-03.東成区大今里4（地下鉄新深江駅）,9,2,7936
35.6915,139.75685,A2-28.NTTコミュニケーションズ一ツ橋ビル駐車場,21,1,1082
35.689575,139.767848,A3-02.絶滅メディア博物館（楓ビル）,7,1,10014
35.67741,139.67383,M6-15.cova Hatagaya,3,8,383
35.685504,139.790817,B1-29.ASTILE日本橋浜町,6,2,2210
34.467564,135.462671,コーティングスクエア,0,1,2824
35.649329,139.772656,B4-42.HARUMI FLAG SUN VILLAGE,4,2,2289
35.763741,139.588847,T2-09.こぐれの森緑地,10,9,10372
35.711971,139.818183,G2-13.押上3-18-6,1,15,2979
35.638819,139.834793,H1-119.榎戸材木店,16,4,10831
35.180712,136.886871,180.サンモール新道,0,1,828
35.75731,139.624922,T1-04.春の風公園,2,9,10361
34.687582,135.460087,J-13.UR千鳥橋団地,25,2,263
35.016728,135.719494,KT050-Royce花園Ⅱ,8,1,2269
35.646534,139.748913,C1-81.田町タワー,16,3,1888
35.156937,136.903523,181.hostel nico,3,1,829
35.740321,139.631256,T3-11.ガラクタ公園,3,9,1100
35.192908,136.885557,463.名鉄協商パーキング児玉2丁目第2,3,1,2955
35.749388,139.651824,T3-19.なかみや児童遊園,5,9,1349
35.726064,139.578015,T2-48.武蔵関駅南第二自転車駐車場,3,9,685
37.91764,139.04196,12.上古町自転車駐車場,12,1,946
34.666839,135.482647,E-36.サンライズビル,10,2,1320
35.648221,139.772666,B4-44.HARUMI FLAG PARK VILLAGE,16,2,2290
34.988657,135.749421,KT005-HOTEL SUN CHLORELLA,10,1,2147
35.584998,139.761055,I1-95.東京レールゲート EAST,35,10,886
35.748092,139.636587,T3-12.春日町西公園,4,9,1126
35.160279,136.916251,476.メイクスデザイン鶴舞,0,1,3608
35.753964,139.629116,T1-05.夏の雲公園,4,9,10362
31.59887,130.5568,K1-16.かごしま県民交流センター,10,1,1547
34.38507,132.454632,052.広島市役所,20,1,3249
34.694502,135.514044,A-57.ナビパーク天満第1,7,2,1895
35.684502,139.77906,B1-28.アイルイムーブル日本橋,9,2,1083
35.757298,139.664139,T3-13.平和台児童公園,4,9,1127
35.643958,139.838358,H1-183.MFLP新木場1,9,4,1424
35.719674,139.593696,T2-49.善福寺公園テニスクラブ,9,9,932
38.264145,140.908342,94.ドミール乳銀杏,15,1,92
34.387181,132.474264,006.比治山公園,13,1,3205
38.264653,140.890018,97.グラン・ドミール小田原弓ノ町,5,1,96
35.772863,139.626969,T2-53.上練馬公園,4,9,1130
35.609958,139.684087,J1-50.大岡山公園,4,12,668
31.59233,130.5605,K1-13.ファミリーマート住吉町店,7,1,1544
34.689793,135.498848,B-34.北ビル,16,2,1094
38.274421,140.898762,93.中城建設株式会社,9,1,91
35.71936,139.679083,D7-13.日本光電本社南側,10,5,1875
34.697495,135.506967,A-33.ハイデンス梅ヶ枝,8,2,7894
34.63002,135.510947,Q-12.プリンセス昭和,2,2,3328
37.91593,139.05771,25.ガルベストン通り,1,1,958
34.67728,135.5084,B-59.クリスタルグランツ心斎橋EAST,4,2,2813
31.56364,130.5551,K1-24.鹿児島市立図書館・科学館,6,1,1555
31.58718,130.5603,K1-12.パース通り（大門口）,4,1,1543
33.25546,131.54706,14.田ノ浦ビーチ,9,1,85014
34.723173,135.548884,W-04.千林大宮駅,7,2,3618
34.733205,135.503714,V-05.新大阪丸ビル別館,5,1,2929
35.179121,136.942183,552.名鉄協商パーキング千種公園北,4,1,3799
35.75312,139.65661,T3-20.はやいち公園,4,9,1350
35.672659,139.725644,C3-07.新青山ビル,20,3,10153
35.77228,139.58325,T2-56.大泉公園（第一）,4,9,1133
35.18143,136.866315,290.B'pac本陣,3,1,1585
38.258216,140.877032,139.アーバンネット仙台中央ビル,19,1,2347
37.92296,139.04489,26.NSGスクエア,16,1,959
35.672922,139.668729,M6-17.笹塚一丁目駐輪場,17,8,1504
37.9126,139.0531,29.NTTdocomo新潟ビル,7,1,961
36.324219,136.435758,20.加賀伝統工芸村 ゆのくにの森【簡易ポート】,0,1,1408
35.608402,139.726118,I1-89.下神明駅自転車駐車場,5,10,180
35.721738,139.723103,P1-02.雑司ヶ谷一丁目,8,16,1230
35.7547,139.5871,T2-43.学園通り自転車駐車場,8,9,680
31.59695,130.5581,K1-15.鹿児島市役所,24,1,1546
35.431843,139.60872,139.ビエラ蒔田,17,4,1331
34.39678,132.44937,138.ローソン広島本川町店,0,1,1720
35.184061,136.863799,291.Felice(フェリーチェ),0,1,1586
37.91798,139.05896,14.ANAクラウンプラザホテル新潟,8,1,948
35.678296,139.791949,H1-192.ウエリスアーバン水天宮前,2,4,1789
31.5884,130.5509,K1-05.高見馬場,25,1,1534
35.724747,139.565817,T2-60.武蔵関公園（第一）,9,9,1137
35.748395,139.605958,T2-84.石神井町二丁目緑地,3,9,2158
37.91441,139.06017,06.東大通みちばたリビング,7,1,3337
34.668776,135.470667,O-13.エグゼ大阪ドーム,10,2,2814
35.174222,136.883019,410.名鉄協商パーキング名駅北第3,4,1,2428
34.694899,135.19402,18.三宮駅北,10,1,1794
35.722917,139.587864,T2-59.平成公園,2,9,1136
34.68167,135.53851,L-20.エスリード大阪城クローグ,2,2,3645
35.741088,139.618638,T2-96.石神井川（富士見台3-62）,3,9,2967
35.649513,139.775287,B4-48.HARUMI FLAG PARK VILLAGE,0,2,2294
34.653072,135.550016,N-10.グランパシフィック巽中,5,2,1792
35.15912,136.992506,367.名鉄協商パーキング虹が丘公園,3,1,2117
36.37891,138.27339,U-11.信濃国分寺駅,5,1,812
35.727826,139.570056,T2-61.武蔵関公園（第二）,3,9,1138
34.676361,135.440181,J-17.ファミリーマート此花島屋店,6,2,296
36.40477,136.448689,23.北國とおり町（龍助町）【簡易ポート】,3,1,1870
35.766491,139.587232,T2-46.大泉郵便局バス停自転車駐車場,9,9,683
35.649642,139.773859,B4-46.HARUMI FLAG PARK VILLAGE,17,2,2292
35.648765,139.753363,C1-79.髙松コンストラクショングループ 東京本社ビル,6,3,1695
35.033158,135.786084,KT377-シエルコート北白川,7,1,3693
34.991663,135.723603,KT312-LIBERTY SQUARE,10,1,3597
38.244967,140.948613,01.荒井駅,26,1,1881
34.697414,135.531778,G-30.MFK京橋駅前ビル,7,1,3151
38.257061,140.878518,140.SS30,17,1,2348
34.648357,135.515994,F-04.あべの橋（操車場前）バス停,6,2,7929
38.218398,140.977708,03.JRフルーツパーク 仙台あらはま,3,1,1884
38.184167,140.955351,02.アクアイグニス仙台,11,1,1882
34.689854,135.18833,02.元町駅前,27,1,3501
33.24336,131.60776,15.旧中島小学校,4,1,85015
35.166353,136.947885,289.名鉄協商パーキング池下東,9,1,1562
35.721679,139.645265,N1-04.都立家政南駐輪場,11,13,131
35.70781,139.732227,E2-13.デルックス文京神楽坂,5,6,649
34.652914,135.470281,P-04.UR シティコート千島3丁目,7,1,7772
34.628732,135.481046,I-22.ジョーシン南津守店,6,2,1776
34.664276,135.506183,B-72.GSパーク日本橋第2,6,2,1775
38.272755,140.873108,85.バウスクロス仙台上杉,13,1,90
34.39082,132.47958,111.LAZULI 広島ホテル&ラウンジ,12,1,3311
35.155204,136.891753,209.名鉄交通ビル,1,1,1120
35.751438,139.641265,T3-01.練馬春日町駅自転車駐車場,5,9,686
34.382644,132.459195,050.CLiP HIROSHIMA,0,1,3247
36.060087,136.219905,05.北庄城址（柴田神社）,3,1,1416
35.683542,139.839763,H1-136.東砂一丁目公園,16,4,10924
35.451329,139.525532,【A-001】相鉄ライフ南まきが原,5,3,793
35.771068,139.586798,T2-45.風致地区バス停第三自転車駐車場,6,9,682
35.718635,139.663404,N2-11.沼袋駅南,6,13,2943
35.718635,139.663404,N2-11.沼袋駅南,6,13,2943
34.709304,135.509249,A-75.エステムコート梅田・天神橋4ステーションフロント,9,2,2812
37.929647,139.057758,32.みなとぴあ,12,1,1598
35.650604,139.77724,B4-31.HARUMI FLAG PORT VILLAGE,10,2,2300
34.704759,135.521224,G-10.UR アーベイン桜ノ宮駅前,9,1,7757
34.66093,135.47936,P-10.TOCCHI1番館,7,2,2166
31.91532,131.42216,一番街第1駐輪場ポート,18,1,3803
34.66871,135.46878,O-21.エスリード弁天町ベイコート,8,2,3644
35.720318,139.570762,T2-70.三ツ塚けやき緑地,3,9,1731
36.07681,136.211926,12.福井大学,6,1,1906
35.561183,139.716339,K1-23.大田区役所本庁舎前,7,7,10400
34.614342,135.502716,S-08.住吉車庫,14,2,2758
34.483606,135.423758,和泉市役所,1,1,3467
35.159844,136.935104,101.ファミリーマート吹上駅北店,12,1,349
34.67333,135.48008,D-36.エステムコート難波WEST-SIDE3ドームシティ,5,2,3522
35.411509,139.514793,【I-017】しらゆり公園前,5,3,3630
35.019928,135.706497,KT356-ヘルパーステーション ヘルプゆう,5,1,3552
35.727046,139.760439,E5-04.保健サービスセンター本郷支所,7,6,10247
34.450769,135.457449,桃山学院大学,15,1,1058
34.677745,135.819919,38.トヨタレンタカー JR奈良駅前店,0,1,75041
35.670106,139.768041,B3-20.歌舞伎座タワー駐輪場2F,11,2,1434
35.727495,139.828499,G1-02.八広駅高架下,14,15,2321
35.728704,139.801867,F3-03.ヴェルステージ南千住,5,18,2243
35.585489,139.740194,K1-136.BIG FUN 平和島,21,7,1144
35.140993,136.918685,296.ファミリーマート高辻店,2,1,1607
31.91949,131.41136,宮崎グリーンホテルポート,6,1,3806
34.387657,132.455868,056.MRRデルタビル,12,1,3250
35.707305,139.773657,F6-01.松坂屋上野店,6,18,1922
34.39158,132.44648,132.もみじ銀行平和通ATM,1,1,1285
35.690155,139.713377,D1-16.ルネ新宿御苑タワー,12,5,1142
33.23825,131.61004,22.ハニカムプラザ,1,1,85022
35.712,139.62816,O3-04.アヴァンセ阿佐ヶ谷,2,14,698
35.561101,139.715173,K1-92.蒲田駅西口自転車駐車場,25,7,11014
35.690348,139.796133,G4-09.SYFORME MORISHITA Ⅱ 1,2,15,1632
35.125769,136.906777,419.名鉄協商パーキング熱田神宮西,4,1,2786
35.559809,139.716993,K1-144.蒲田五丁目44番自転車駐車場,9,7,1793
35.14842,136.959076,279.名鉄協商パーキング楽園町,6,1,1430
35.746768,139.613885,T2-64.高野台中央公園,3,9,1141
35.69842,139.81035,G6-03.マーキュリー錦糸町,0,15,3681
36.39281,136.484018,15.九谷セラミック・ラボラトリー【簡易ポート】,1,1,1403
31.57058,130.5464,K1-22.鹿児島大学　郡元キャンパス,14,1,1553
35.622965,139.731014,I1-64.株式会社ユアス ゆうパック取扱所：ポストのうしろ,10,10,10829
35.66362,139.69801,M1-01.渋谷区役所,37,8,10376
35.664244,139.814506,H1-199.ラ・ヴェール東陽町,8,4,2240
35.653355,139.656296,L1-22.代田3丁目,9,17,2846
34.651996,135.514281,F-08.シーンズ天王寺フロントマークス,6,2,2317
35.169619,136.888505,327.名鉄協商パーキング名駅4丁目第8(3),2,1,1779
34.403655,132.469548,058.饒津神社,3,1,3257
34.686367,135.486327,D-04.ラドゥセール中之島,9,1,677
34.64703,135.470769,P-11.小林西一丁目1番5、1番6,2,2,2162
35.68168,139.77825,B2-15.KABUTO ONE,25,2,384
36.062671,136.223709,02.福井駅自転車駐車場,11,1,1413
35.679876,139.68278,M6-21.ARKMARK渋谷初台,7,8,3948
35.459956,139.628988,039.横浜アイマークプレイス,30,4,2033
35.170725,136.905114,281.名鉄協商パーキング錦3丁目第4,5,1,1411
36.06817,136.222623,03.福井市立郷土歴史博物館（養浩館）,5,1,1414
35.751471,139.599835,T2-63.三原台公園,7,9,1140
35.145141,136.945896,205.名鉄協商パーキング檀渓通第2,1,1,1429
34.699643,135.497475,A-22.梅田DTタワー,20,2,7941
37.92065,139.07033,35.沼垂テラス商店街,3,1,2788
35.703465,139.780325,F1-04.台東2丁目21,5,18,2242
35.690307,139.796128,G4-10.SYFORME MORISHITA Ⅱ 2,5,15,1633
35.630109,139.747094,C5-52.港南四丁目第3アパート駐車場,10,3,1749
31.91371,131.42259,橘通西③ポート,0,1,3804
35.68832,139.828829,H1-204.大島四丁目団地2,8,4,2318
33.23057,131.60701,20.コレジオ大分,7,1,85020
43.066082,141.35318,11.さっぽろ東急百貨店,10,1,86012
36.31341,136.419806,10.那谷寺【拠点ポート】,4,1,1398
35.729518,139.790615,F4-07.ティモーネプレミアム三ノ輪ステーション,3,18,3789
35.662414,139.813333,H1-200.ヴェッセル木場南,3,4,2241
34.680307,135.499977,B-27.難波別院　南御堂,6,1,1744
35.715878,139.673669,N3-19.上高田パーキング,9,13,1300
34.70305,135.545723,L-07.NTT西日本大阪城東ビル,4,1,1432
34.689681,135.513164,B-84.エル・おおさか南館,8,1,3183
35.689913,139.833279,H1-184.UR大島六丁目団地(第一),3,4,1475
35.583555,139.743381,K1-85.大田区青少年交流センター ゆいっつ,5,7,10945
35.692605,139.755761,A1-17.雉子橋集積所,6,1,1294
35.178692,136.909857,189.ファミリーマート東外堀町店,7,1,877
34.996543,135.766228,KT027-京都銀行 河原町支店,6,1,2129
34.385159,132.442607,065.ドコモショップ　舟入店,0,1,3260
35.68285,139.698528,M5-19.グランリヴィエール代々木,6,8,887
34.619912,135.532183,R-23.駒川商店街ココロホール,7,1,448
34.661507,135.505647,E-39.エステムコート難波2アレグリア,5,2,2260
35.692547,139.799231,G6-01.オーキッドレジデンス森下,5,15,1143
35.169418,136.888497,326.名鉄協商パーキング名駅4丁目第8(2),2,1,1778
36.559049,136.648192,22.室生犀星記念館,0,1,89022
35.717963,139.791025,F4-02.Risingplace浅草四番館,3,18,2322
31.601996,130.537176,K1-14.西原商会アリーナ,3,1,1545
26.219767,127.679226,16.ソルヴィータホテル那覇,5,1,51411
35.571578,139.770532,K1-137.京浜島つばさ公園,17,7,1145
35.004954,135.749899,KT367-四条大宮北東(錦小路通黒門通東入る),6,1,3632
35.643909,139.756509,C5-54.ヤマタネ芝浦オフィス,12,3,2781
34.662135,135.496105,E-24.ホテルWBFなんば元町,3,2,1578
35.00872,135.772515,KT030-京阪三条駅前(4.5番出口),23,1,2144
38.269382,140.862348,30.仙台市交通局,4,1,30
34.39715,132.46241,143.広島ビジネスタワー(西側駐輪場前),20,1,2203
35.162775,136.911333,349.ファミリーマート栄五丁目店,0,1,2190
36.062931,136.213895,08.福井市グリフィス記念館,6,1,1419
35.45985,139.4971,【S-013】三ツ境小学校前,15,3,2356
33.24819,131.59342,133.ホーバーターミナルおおいた（HOV.OTA）,6,1,3609
35.68546,139.80244,H1-164.森下三丁目第三児童遊園,19,4,703
35.767582,139.636304,T1-16.ゆりの木通り南公園,4,9,1479
35.542346,139.704354,K1-165.専修寺関東別院,10,7,3191
34.595514,135.517791,S-11.大依羅神社,5,1,3184
35.684218,139.832843,H1-135.北砂5丁目団地,18,4,10923
35.694065,139.751801,A1-19.九段会館テラス,14,1,1147
35.149775,136.862957,506.名鉄協商パーキング中川松葉町4丁目,3,1,3399
36.060227,136.211091,07.愛宕坂下駐車場,2,1,1418
34.937372,135.74522,KT100-アナテック・ヤナコ,9,1,2564
35.634627,139.77663,C5-51.トミンタワー台場一番街,13,3,1692
34.703164,135.562793,M-01.フレスポ鶴見,25,1,7807
26.46315,127.8168,25.リザンシーパークホテル谷茶ベイ,5,1,2799
35.678246,139.8366,H1-179.北砂7丁目団地(第三),10,4,1297
35.678537,139.837391,H1-177.北砂7丁目団地(第一),9,4,1295
35.040019,135.760339,KT388-J'fort烏丸紫明,7,1,3755
34.379961,132.469243,100.南区役所,7,1,3300
35.591002,139.680881,【バッテリー交換のみ】ドコモショップ雪が谷大塚店,0,7,1244
35.15898,136.932918,307.名鉄協商パーキング吹上公園,8,1,1638
34.41683,132.46499,042.新牛田公園,6,1,3237
35.632128,139.732097,C4-04.ショパン高輪,14,3,10444
35.692245,139.817483,H1-105.猿江恩賜公園,7,4,10729
35.171862,136.913471,347.名鉄協商パーキング東桜第12,6,1,1898
35.169191,136.913554,330.名鉄協商パーキング広小路通東新町,5,1,1897
35.726728,139.65874,T3-07.徳殿公園,4,9,1096
34.685359,135.490888,D-09.大幸モータープール,7,2,1576
35.678031,139.837193,H1-178.北砂7丁目団地(第二),4,4,1296
35.174597,137.00736,293.名鉄協商パーキング上社第3,7,1,1610
31.91253,131.45374,シルバーバック宮崎みなと店ポート,6,1,3844
35.493849,139.567114,H-021.梅の木ホーム,11,4,3747
35.175623,136.929609,375.名鉄協商パーキング筒井3丁目第4,1,1,2227
35.647659,139.745055,C1-60.専売ビル,10,3,10944
34.62086,135.514685,Q-16.セブン‐イレブン大阪西田辺町1丁目店2,3,2,3624
35.163018,137.002282,294.名鉄協商パーキング亀の井3丁目,0,1,1611
31.91556,131.41548,西高松町ポート,6,1,3812
31.91997,131.41655,宮崎中央眼科病院ポート,6,1,3810
35.767627,139.65243,T3-25.北町みのり公園,4,9,1480
34.705262,135.567586,M-07.イオンモール鶴見緑地店 東側,15,2,1640
35.151743,136.950508,306.名鉄協商パーキング山花町,5,1,1652
35.561291,139.715076,K1-141.蒲田駅西口歩道,3,7,1523
35.6701,139.76801,B3-21.歌舞伎座タワー駐輪場3F,24,2,1435
35.17128,136.887659,165.名古屋ビルディング桜館,7,1,671
35.642251,139.69692,J1-06.観音橋自転車置場,72,12,10689
35.694804,139.831357,H1-186.セブン-イレブン亀戸昭和橋通り店,3,4,1477
33.23886,131.6078,12.大分銀行本店,4,1,85012
35.734615,139.576214,T2-73.早実グラウンド記念公園,2,9,1734
34.385869,132.475601,020.広島段原ショッピングセンター,16,1,3219
36.395411,136.467373,06.イオンモール新小松【拠点ポート】,9,1,1393
34.676365,135.520215,B-65.ビューテラス上町,5,2,1512
35.586655,139.728366,K1-166.Luz大森1,5,7,3562
35.681418,139.809287,H1-132.セブン-イレブン 江東三好4丁目店,1,4,10905
35.169221,136.898439,018.名鉄協商パーキング錦通桑名町第2,3,1,87005
31.93609,131.41604,南九大＆南九短大ポート,9,1,3814
33.23979,131.60889,33.大分市役所 本庁舎,22,1,85033
35.150749,136.896739,341.東海クラリオン,2,1,1899
35.638912,139.747422,C5-49.プラウドタワー芝浦,10,3,1481
35.657682,139.703307,M3-13.渋谷駅東口地下駐輪場,21,8,10843
35.12409,136.923451,378.ファミリーマート瑞穂田光町店,3,1,2228
35.664845,139.796643,H1-190.福山通運 東京支店,8,4,1759
35.588363,139.69042,K1-134.東調布公園,3,7,995
35.170248,136.892671,022.名鉄協商パーキング錦1丁目第2,7,1,87018
35.664335,139.590114,L1-14.給田3丁目,25,17,1819
35.737899,139.576584,T2-82.梅の木児童遊園,4,9,2159
35.622403,139.71771,I1-74.セブン-イレブン西五反田6丁目店,0,10,10907
35.684404,139.70307,【バッテリー交換のみ】ドコモショップ代々木店,0,8,1247
38.276163,140.884403,84.ファミリーマート宮町四丁目店,9,1,89
35.726499,139.797987,F3-06.プロスタイルウェルス南千住メディフィス,3,18,2806
34.393607,132.444605,088.ホテルプロモート広島,4,1,3285
35.662146,139.702793,M3-19.渋谷キャスト,19,8,10984
35.755773,139.661913,T3-29.平和台もものき緑地,3,9,1570
35.625081,139.682632,J1-25.碑文谷公園,7,12,10886
34.689493,135.475549,C-10.野田駅,10,2,1216
35.72489,139.62383,O1-03.LUCKY HOUSE,2,14,593
34.680127,135.510444,B-80.エステムコート堺筋本町2,4,2,2435
35.152638,136.902834,435.名鉄協商パーキング東別院北第1,2,1,2787
31.9209,131.424,矢野興業本社ポート,4,1,3818
35.170088,136.996938,406.名鉄協商パーキング一社駅北第2,4,1,2405
31.91063,131.42455,県庁８号館ポート,3,1,3816
35.696387,139.689924,D6-07.新宿フロントタワー,15,5,10189
35.643711,139.724753,C4-14.神応ほっとプラザ,7,3,1505
35.654165,139.781568,B4-05.ドコモ・バイクシェア晴海ポート,50,2,10062
37.91271,139.05949,05.石宮公園,22,1,939
35.760442,139.573145,T2-83.西大泉さくら緑地,7,9,2160
35.675049,139.68444,M5-13.セブン-イレブン初台店,2,8,10891
34.702347,135.509954,A-42.末広町24-15,11,2,1317
34.680188,135.552646,H-09.UR アーベイン緑橋,17,1,7769
31.59143,130.5577,K1-11.いづろ,50,1,1542
34.36914,132.46463,154.イオンみゆき店,5,1,3570
35.66206,139.735501,C2-20.三井ガーデンホテル六本木プレミア,7,3,10880
36.401575,136.453167,22.小松駅（コマツナイン）【拠点ポート】,5,1,1869
35.627891,139.776896,C5-32.トレードピアお台場,18,3,10878
33.24113,131.62722,34.大分放送（ＯＢＳ）,1,1,85034
35.647872,139.75391,C5-30.フェイム芝浦インターウェーブ,7,3,10852
35.556199,139.721476,K1-50.テクノポートカマタ 第1,5,7,10586
35.700732,139.711472,D4-05.カスタリア新宿7丁目,1,5,10895
33.30504,131.499,43.ホテルサンバリーアネックス,1,2,85044
35.655497,139.774556,B4-12.THE TOKYO TOWERS,6,2,10352
34.685563,135.834409,02.奈良公園バスターミナル,4,1,75043
34.710083,135.535652,G-20.プレジオ内代,5,2,1643
34.6748,135.410182,J-10.大阪北港マリーナHULL,4,2,1353
36.552681,136.691265,E12_臨時 イオンもりの里店,12,1,1683
35.699312,139.696468,D5-11.NTTコミュニケーションズ新宿ビル,9,5,10866
35.626121,139.688576,J1-29.カスタリア目黒鷹番,5,12,10897
35.647076,139.703964,M3-15.co-ba ebisu,2,8,10881
33.275229,131.4857,44.別府ラクテンチ,0,2,85045
33.23961,131.60193,38.大分県立美術館（OPAM),11,1,85038
35.689017,139.714755,D1-12.ジェノヴィア新宿御苑グリーンヴェール,11,5,10885
34.395384,132.48186,091.東区役所,6,1,3286
34.636001,135.402953,T-10.南港野鳥園臨港緑地,4,2,3599
34.38917,132.44569,139.トーヨー河原町店,12,1,1724
31.91607,131.43217,宮崎駅東口ポート,37,1,3817
35.186653,136.904983,340.愛知学院大学 名城公園キャンパス(南側),7,1,1903
35.612389,139.676238,J1-24.ボヌールREIWA,3,12,10869
34.988844,135.762688,KT380-Grand-K京都駅前ビル,5,1,3696
35.679807,139.715931,D1-11.三井ガーデンホテル神宮外苑の杜プレミア,1,5,10871
35.711875,139.759306,E5-25.ジェノヴィア東大前グリーンヴェール,8,6,10882
35.176061,137.015739,278.タウンライフ本郷駅前,5,1,1561
35.567562,139.766854,K1-78.城南鋳物団地協同組合,11,7,10864
35.453342,139.609255,140.西横浜駅南口駐輪場,13,4,1360
35.600003,139.754288,I1-68.八潮公園第二,4,10,10862
34.68409,135.538124,L-06.UR 森之宮第２,12,1,7758
33.32723,131.47954,48.龍巻地獄,3,2,85049
35.00978,135.7831,KT123-HOTEL MASTAY 神宮道,6,1,2445
34.390144,132.439849,082.ファミリーマート東観音町店,1,1,3278
35.728333,139.757629,E5-19.千駄木公園,6,6,10778
31.91894,131.42395,宮銀本店ポート,5,1,3821
34.651442,135.457521,O-02.ダイゾー本社ビル,13,2,7728
35.601149,139.754284,I1-67.八潮公園第一,5,10,10861
34.812207,134.692563,27.ローソン姫路南条店,12,1,3063
35.68557,139.766929,A4-13.アーバンネット大手町ビル,21,1,10851
35.724828,139.762583,E5-22.千駄木2丁目,2,6,10820
33.31577,131.46955,50.海地獄,1,2,85051
34.393785,132.442096,074.広島トヨペット株式会社 観音店,4,1,3270
35.07637,134.00722,007.美作大学西門,4,1,2933
35.733611,139.594405,T2-97.石神井川（石神井台2-2）,1,9,2968
35.698641,139.759306,A2-19.猿楽町SSビル西,6,1,10836
34.394923,132.437512,078.ファミリーマート広島観音店,2,1,3274
34.611217,135.517374,R-20.長居公園　駐輪場内,40,1,445
35.691677,139.793857,G4-08.ブオンサンヴァレンティーノ,6,15,1605
34.4005,132.4746,059.GRANODE 広島,44,1,3282
38.261214,140.9055,38.JR宮城野原駅,2,1,84
34.66125,135.55684,N-27.グランマーレ小路駅前2,3,2,2922
35.651129,139.726003,C2-28.有栖川宮記念公園第二,7,3,2191
35.573358,139.723105,K1-72.ファミリーマート大森西四丁目店,2,7,10816
34.40074,132.45418,164.エディオンピースウイング広島（芝生ひろば側）,13,1,3951
34.821451,134.686804,34.ローソン姫路東延末二丁目店,16,1,3161
35.649932,139.776958,B4-34.HARUMI FLAG SEA VILLAGE,4,2,2303
34.3991,132.4735,066.ホテルニューまつお横,3,1,3262
33.28028,131.50581,58.トキハ別府店,0,2,85065
35.627373,139.692044,J1-22.NTTコミュニケーションズ唐ヶ崎ビル,1,12,10834
35.017096,135.768608,KT137-京都阿美家,4,1,2459
35.679616,139.784341,B1-23.NANAEI日本橋,9,2,10828
35.705148,139.769314,E5-30.湯島3丁目15,6,6,796
34.716453,135.510924,A-64.北区天神橋八丁目11,9,2,2316
35.704201,139.735815,D2-14.ローソン 神楽坂駅北店,7,5,10846
35.648636,139.774251,B4-49.HARUMI FLAG PARK VILLAGE,5,2,2295
34.665837,135.389997,J-22.パームガーデン舞洲,6,2,1788
34.691038,135.49418,D-05.NTT西日本土佐堀ビル,4,1,7841
34.64632,135.49659,I-06.ローソン鶴見橋一丁目店,6,2,742
36.425015,136.463318,11.明峰駅【簡易ポート】,1,1,1399
35.62765,139.719212,I1-63.セブン-イレブン西五反田店,9,10,10824
35.176333,136.880489,017.名鉄協商パーキング牛島第8,10,1,87003
35.69839,139.825484,H1-118.ファミリーマート亀戸駅前店,8,4,10815
35.698654,139.759762,A2-18.猿楽町SSビル東,4,1,10835
35.654873,139.762103,C1-56.鈴与竹芝ビル,3,3,10838
35.6772,139.678117,M6-10.京王コインパーク幡ヶ谷,1,8,10819
34.669492,135.474702,D-17.Osaka Metro 本社ビル,7,2,7937
34.619819,135.53802,R-25.マックスバリュ駒川中野店,12,1,473
34.684273,135.793637,40.平城宮跡前駐車場,7,1,374
35.766425,139.580588,T2-93.大泉学園町5丁目,18,9,2848
34.617639,135.516806,Q-10.鶴ヶ丘駅,4,2,1804
35.651183,139.776119,B4-28.HARUMI FLAG PORT VILLAGE,0,2,2297
34.658086,135.502368,E-07.南海難波高架下駐輪場Ａ,2,2,7872
34.377176,132.45879,085.マックスバリュ千田店,14,1,3281
35.598244,139.722447,I1-102.J.GRAN Court 品川西大井 EAST,7,10,1942
35.697535,139.703633,D6-23.アパホテル 東新宿 歌舞伎町西,3,5,10826
34.696051,135.517725,A-23.アーバンエース東天満ビル,30,2,7947
26.213484,127.666608,17.ロワジールホテル那覇,8,1,51403
35.651672,139.760549,C5-29.Hi-NODE(ハイノード),9,3,10833
34.38347,132.434918,081.ファミリーマート南観音一丁目店,8,1,3277
35.168328,136.91059,008. 名鉄協商パーキングすいほう園,14,1,87009
34.4014,132.45268,165.エディオンピースウイング広島（水辺ひろば側）,20,1,3952
35.683378,139.743189,A6-26.相互半蔵門ビル,13,1,1223
35.605996,139.743037,I1-65.セブン-イレブン品川東大井1丁目店,6,10,10841
34.683089,135.438839,J-03.ローソン此花酉島三丁目店,20,2,785
34.707407,135.497346,A-24.D.D.HOUSE,10,2,7946
35.649419,139.771447,B4-37.HARUMI FLAG SUN VILLAGE,14,2,2306
31.91317,131.42792,宮崎太陽銀行本店ポート,6,1,3825
35.674337,139.668801,M6-11.京王サイクルパーク笹塚,5,8,10842
34.658394,135.515831,F-06.谷川工業スピーカーショールーム前,11,2,7953
33.28541,131.50427,56.大分合同新聞社　別府総局,0,2,85062
34.688993,135.192,20.SMBC 神戸本部ビル前,13,1,2169
33.23863,131.61653,53.月刊シティ情報おおいた 駐輪場横,2,1,85057
35.670491,139.784447,B4-27.リバーシティ西ブロック,19,2,1681
35.667462,139.716058,C3-33.PASONA SQUARE,14,3,1224
33.24219,131.63583,41.平和市民公園(北),9,1,85042
34.387362,132.448596,060.JMSアステールプラザ,5,1,3263
34.642953,135.411676,T-11.コスモスクエア海浜緑地東側,5,2,3600
34.394609,132.490796,084.ファミリーマート曙町四丁目店,11,1,3280
34.705713,135.491472,A-50.セブン-イレブン梅田スカイビル東店,5,2,1689
35.649386,139.835617,H1-115.東京夢の島マリーナ 第4駐車場,13,4,10804
34.680476,135.502578,B-56. Tパーク久太郎西,6,1,573
35.175755,136.886958,015.名鉄協商パーキングなごのキャンパス,1,1,87015
35.628266,139.734171,C4-07.品川プリンスホテル,9,3,10827
35.712445,139.758157,E5-24.本郷6丁目,3,6,10855
35.722353,139.760966,E5-23.ビレッジ千駄木,8,6,10830
34.661155,135.552381,N-23.パークステーション新今里第1,6,2,2197
35.73701,139.627244,T3-26.富士見ランド公園,8,9,1567
33.31615,131.4727,63.かまど地獄,1,2,85070
35.614391,139.678396,J1-15.二の橋自転車置場2,21,12,10792
35.46179,139.480504,【S-003】ドコモショップ 瀬谷店,9,3,1211
35.665961,139.686491,M5-10.富ヶ谷2丁目,15,8,10807
35.650863,139.772549,B4-39.HARUMI FLAG SUN VILLAGE,6,2,2308
35.724921,139.75903,E5-18.団子坂上広場,11,6,10777
35.659787,139.636696,L1-17.赤堤3丁目,7,17,2267
35.176725,136.889587,255.ファミリーマート那古野二丁目店,6,1,1260
34.701302,135.516047,A-06.NTT西日本堀川ビル,6,1,7842
35.688154,139.698975,M5-11.あおい通り,16,8,10813
35.733195,139.612327,T2-90.南田中四丁目緑地,4,9,2193
34.643046,135.4215,T-13.大阪港国際フェリーターミナル,5,2,3602
35.179756,136.869997,345.名鉄協商パーキング十王町第2,7,1,1890
35.704391,139.758575,E5-20.本郷2丁目,9,6,10798
34.36858,132.45136,063.吉島病院,17,1,3258
35.712545,139.713319,D3-09.西早稲田3丁目,1,5,10787
34.841193,134.684411,28.ローソン姫路山野井店,7,1,3064
35.168648,136.933086,396.ファミリーマート千種今池一丁目店,1,1,2258
35.614856,139.678208,J1-14.二の橋自転車置場1,52,12,10791
34.674399,135.464457,O-10.クリスタルグランツみなとシティ,9,2,1658
35.425975,139.559624,【T-004】東戸塚駅東口第三駐輪場,9,3,805
38.254198,140.911125,138.ローソン仙台宮千代一丁目店,8,1,1904
35.686405,139.803354,H1-227.松村メゾン,3,4,3477
35.177353,136.866961,266.ファミリーマート本陣通店,4,1,1339
35.669871,139.753147,C1-73.日比谷フォートタワー,13,3,283
35.68369,139.736936,A6-20.紀尾井町PREX,7,1,10768
34.650771,135.545514,N-19.巽公園,8,1,1464
35.733132,139.570311,T2-72.高塚南緑地,6,9,1733
35.691613,139.711233,D6-21.新宿5丁目,7,5,10767
34.686303,135.47193,C-16.首藤病院,12,2,2199
35.625037,139.777646,H1-116.出会い橋高架下,48,4,10809
35.192827,136.932325,493.石田歯科医院前,5,1,3313
34.678625,135.559487,H-18.大阪シティ信用金庫 深江橋支店,5,2,1970
35.58209,139.701362,K1-145.トヨタモビリティ東京馬込テクニカル研修センター,13,7,1837
34.83097,134.685196,29.関電姫路ビルディング,11,1,3065
35.649002,139.772764,B4-45.HARUMI FLAG PARK VILLAGE,12,2,2291
35.656228,139.706284,M3-12.渋谷南東急ビル,7,8,10808
34.671092,135.461484,O-05.べんてん広場駐輪場,14,2,7899
34.700637,135.556846,L-18.今福東一丁目4番3,18,2,1971
35.196775,136.874928,252.ファミリーマート名西枇杷島店,3,1,1256
35.605828,139.680265,J1-12.工大橋下流自転車置場,9,12,10789
35.649119,139.775138,B4-47.HARUMI FLAG PARK VILLAGE,5,2,2293
26.217404,127.679892,03.星野リゾートOMO5沖縄那覇,6,1,209
35.721045,139.735687,E3-05.文京スポーツセンター,57,6,10585
35.165929,136.910029,016.名鉄協商パーキング栄M,5,1,87016
34.681905,135.819849,39.JR奈良駅旧駅舎(奈良市総合観光案内所),3,1,75045
35.671225,139.808561,H1-117.東京パークサイドビル,16,4,10810
35.643683,139.7506,C5-28.芝浦ルネサイトタワー,11,3,10785
34.692726,135.473483,C-12.ファミリーマート西野田店,2,2,7982
34.654529,135.437931,O-03.天保山大型駐車場,11,2,7780
35.617773,139.685351,J1-20.すずめのお宿緑地公園,9,12,10805
35.615098,139.675954,J1-19.NTT東日本自由が丘ビル,4,12,10801
35.6447,139.784512,H1-22.豊洲市場（7街区）,67,4,10780
35.667988,139.765892,B3-22.ザ ロイヤルパークホテル 銀座6丁目,15,2,2683
34.666002,135.518243,【バッテリー交換のみ】ドコモショップ上本町店,0,2,1261
35.658204,139.738935,C2-29.狸穴公園,4,3,2192
35.555808,139.722791,K1-51.テクノポートカマタ 第2,12,7,10587
35.617279,139.67202,J1-16.八雲橋自転車置場,6,12,10793
35.622277,139.745638,I1-62.天王洲Rim,7,10,10812
34.670828,135.51141,B-37.ポム・ド・パン松屋町,18,2,7818
36.601036,136.594209,45.金石バスターミナル前,10,1,89045
35.701347,139.819973,H1-151.コスモリード錦糸町,12,4,162
34.830098,134.698376,35.ローソン姫路古二階町店,14,1,3162
35.648295,139.773973,B4-50.HARUMI FLAG PARK VILLAGE,13,2,2296
34.640991,135.406418,T-12.コスモスクエア海浜緑地西側,5,2,3601
34.94912,135.752227,KT182-サムコ田中宮駐車場,16,1,2526
35.630694,139.690482,J1-21.中央緑地公園,4,12,10806
35.688405,139.770068,B1-03.常盤公園（北側）,9,2,10049
34.669709,135.51471,B-75.雲雷寺,11,2,1969
35.646648,139.633038,L1-12.鈴木リースホーム駐車場,15,17,1674
35.75195,139.616028,T2-36.サントピア テニスパーク,3,9,10781
33.233488,131.608944,07.ドコモショップ金池店,13,1,85007
33.22681,131.61553,121.六坊グリーンウォーク広場,3,1,3957
36.064786,136.213783,09.錦公園（片町）,8,1,1420
35.528361,139.696499,Z13.京急川崎日進町駐輪場,11,11,10752
35.692641,139.846346,H1-107.大島小松川公園,29,4,10763
35.670452,139.75557,A5-07.富国生命ビル,18,1,10776
35.143228,136.945159,313.名鉄協商パーキング檀溪通,1,1,1707
35.537163,139.729625,Z14.ファミリーマート川崎中瀬店,0,11,10760
35.607557,139.746866,I1-52.カスタリアタワー品川シーサイド,20,10,10754
35.645155,139.744543,C1-74.札の辻スクエア,5,3,704
35.162667,136.90704,441.矢場町,5,1,2859
35.609664,139.730006,I1-58.品川区役所　第二庁舎前,17,10,10772
35.593559,139.734704,I1-55.鈴ヶ森公園,1,10,10770
34.673531,135.530542,F-22.シティパレス21玉造,5,2,3058
35.562539,139.748013,K1-168.大田区営大森南五丁目アパート16号棟,7,7,3421
34.389328,132.449144,061.広島市文化交流会館(北側),0,1,3255
35.620355,139.749339,I1-53.天王洲公園,26,10,10757
34.65922,135.50314,E-20.レオンコンフォート難波サウスゲート,8,2,7779
26.213346,127.674074,10.東町郵便局,3,1,51416
34.388217,132.448586,062.広島市文化交流会館(南側),1,1,3256
36.582372,136.640421,53.ファミリーマート金沢けやき通り店,1,1,89055
33.23466,131.61363,66.シルバー人材センター,2,1,85073
33.23466,131.61363,66.シルバー人材センター,2,1,85073
35.515344,139.722229,Z16.ファミリーマート川崎浜町四丁目店,23,11,10762
35.613902,139.691476,J1-17.ファミリーマート原町二丁目店,2,12,10796
35.669188,139.785301,B4-15.リバーシティ　イーストタワーズ,2,2,10764
35.161066,136.903843,442.大須,12,1,2861
35.647757,139.712981,M3-10.ウノサワ東急ビル,4,8,10722
35.64423,139.835823,H1-94.新木場一丁目緑地公園,11,4,10702
35.745272,139.604579,T2-91.石神井町四丁目緑地,5,9,2194
35.692396,139.75639,A2-17.竹橋ビル,11,1,10716
35.668705,139.810549,H1-98.洲崎川緑道公園,7,4,10706
35.661852,139.802224,H1-97.浜園公園,0,4,10705
34.639479,135.538205,R-13.杭全バス停,5,2,294
35.152361,136.908101,311.キャッスルタウン記念橋(3),1,1,1710
35.642571,139.836766,H1-101.ファミリーマート新木場一丁目店,8,4,10710
35.694927,139.731328,D4-02.JICA市ヶ谷ビル（地球ひろば／研究所）,3,5,10697
33.2283,131.63134,74.城の内公園,14,1,85081
35.575097,139.751446,K1-66.昭和島二丁目公園,4,7,10712
35.64143,139.835455,H1-93.新木場一丁目公園,10,4,10701
34.657015,135.523218,F-25.五条公園,3,1,3187
35.743354,139.606592,T2-04.石神井公園駅南口,11,9,10367
35.630151,139.725215,I1-47.NTT 東日本 関東病院(南側),3,10,10741
35.171972,136.908727,447.久屋大通パーク南,17,1,2862
35.680948,139.796917,H1-103.清澄庭園,3,4,10727
35.562383,139.747563,K1-169.大田区営大森南五丁目アパート17号棟,3,7,3422
35.676488,139.809616,H1-104.木場公園,2,4,10728
35.74097,139.63836,T3-31.パークサイド関口,7,9,1650
35.655779,139.680948,J1-10.NTTデータ駒場研修センター,17,12,10717
35.651846,139.77414,B4-52.LaLa terrace HARUMI FLAG,19,2,2587
35.720896,139.76422,E5-17.Village藍染,5,6,10745
35.683483,139.790844,B1-33.アイフェリーク日本橋,2,2,3955
35.67363,139.77623,B3-19.本の森ちゅうおう,15,2,1215
35.675436,139.670594,M6-07.笹塚東,25,8,10721
35.698917,139.771856,A3-41.秋葉原ダイビル,13,1,10874
34.395939,132.445788,054.むさし土橋店,4,1,3253
35.697167,139.745629,A1-15.富士見みらい館,0,1,10735
26.15747,127.65614,13.豊見城市観光協会,2,1,339
35.030386,135.773047,KT032-京阪出町柳駅前(7番出口),35,1,2121
35.693544,139.685806,D6-20.淀橋けやき橋公園,12,5,10753
35.650351,139.692853,J1-04.菅刈公園,19,12,10687
34.682192,135.804948,06.奈良 蔦屋書店／奈良県コンベンションセンター,11,1,75046
35.690958,139.759876,A2-27.丸紅ビル,29,1,490
35.191195,136.908134,121.ファミリーマート柳原二丁目店,5,1,395
35.661149,139.754612,C1-53.ホテルリブマックス新橋,0,3,10731
35.71115,139.68232,D7-08.上落合3丁目,5,5,10709
35.599196,139.739158,I1-50.京急立会川第2バイク駐輪場,2,10,10749
34.69329,135.54463,L-01.鴫野駅,9,2,1219
35.162397,136.936756,315.LUORE吹上,3,1,1708
35.648726,139.790877,H1-44.テプコ豊洲ビル,27,4,10223
35.585747,139.735242,K1-69.京急平和島第2Bバイク駐輪場,1,7,10747
36.547531,136.678978,67.ファミリーマート金沢小立野店,8,1,89069
35.747807,139.593599,T2-14.NPC24H東大泉第6パーキング,0,9,10439
35.527562,139.737102,Z04.ローソン川崎四谷上町店,6,11,10661
35.695636,139.727882,D4-03.市谷加賀町2丁目,5,5,10698
35.660526,139.776816,B4-14.Brillia ist Tower 勝どき,2,2,10708
34.669713,135.500662,_B-58.クロスホテル大阪,5,2,927
34.32911,134.051581,009.あいびー高松,3,1,3656
35.739175,139.593051,T2-11.石神井松の風文化公園,3,9,10374
35.66688,139.80779,H1-111.ファミリーマート木場六丁目店,1,4,10739
35.7032,139.758674,E5-32.グリーチネ元町,10,6,3423
34.726586,135.494544,K-14.ロカンダ新大阪,6,2,2685
35.705774,139.743366,D2-12.ヴィアイン飯田橋後楽園,9,5,10725
34.345142,134.04811,006.セトラスビル,10,1,3653
33.22934,131.5808,84.大分銀行 にじが丘出張所,0,1,85027
26.216665,127.69,11.琉球銀行イチバンジャー出張所,3,1,51425
34.39114,132.470991,053.市営稲荷町C駐輪場,10,1,3252
35.589573,139.735585,I1-51.京急鈴ヶ森駐車場,8,10,10750
35.603815,139.741362,I1-49.京急鮫洲バイク駐輪場,4,10,10748
35.694834,139.780333,A3-39.Cocoro Kanda East,1,1,10672
35.684247,139.815638,H1-75.ジオ深川住吉,14,4,10504
35.640675,139.698088,J1-01.目黒区総合庁舎,28,12,10684
35.657718,139.681043,J1-02.駒場野公園,16,12,10685
34.65671,135.515181,F-16.キングレジデンス四天王寺夕陽丘,10,2,1699
34.748118,135.541791,V-01.かみしんプラザ,12,1,7979
34.393078,132.42448,049.ローソン広島己斐本町店,5,1,3246
35.677542,139.843651,H1-212.セブン‐イレブン 江東東砂3丁目,15,4,2898
35.157247,136.877004,513.FK九重町駐車場,4,1,3431
34.682074,135.823044,30.奈良ワシントンホテルプラザ,3,1,75048
35.17786,136.907505,446.久屋大通パーク北,1,1,2864
34.652987,135.488565,I-20.グランパシフィック難波南Innovation,0,2,1646
35.66865,139.679251,M5-09.代々木上原駅前,7,8,10665
35.6471,139.712818,M2-07.ファミリーマート恵比寿駅東店,6,8,10667
34.391695,132.455994,051.広島三井ビルディング,43,1,3248
35.17392,136.88072,397.名鉄協商パーキング名駅1丁目第3(1),5,1,2276
35.604606,139.734483,I1-44.大井三ツ又商店街入口,0,10,10668
35.743962,139.670315,T3-24.AZEST新桜台,7,9,1356
35.513548,139.697176,Z05.ローソン川崎小田二丁目店,0,11,10662
35.712015,139.750284,E1-07.礫川地域活動センター,10,6,10233
35.64853,139.686309,J1-05.東山公園　北,11,12,10688
34.70677,135.552809,L-08.城東屋内プール,7,1,2952
35.650688,139.696696,J1-03.西郷山公園,1,12,10686
35.68082,139.71188,M4-07.千駄ヶ谷駅前,6,8,10666
35.571711,139.685337,K1-65.下丸子3丁目,12,7,10683
35.732291,139.82012,G1-01.鐘ヶ淵駅南自転車駐車場,10,15,922
35.168002,136.897758,444.伏見,4,1,2865
35.424073,139.659932,087.本牧神社,4,4,2075
35.655139,139.762812,C1-48.竹芝客船ターミナル,30,3,10628
34.71861,135.51587,A-54.エステムコート梅田・天神橋3アヴァンテ,8,2,1798
35.026449,135.773003,KT288-上阿逹谷口マンション,6,1,3584
34.68208,135.80599,16.関西電力送配電 奈良配電営業所,4,1,1936
38.25777,140.88861,153.LUNA仙台東口,4,1,3419
34.348841,134.047679,014.テックパーキング西の丸町第１,4,1,3661
35.61061,139.693443,J1-13.洗足二丁目駐輪場,16,12,10790
35.703024,139.78052,F1-05.ホウエイコート秋葉原,2,18,2362
35.169598,136.900399,286.錦2丁目ポート錦通第1,5,1,1439
35.707437,139.761806,E5-31.セブン-イレブン本郷三丁目駅前店,1,6,2917
35.565768,139.727396,K1-59.京急梅屋敷第1駐車場,2,7,10653
34.707574,135.513278,A-48.セブン-イレブン大阪池田町店,2,2,1575
35.56573,139.735901,K1-179.旧呑川緑道（大森中3丁目）第二,8,7,3701
35.685578,139.732078,A6-19.番町麹町ビルディング,11,1,10642
35.529781,139.727511,Z09.ファミリーマート川崎川中島二丁目店,5,11,10679
35.513644,139.712594,Z02.NTT渡田ビル,0,11,10659
35.668091,139.680243,M5-08.古賀政男音楽博物館,3,8,10647
35.70844,139.72951,D3-20.AXAS神楽坂,5,5,3711
35.678099,139.791831,H1-201.ウエリスアーバン水天宮前2,6,4,2251
35.726499,139.759884,E5-15.文京千駄木の郷,10,6,10649
35.666213,139.760907,C1-49.汐留シティセンター,35,3,10633
35.537434,139.744509,Z06.ローソン川崎殿町店,14,11,10663
35.634565,139.775809,C5-55.お台場海浜公園北,13,3,2867
35.696913,139.823911,H1-91.亀戸駅北口第三自転車駐車場,11,4,10650
34.828025,134.688828,01.姫路駅西,38,1,1972
35.696242,139.735776,D2-10.市谷砂土原町3丁目,0,5,10629
35.588106,139.718852,K1-56.NTT馬込ビル,0,7,10631
34.685393,135.81229,36.新大宮自転車センター,0,1,75037
38.260152,140.893214,114.榴岡天満宮,9,1,382
35.69497,139.76945,A3-38.パークホームズ千代田淡路町,8,1,10645
37.913528,139.061483,39.新潟駅万代広場バスターミナル側,24,1,2772
35.68942,139.662118,O5-10.ローソン ツルハドラッグ杉並和田店,5,14,2342
35.523754,139.746356,Z03.ローソン川崎塩浜三丁目店,4,11,10660
35.707313,139.771857,E5-14.上野広小路駅（湯島側）,14,6,10648
35.166748,136.903581,445.住吉通,7,1,2866
35.168589,136.918396,319.カレント新栄,3,1,1784
35.637041,139.781088,H1-89.BUDDY スポーツアリーナ,38,4,10630
31.91356,131.43311,宮崎市保健所ポート,2,1,3833
35.69788,139.830559,H1-92.亀戸駅東口第二自転車駐車場,17,4,10651
34.711722,135.506375,A-61.本庄西一丁目25番3,9,2,2246
35.576336,139.733691,K1-60.京急平和島第1駐車場,5,7,10654
35.702833,139.739,D2-11.神楽坂アインスタワー,1,5,10644
35.579585,139.705377,K1-57.池上本門寺,7,7,10632
35.686442,139.804161,H1-226.メゾン・ド・マツムラ ,2,4,3478
34.69277,135.19447,13.三宮駅南,13,1,3512
34.698195,135.529341,G-02.ニッセイ京橋ビル,11,2,7862
34.68001,135.488671,D-12.ブリリアント大阪西,9,1,2928
35.608193,139.719139,I1-31.セブン-イレブン 品川戸越5丁目店,3,10,10581
35.05484,134.00396,002.津山駅　北口広場,6,1,2393
34.63259,135.498155,I-21.グランパシフィックパークビュー,9,2,1647
35.662514,139.803694,H1-87.パークアクシス木場キャナルウエスト,1,4,10619
34.647752,135.790634,34.JR郡山駅東口(大和郡山市観光協会）,6,1,174
35.725171,139.675897,D7-07.ローソン 新宿西落合三丁目店,1,5,10602
34.691444,135.497843,B-04.住友ビルディング第３号館,19,1,7813
35.704597,139.708397,D5-08.ウエリス新宿早稲田の森,15,5,10588
38.277769,140.871537,121.シティハウス堤通雨宮町,4,1,714
35.675702,139.785229,B2-10.東京ダイヤビルディング（北側）,24,2,10214
35.704475,139.763041,E5-12.NK本郷ビル,5,6,10598
38.227417,140.885328,67.長町駅西口,17,1,69
34.671009,135.485841,D-07.ローソン南堀江四丁目店,1,2,7844
35.426606,139.666118,180.セブン-イレブン横浜本牧原店,5,4,3366
35.623466,139.734359,I1-37.ガーデンシティ品川御殿山,12,10,10618
35.759861,139.581682,T2-77.大泉なかよし緑地,3,9,1810
35.166424,136.880672,521.太閤一丁目,3,1,3450
35.519137,139.705791,Z07.ローソン川崎渡田三丁目店,3,11,10677
34.634111,135.508361,Q-03.グランパシフィック松虫通,7,2,7943
35.170187,136.872669,103.ファミリーマート則武本通店,1,1,358
35.647091,139.817333,H1-84.NTT東日本辰巳ビル,6,4,10556
34.709782,135.490309,A-71.中津車庫,9,2,2753
35.683514,139.827081,H1-82.セブンｰイレブン 北砂3丁目明治通り店,27,4,10561
35.690861,139.736393,A6-14.MG市ヶ谷ビルディング,0,1,10571
34.37991,132.44875,086.ファミリーマート 吉島町店,0,1,3283
34.664106,135.494375,E-33.キャビン＆カプセルホテル J-SHIP大阪難波,12,2,7745
35.756825,139.590528,T2-80.みその緑地,5,9,1854
35.564152,139.727422,K1-52.大田区総合体育館,5,7,10604
34.682648,135.505842,B-38. 辰野南本町ビル,5,1,571
43.059577,141.352776,67.札幌三越,25,1,3080
35.715592,139.76192,E5-13.弥生二丁目,11,6,10599
34.682251,135.505191,B-19.KDX南本町ビル,3,2,260
35.685938,139.764886,A4-05.大手町タワー,59,1,10041
35.695737,139.78162,A3-37.ポータル秋葉原,0,1,10600
35.688929,139.7358,A6-15.東急番町ビル,13,1,10572
35.64115,139.741471,C1-44.三田Avanti,3,3,10596
35.180973,136.883625,048.CBCハウジング名駅北,5,1,87043
35.719012,139.820542,G2-09.京成曳舟,19,15,2818
35.644155,139.756216,C5-26.ピアシティ芝浦ビル,22,3,10555
35.716184,139.643905,N1-09.若宮レジデンス,5,13,1704
36.552883,136.663678,68.ファミリーマート金沢菊川店,0,1,89072
34.928402,135.062292,ホテルグリーンプラザ東条湖,10,1,2841
35.726188,139.741375,E4-14.NTT東日本大塚ビル,0,6,10597
35.134171,136.956919,509.弥富町緑ケ岡,8,1,3472
38.224223,140.876227,73.太白区役所,5,1,48
35.671514,139.753952,A5-04.日比谷パークフロント前　日比谷公園南面向い歩道上,29,1,10553
35.669916,139.725701,C3-23.LIFORK 南青山 北エントランス,43,3,10609
35.756469,139.603057,T2-99.日生交通,10,9,3424
35.617475,139.729221,I1-26.大崎西口公園,50,10,10568
35.656324,139.755927,C1-45.浜松町クレアタワー,20,3,10607
34.711444,135.500653,A-62.ECC学園高等学校 大阪学習センター,9,2,2247
35.709147,139.739183,E2-12.水道2丁目,1,6,10589
35.642165,139.800439,H1-83.ローソン江東東雲店,2,4,10557
35.543335,139.709949,K1-177.雑色第７駐車場,20,7,3702
35.658169,139.752509,C1-43.KDX浜松町プレイス,10,3,10577
34.934497,134.962008,滝野社インター,7,1,1482
35.688301,139.768958,B1-20.竜閑さくら橋際街角広場,33,2,10551
38.271124,140.866878,122.パラディソ二日町店,13,1,723
34.402052,132.443758,040.クラップス,1,1,3251
35.599987,139.745195,I1-29.ローソン 勝島一丁目店,17,10,10579
35.713388,139.737009,E3-07.小日向1丁目,14,6,10627
35.708082,139.607543,O2-04.西荻北1丁目,5,14,2281
35.586382,139.705116,K1-140.西馬込駅前自転車駐車場(奥),15,7,1371
35.688351,139.744321,A6-16.一番町第二TGビル,4,1,10601
35.173914,136.880857,398.名鉄協商パーキング名駅1丁目第3(2),8,1,2277
35.20533,136.897643,461.名鉄協商パーキング又穂コイン,0,1,2958
34.913798,134.96158,やしろショッピングパークBio,10,1,1483
35.639571,139.755551,C5-25.NEX-TEC芝浦,25,3,10544
34.838908,134.696564,08.姫路市立美術館,21,1,1979
35.647237,139.71512,M2-06.あいおいニッセイ同和損保恵比寿ビル,5,8,10542
34.333801,134.042893,021.KANEMITSU CAPITAL HOTEL,5,1,3668
35.6738,139.731525,C3-16.赤坂ガーデンシティ,4,3,10338
35.69492,139.80728,G6-02.ジェノヴィア錦糸町スカイガーデン,6,15,3479
34.326466,134.043638,020.香西工務店,8,1,3667
38.25517,140.91778,126.ファミリーマート宮千代三丁目店,2,1,983
35.645604,139.834941,H1-78.ローソン新木場一丁目店,15,4,10427
34.39511,132.47669,038.相鉄フレッサイン　広島駅前,15,1,3238
31.91985,131.43597,宮崎太陽銀行青葉町支店ポート,1,1,3837
34.338444,134.04707,001.ドコモ四国ビル,8,1,3648
35.574886,139.685122,K1-28.鵜の木特別出張所,2,7,10433
35.59632,139.751279,I1-20.しおじ公園,17,10,10519
35.695762,139.761585,A2-01.神田駿河台下,23,1,10008
35.684423,139.692262,M5-02.あいおいニッセイ同和損保新宿ビル,11,8,10391
35.658709,139.757036,C1-41.港区立エコプラザ,8,3,10466
35.66523,139.776313,B3-09.築地永谷コーポラス,26,2,10413
34.616858,135.492224,S-02.大阪シティ信用金庫 住吉支店,1,2,7972
35.181179,137.00672,520.ドコモショップ藤が丘西店,0,1,3475
34.658409,135.551119,N-11.大阪シティ信用金庫 生野中支店,8,2,7974
35.546252,139.731708,K1-31.テクノWING,7,7,10452
34.344195,134.03688,022.セーラー広告,3,1,3669
35.563874,139.685011,K1-37.東京サーハウス前,10,7,10482
35.162501,136.969073,522.名鉄協商パーキング清住町第3,3,1,3474
35.613421,139.75375,I1-13.八潮北公園,8,10,10465
35.761474,139.592735,T2-78.北大泉くれはし公園,3,9,1811
34.650198,135.501865,E-11.OMO7大阪 by 星野リゾート,60,1,675
35.593489,139.72967,I1-06.大森貝塚遺跡庭園,3,10,10419
35.6873,139.70282,M4-01.新宿タカシマヤ,10,8,10386
34.716641,135.480608,K-01.ホテルプラザオーサカ,0,1,7811
35.692269,139.759391,A2-14.興和一橋ビル,17,1,10485
34.941013,134.955533,JR滝野駅,7,1,1485
35.673444,139.666553,M6-02.サイカパーク笹塚,7,8,10394
35.607571,139.749108,I1-19.品川シーサイド公園第2,23,10,10518
34.687965,135.505666,B-50.NMR北浜,6,2,7966
31.93938,131.4184,矢の先街区公園ポート,1,1,3836
35.674835,139.785656,B2-12.東京ダイヤビルディング（東側）,37,2,10539
35.657264,139.743821,C2-16.ザ・ベルグレイヴィア麻布,4,3,10438
35.616633,139.748945,I1-09.東品川海上公園第1,1,10,10461
34.39305,132.46663,035.もみじ銀行本店,14,1,3235
34.686148,135.502343,B-64.KCビル,1,2,1509
35.171395,136.886881,257.桜通豊田ビル,14,1,1277
35.680753,139.762069,A4-11.二重橋前駅(メトロ4番出口),18,1,10513
35.609052,139.729825,I1-01.品川区役所 本庁舎前,10,10,10414
34.683323,135.481476,D-31.エステムコート中之島GATE2,9,2,3052
35.71429,139.70507,D3-07.戸塚特別出張所,11,5,10478
34.70598,135.195487,06.JR新神戸駅前（1F）,18,1,3505
34.821829,134.692933,15.兵庫県姫路総合庁舎,20,1,1986
34.6688,135.47005,O-17.エステムコート難波WESTSIDE2ベイフレックス,3,2,3342
35.61379,139.746617,I1-18.東品川公園,1,10,10517
35.6214,139.741958,I1-16.品川浦,12,10,10515
35.603327,139.729006,I1-30.ローソン 大井三丁目店,5,10,10580
34.653741,135.49007,I-11.ローソン北開二丁目店,5,2,7799
35.458845,139.628577,066.みなとみらいグランドセントラルタワー,31,4,2054
34.907672,135.061242,高速東条バス停,8,1,1484
38.274875,140.868489,132.トキワUniLife北六番丁,8,1,1410
34.726427,135.527726,G-11.UR 都島リバーシティ,11,1,7763
35.67917,139.67493,M6-05.七号通り公園,2,8,10397
34.618049,135.560001,U-07.平野屋内プール,7,1,2961
31.90931,131.42918,ひまわり荘ポート,5,1,3838
35.713872,139.698301,D3-06.セブン-イレブン高田馬場3丁目中央店,3,5,10460
35.647713,139.755534,C5-24.GLOBAL FRONT TOWER,6,3,10480
35.698986,139.774099,A3-27.秋葉原駅中央口（ヨドバシカメラ前）,20,1,10302
35.549778,139.707362,K1-35.セブン-イレブン 大田区西六郷2丁目店,2,7,10475
35.596579,139.745009,I1-22.ウィラ大井 (ショッピングモール),3,10,10529
35.674274,139.759111,A4-12.東京ミッドタウン日比谷,11,1,10530
35.74755,139.597968,T2-17.ファミリーマート 練馬石神井町八丁目店,1,9,10454
35.674578,139.797396,H1-72.ネクストサイト深川ビル,15,4,10472
35.750185,139.579216,T2-23.セブン-イレブン 練馬南大泉5丁目店,4,9,10494
35.593611,139.738056,I1-24.しながわ区民公園(中央口),10,10,10532
35.765704,139.625178,T1-09.ローソン練馬旭町一丁目店,7,9,10469
35.56892,139.725082,K1-25.鶴渡公園,14,7,10402
35.648107,139.813572,H1-202.辰巳の森海浜公園,4,4,2250
35.67386,139.79976,H1-73.イシマビル,3,4,10484
36.569659,136.660728,46.セブンイレブン金沢大手町店,20,1,89049
35.773841,139.591456,T2-27.ファミリーマート 大泉長久保通り店,2,9,10501
35.127187,136.919376,467.ファミリーマート瑞穂牛巻町店,3,1,2959
35.603984,139.744504,I1-11.鮫洲入江広場,14,10,10463
35.590641,139.736354,I1-07.しながわ水族館,11,10,10420
35.691188,139.712079,D1-09.NTT四谷ビル,1,5,10534
35.023946,135.767389,KT037-梨木神社・Coffee Base,14,1,2119
35.616364,139.749171,I1-17.東品川海上公園第2,0,10,10516
34.642486,135.41326,T-04.コスモスクエア駅東側,5,2,3413
35.560655,139.699126,K1-158.多摩川1丁目,4,7,2844
34.38862,132.46669,083.FAV HOTEL 広島平和大通り,1,1,3279
35.588644,139.710413,K1-41.郷土博物館,4,7,10509
34.706005,135.53231,G-23.クリスタルグランツ都島本通,8,2,1768
35.70319,139.751888,E1-03.東京ドーム（黄色いビル横）,15,6,10229
35.680474,139.812316,H1-69.ファミリーマート 江東石島店,3,4,10412
34.345399,134.045385,023.テックパーキング錦町1丁目第1,2,1,3795
35.177895,136.991919,554.名鉄協商パーキングよもぎ台2丁目,2,1,3880
35.719345,139.736198,E3-02.教育の森公園,17,6,10240
35.669267,139.756018,C1-55.アーバンネット内幸町ビル,16,3,10837
35.667892,139.8311,H1-49.セブン-イレブン 江東新砂３丁目店,26,4,10272
34.694867,135.199202,05.アーバンエース三宮ビル,13,1,3504
35.168601,136.942001,475.メイクス今池02,3,1,3067
35.658703,139.817251,H1-58.潮見駅,18,4,10301
35.672361,139.829825,H1-56.南砂三丁目緑地公園西,9,4,10299
35.72707,139.746112,E4-01.千石南自転車駐車場,23,6,10242
35.705111,139.725528,D3-17.セジョリ早稲田,4,5,2869
35.559483,139.724273,K1-04.京急蒲田駅東口,10,7,10288
35.646581,139.710613,M2-03.サイカパーク恵比寿,22,8,10379
35.506142,139.701005,Z10.ローソン川崎浅田三丁目店,8,11,10699
35.671823,139.708158,M4-06.THE SHARE 原宿,5,8,10611
35.64508,139.826456,H1-57.新木場駅,19,4,10300
35.649032,139.750147,C1-35.セブン-イレブン 三田駅北店,2,3,10353
35.687126,139.680702,M6-04.本町東べんてん橋公園,0,8,10396
35.562368,139.730143,K1-08.セブン‐イレブン 大田区東蒲田キネマ通り店,10,7,10310
35.655522,139.797354,H1-232.豊洲センタービルアネックス,34,4,3769
35.576593,139.706597,K1-03.池上会館,2,7,10287
35.557074,139.74575,K1-24.東糀谷防災公園,15,7,10401
35.729666,139.739256,E4-12.文京宮下公園,6,6,10566
34.705394,135.505546,A-46.クリスタルグランツ梅田,10,2,1506
34.62534,135.520635,Q-09.南田辺駅,19,2,1803
35.690605,139.792985,H1-223.グラン森下イーストレジデンス,5,4,3360
35.65519,139.718559,M2-05.日本赤十字医療センター,11,8,10381
35.645537,139.754899,C5-19.グランドメゾン田町,8,3,10321
35.649823,139.700139,M3-03.代官山 T-SITE,9,8,10384
35.651103,139.759092,C5-17.鈴与浜松町ビル,10,3,10305
34.347586,134.042465,017.エコパーク錦町２丁目第１,4,1,3664
35.574785,139.730762,K1-26.大森諏訪公園,3,7,10403
35.722202,139.691712,D7-02.セブン-イレブン 新宿中落合3丁目店,22,5,10307
35.640481,139.753659,C5-14.セブン-イレブン 港区汐彩橋店,1,3,10220
35.653608,139.73138,C2-14.元麻布ヒルズ,3,3,10356
35.689529,139.695995,D6-14.新宿ファーストウエスト,14,5,10297
35.640228,139.804267,H1-64.ローソン東雲駅前店,7,4,10343
35.727279,139.74627,E4-07.ファミリーマート 本駒込二丁目店,0,6,10318
34.693916,135.509141,A-55.新中之島ビル駐輪場,5,2,1799
35.681754,139.715256,D1-06.四谷第六小学校北,7,5,10336
35.695515,139.750213,A1-12.北の丸スクエア,9,1,10265
35.709712,139.601846,O2-03.西荻北5-8-17,5,14,1751
31.92367,131.43115,下原ふれあい広場ポート,5,1,3842
34.600488,135.522041,S-10.苅田4丁目四恩学園,3,1,2927
35.626267,139.771438,C5-31.ヒルトン東京お台場,2,3,10865
34.609589,135.521454,R-21.長居公園　南口,15,1,446
35.707388,139.700204,D5-04.西戸山公園野球場,6,5,10283
35.669285,139.597931,L1-05.NTT烏山ビル,2,17,1667
35.736076,139.599676,T2-05.石神井図書館,3,9,10368
31.91194,131.42951,栄町街区公園ポート,2,1,3839
38.25943,140.871626,14.青葉通一番町駅,16,1,72
34.679342,135.180275,12.ハーバーランド第2,8,1,3511
35.578239,139.723262,K1-14.大森地域庁舎,3,7,10332
35.158799,136.973335,495.名鉄協商パーキング東山公園前第3,3,1,3387
35.634529,139.748378,C5-18.パークタワー品川ベイワード,15,3,10319
35.748957,139.621385,T2-06.総合体育館,3,9,10369
34.38812,132.45498,103.ホテル呉竹荘 広島大手町,6,1,3303
35.687509,139.803899,H1-233.N’sパークレジデンス森下,10,4,3792
35.759164,139.629466,T1-01.光が丘駅前広場,12,9,10358
35.664367,139.737185,C2-15.住友不動産六本木グランドタワー,10,3,10357
31.93137,131.43749,Ko Olina Ukinojoポート,2,1,3882
35.642399,139.746992,C5-21.セブン-イレブン 芝浦3丁目店,4,3,10355
35.621396,139.706049,I1-124.東急武蔵小山駅東口駐輪場,25,10,3541
34.631798,135.429373,T-08.ポートタウン東駅,4,2,3417
35.679678,139.844892,H1-60.荒川・砂町庭球場西,7,4,10309
35.70057,139.74301,D2-06.飯田濠,14,5,10304
35.760585,139.626284,T1-03.四季の香公園,5,9,10360
34.825522,134.68921,04.姫路駅南,4,1,1975
35.724707,139.750469,E4-04.セブン-イレブン 文京本駒込１丁目店,5,6,10273
34.620884,135.535943,R-11.ファミリーマート針中野二丁目店,4,2,114
34.73746,135.48571,K-19.べラジオ三国駅前1,8,2,2919
35.683343,139.812161,H1-62.扇橋一丁目公園南,2,4,10312
34.81948,134.681284,18.手柄駅,22,1,1989
35.715894,139.698578,D7-01.下落合図書館,15,5,10274
35.626704,139.742174,C5-16.品川インターシティ,52,3,10269
35.683695,139.780043,B1-16.小網町児童遊園,2,2,10316
35.762326,139.635226,T1-06.秋の陽公園,5,9,10363
35.774457,139.596182,T2-79.大泉学園町八丁目緑地,6,9,1812
34.825506,134.706674,20.すこやかセンター,17,1,1991
35.648281,139.786112,H1-61.Brilliaランニングスタジアムマギーズ東京前,37,4,10311
35.702288,139.68862,D5-03.北新宿公園,7,5,10282
35.576914,139.742281,K1-01.大森海苔のふるさと館,14,7,10285
35.65637,139.811765,H1-63.東京スイソミル,2,4,10317
34.834939,134.695766,06.姫路城東,1,1,1977
34.667492,135.538458,H-02.東成区玉津3（地下鉄今里駅）,12,2,7935
35.705244,139.70841,D5-01.新宿コズミックセンター,8,5,10225
35.141009,136.958512,357.ランドハウス八事,3,1,1946
35.731791,139.588844,T2-74.扇橋公園,4,9,1752
34.36429,132.46757,137.ローソン広島宇品東一丁目店,4,1,1719
35.637366,139.74844,C5-08.AQUACITY芝浦,10,3,10155
35.638245,139.749754,C5-13.区立芝浦西運河沿緑地,10,3,10203
35.142923,136.933713,325.ドコモショップ桜山店,6,1,1783
35.177091,136.923907,371.名鉄協商パーキング代官町第9,1,1,2170
33.236863,131.606009,10.中央町地下駐輪場,17,1,85010
35.670364,139.744684,C3-10.ファミリーマート特許庁前店,6,3,10165
35.695176,139.772832,A3-21.神田ふれあい通り第３,1,1,10172
35.632842,139.7495,C5-07.港区立港南図書館,2,3,10150
35.67214,139.8166,H1-31.江東区役所（南側）,5,4,10076
35.676566,139.737083,C3-11.赤坂見附南,11,3,10195
35.655135,139.744449,C2-24.Dash Living HigashiAzabu,6,3,548
35.05777,135.751753,KT301-きりん(上賀茂神社前),4,1,3060
35.655135,139.744449,C2-24.Dash Living HigashiAzabu,6,3,548
35.05777,135.751753,KT301-きりん(上賀茂神社前),4,1,3060
35.647618,139.792152,H1-29.スカイズタワー＆ガーデン,3,4,10147
35.660614,139.734771,C2-09.麻布地区総合支所,2,3,10204
35.680833,139.784267,B1-10.箱崎川第二公園,5,2,10137
34.400732,132.46155,022.NTT上八丁堀ビル(護国神社前),19,1,3221
35.651046,139.727745,C2-05.ありすいきいきプラザ,7,3,10132
35.67338,139.8164,H1-30.江東区役所（北側）,1,4,10074
35.67391,139.796165,H1-34.門前仲町駅,41,4,10167
35.649959,139.756068,C5-10.シーバンス,1,3,10166
35.70311,139.754951,E1-02.東京ドーム（ミーツポート）,17,6,10228
35.185767,136.969478,360.ドコモショップ千代田橋店,0,1,1947
35.166868,136.884685,295.名鉄協商パーキング笹島南,2,1,1612
35.630063,139.792209,H1-28.有明客船ターミナル,13,4,10122
35.144376,136.893348,362.プレイランドキャッスル尾頭橋店,4,1,1948
35.675639,139.815255,H1-43.東京イースト21,28,4,10215
35.661673,139.721118,C2-08.ファミリーマート西麻布霞町店,1,3,10124
26.173576,127.674205,T-04.豊見城市立中央図書館,1,1,2888
35.149429,136.942303,321.プレイズシード御器所イースト,1,1,1782
35.184994,136.890513,380.浅間町北自転車駐車場,0,1,2311
35.684158,139.787649,B1-11.浜町川緑道,41,2,10139
34.66159,135.544334,N-28.セブン‐イレブン大阪中川３丁目店,7,2,3785
35.664591,139.813954,H1-32.区営塩浜住宅前,2,4,10115
34.699775,135.218241,10.県立美術館前,3,1,3509
35.690838,139.711364,D1-01.花園西公園,5,5,10178
35.66789,139.803,H1-33.深川ギャザリア（ウエストスクエア）,7,4,10116
35.684349,139.766958,A4-08.永代通り（大手町駅B2c出口前）,33,1,10197
34.705182,135.500262,A-52.サイカパーク梅田東,5,1,1713
32.07204,131.50088,日向新富駅ポート,7,1,3885
35.725538,139.76116,E5-03.汐見地域活動センター（本郷図書館）,4,6,10246
35.702286,139.741093,D2-01.あずさセンタービル,18,5,10217
35.179907,137.019504,324.ファミリーマート藤が丘南店,1,1,1780
35.166345,136.952695,494.名鉄協商パーキング覚王山,6,1,3388
35.664265,139.767426,B3-04.築地市場駅地下駐輪場,0,2,10161
34.396815,132.468316,029.東横イン広島駅南口右,5,1,3229
35.007587,135.75371,KT043-RESI STAY ANDON - 行燈 -,10,1,2202
34.701227,135.189621,08.北野町中公園,3,1,3507
35.645823,139.812178,H1-39.辰巳駅東口自転車駐車場,31,4,10207
35.694904,139.772712,A3-19.神田ふれあい通り第１,3,1,10170
35.682516,139.736494,A6-10.紀尾井町ビル（西側）,2,1,10126
38.258622,140.893843,32.仙台サンプラザ,5,1,32
35.659442,139.745549,C1-16.機械振興会館,11,3,10089
35.670855,139.772052,B3-01.中央区役所,5,2,10045
34.68406,135.192764,17.新港町,44,1,243
34.684472,135.804694,20.奈良市役所,13,1,75044
35.156861,136.876945,385.UR豊成,2,1,2216
35.528868,139.737762,Z11.ファミリーマートＭＧ川崎昭和店,7,11,10715
35.619234,139.774485,H1-26.青海客船ターミナル,27,4,10120
35.648637,139.749834,C1-23.三田いきいきプラザ,10,3,10145
38.26064,140.86706,35.戦災復興記念館,5,1,42
35.691069,139.775376,A3-16.地蔵橋東児童遊園,8,1,10141
35.67224,139.779348,B2-01.鉄砲洲児童公園（西側）,4,2,10053
35.657363,139.75918,C1-21.汐留ビルディング,10,3,10140
34.670643,135.497483,B-87.レバンガ心斎橋ビル,6,2,3492
35.681012,139.778569,B2-08.共同ビル（茅場町交差点前）,12,2,10067
35.680864,139.779331,B2-07.東京証券会館（北側）,14,2,10066
35.624467,139.781305,H1-27.パレットタウン乗船場,10,4,10121
35.733416,139.614388,T2-92.地区宅便 城西支店,7,9,2684
35.69703,139.779928,A3-18.美倉橋北児童遊園,2,1,10143
35.673923,139.778671,B2-03.男女平等センター（ブーケ21）,4,2,10055
26.173463,127.692172,T-02.豊見城総合公園,4,1,2886
31.91095,131.42907,KUSUNAMIKI EAST BLDG.ポート,2,1,3847
38.282888,140.868982,17.北仙台駅,11,1,18
35.682902,139.736494,A6-09.紀尾井町ビル（北側）,6,1,10125
35.685966,139.736328,A6-07.二番町センタービル,4,1,10043
34.678129,135.460249,J-07.コーナン西九条春日出店,1,2,7921
35.685489,139.734562,A6-08.二番町ガーデン,3,1,10044
35.687624,139.777125,B1-06.伊場仙ビル,2,2,10052
35.484182,139.626632,KG-004.NTT横浜北ビル,8,4,1717
35.638571,139.78829,H1-76.有明物流センター,27,4,10512
38.26024,140.856183,51.地下鉄 国際センター駅,10,1,34
38.2668,140.87552,19.錦町公園,25,1,20
38.25678,140.876098,09.仙台トラストシティ,26,1,8
35.123666,136.887789,510.名鉄協商パーキング六番町駅前,3,1,3460
31.58455,130.5442,K1-02.キャンセビル前,26,1,1531
35.173708,136.873437,363.名鉄協商パーキング亀島2丁目第10(1),8,1,1951
35.131934,136.891409,382.UR日比野,3,1,2214
35.641992,139.701588,J1-07.目黒川船入場,13,12,10690
38.260331,140.884464,16.仙台駅東口,20,1,16
35.662796,139.626795,L1-18.上北沢1丁目,30,17,2268
38.264085,140.868473,05.元鍛冶丁公園,5,1,6
38.25561,140.881591,12.JR仙台病院前,24,1,11
35.62974,139.778178,C5-36.お台場海浜公園駅,17,3,10100
35.66616,139.70458,M4-13.J-cube,3,8,629
34.653984,135.489938,E-40.ヴァーミリオン,10,2,1645
34.67934,135.47593,D-24.エステムコート大阪WEST2,22,2,1806
34.706471,135.491397,A-17.クレイドル梅田,11,2,1660
35.691058,139.777915,B1-01.十思公園,7,2,10047
35.61813,139.778698,H1-11.テレコムセンター駅,32,4,10102
38.261325,140.867192,06.宮城ﾄﾖﾀ自動車MTG仙台広瀬通,6,1,4
38.268439,140.869813,02.仙台市役所,21,1,3
35.584086,139.67898,K1-99.東原くすのき公園,6,7,198
35.463559,139.531871,【A-015】相模鉄道 二俣川駅北口タクシー乗り場前,4,3,2230
38.257715,140.879456,11.ホテルセントラル仙台,6,1,10
38.250861,140.881081,50.地下鉄 五橋駅,7,1,33
38.264941,140.863193,20.トークネットホール仙台,6,1,21
31.58491,130.5533,K1-27.加治屋まちの杜公園,12,1,1558
38.257511,140.857873,27.博物館・国際センター前,2,1,27
35.17366,136.873075,364.名鉄協商パーキング亀島2丁目第10(2),1,1,1952
38.27786,140.867709,18.仙台合同庁舎,4,1,19
38.25508,140.87306,33.東北大学片平キャンパス,7,1,40
34.837225,134.673353,41.ドコモショップ姫路西店,9,1,3783
35.642047,139.82548,H1-235.三井リンクラボ新木場3,10,4,3788
35.012521,135.763979,KT059-Vine Oak Chrysanthemum,2,1,2325
35.652376,139.797724,H1-35.ヒューリック豊洲プライムスクエア,29,4,10174
35.156892,136.940616,399.グランベール安田通(1),6,1,2422
35.64704,139.80469,H1-17.東雲水辺公園,1,4,10108
35.703735,139.770629,A3-11.練成公園,7,1,10022
35.65838,139.59231,L1-16.上祖師谷7丁目,14,17,2253
35.16695,136.887752,508.名鉄協商パーキング名駅南第25,5,1,3400
35.667107,139.739565,C2-01.アークヒルズ（アーク森ビル）,27,3,10080
35.17541,136.888024,339.フォルクランド那古野,3,1,1852
31.94072,131.42185,矢の先町交差点ポート,3,1,3851
34.610992,135.512694,S-04.長居駅,10,2,1805
35.655367,139.738075,C2-26.一の橋公園,3,3,1721
35.700772,139.66063,O5-09.AppCruise中野,1,14,2255
31.579809,130.553511,K1-28.キラメキテラス,7,1,2335
35.696942,139.767302,A3-07.淡路公園,5,1,10035
35.197317,136.912909,436.MO-YA-CO UNIQUE PRODUCT!,2,1,2926
35.646041,139.804495,H1-21.UR東雲キャナルコート,1,4,10112
35.700568,139.76013,A2-08.KDX御茶ノ水ビル,11,1,10034
38.268989,140.867592,54.ローソン仙台二日町中央店,4,1,37
35.687031,139.739327,A6-02.いきいきプラザ一番町（西側駐輪場）,6,1,10027
35.701978,139.7698,A3-10.芳林公園（北側）,13,1,10021
35.727519,139.742815,E4-11.プライマル千石,11,6,10536
35.494272,139.508391,【A-020】宮ノ下バス停前,6,3,2706
34.678667,135.548378,H-04.東成スポーツセンター,5,1,2960
34.689131,135.505497,B-12.ファミリーマート伏見町二丁目店,14,2,7839
31.93353,131.41639,県総合文化公園西ポート,7,1,3848
34.352484,132.455588,005.広島港宇品旅客ターミナル,15,1,3204
35.654067,139.792376,H1-13.アーバンドック ららぽーと豊洲,17,4,10104
34.682912,135.171958,24.楠宿舎ポート,5,1,3164
35.653603,139.80144,H1-19.UR豊洲四丁目団地,20,4,10110
35.662197,139.782719,B4-02.月島特別出張所,5,2,10046
35.626388,139.772453,C5-37.台場駅,22,3,10106
35.701073,139.747525,A1-03.東京区政会館（メトロA5出口）,12,1,10003
35.594795,139.704951,K1-44.中馬込貝塚公園,7,7,10520
34.619478,135.515052,Q-04.西田辺町1-14-15,10,2,1220
35.698591,139.755113,A2-02.西神田公園（北側）,8,1,10009
34.65348,135.49518,E-51.エステムコート難波サウスプレイス4パークグレイス,6,2,3343
35.573926,139.720468,K1-171.南部駐車場,4,7,3557
35.666357,139.73923,C2-03.アークヒルズサウスタワー,32,3,10081
35.640736,139.804331,H1-03.東雲駅,22,4,10094
35.662051,139.748132,C1-09.愛宕グリーンヒルズ,40,3,10077
35.710958,139.731165,E2-02.江戸川公園,18,6,10235
35.699273,139.842912,H1-213.亀戸九丁目住宅,22,4,2962
35.630185,139.786618,H1-06.武蔵野大学,14,4,10097
35.628955,139.750731,C5-02.港南緑水公園,2,3,10079
34.405043,132.464869,014.NTTクレド白島ビル,8,1,3213
35.70111,139.772855,A3-12.秋葉原UDX北側駐輪場前,21,1,10032
35.167655,136.962055,550.愛知学院大学 楠元キャンパス,15,1,3888
35.018417,135.726154,KT072-西ノ京壺ノ内町,2,1,2353
34.668872,135.483721,E-41.プラスパークス幸町第1,15,2,2946
34.4055,132.45748,080.マルナカ白島店,13,1,3243
34.999267,135.760514,KT060-Vine Oak Thirteen,3,1,2326
35.529519,139.704845,Z17.NTT川崎ビル,8,11,10774
34.632834,135.555659,U-03.加美正覚寺１丁目,2,1,1817
34.698411,135.524554,G-08.ローソン都島中野町一丁目店,6,2,7960
34.658772,135.518323,F-03.NTT西日本天王寺ビル,4,1,7869
35.185507,136.885887,490.押切1丁目,2,1,3144
35.651833,139.79962,H1-193.ライフ豊洲店,14,4,1838
31.89663,131.42923,お菓子の日進堂ポート,2,1,3857
34.644502,135.519797,Q-01.コーナン天王寺店,18,2,7922
34.974081,135.764166,KT305-忍者侍,6,1,3109
34.693463,135.783832,10.近鉄大和西大寺駅北口駅前広場,13,1,1797
35.59336,139.715879,K1-149.トヨタモビリティ東京 大田店,6,7,1995
31.56769,130.558,K1-23.鹿児島大学　下荒田キャンパス,3,1,1554
31.89839,131.41919,宮銀大淀支店ポート,3,1,3853
34.702842,135.49422,A-28.大阪駅,11,2,1217
35.703747,139.786556,F1-06.ミルーナヒルズ蔵前グロース,5,18,3030
31.92089,131.42753,錦通り西ポート,5,1,3854
35.716586,139.727705,E2-10.音羽パークロード（北入口）,10,6,10526
34.697958,135.494273,A-70.AXビルディング,5,2,2811
34.9897,135.769504,KT307-メゾン・ド・エヌ,5,1,3139
34.654021,135.476888,P-02.阪神ゴルフセンター大正店,7,2,7928
35.194539,136.885717,413.名鉄協商パーキング児玉2丁目第3,0,1,2688
34.65092,135.5239,F-23.エスリード天王寺ブランシェ,3,2,3073
34.35234,132.45974,141.ローソン広島元宇品店,9,1,1781
34.707713,135.49835,A-32.アーバンテラス茶屋町,10,1,7727
34.64347,135.491102,I-04.ファミリーマート旭二丁目店,4,2,7991
35.647831,139.739048,C1-82.トヨタモビリティ東京 港三田店,4,3,1996
35.710381,139.732137,E2-01.江戸川橋Ｂ自転車駐車場,76,6,10234
34.708805,135.515981,A-34.イズミヤ天六樋之口店,24,2,7967
35.129078,136.931915,332.ファミリーマート瑞穂本願寺二丁目店,3,1,1821
34.697527,135.21303,25.防災合同庁舎ポート,9,1,3321
34.703242,135.523244,G-01.海老田モータープール,3,2,7850
34.639616,135.501178,I-17.民泊かんさい,2,1,2358
35.393891,132.867971,I03.荘原駅,2,1,3198
35.284568,132.629317,I04.小田駅,3,1,3199
34.677831,135.443261,J-18.ファミリーマート島屋一丁目店,11,2,297
35.175348,136.849327,333.ファミリーマート中村東宿町店,9,1,1822
35.714338,139.746346,E1-16.小石川3丁目緑地,20,6,10784
34.622165,135.531633,R-34.駒川中野駅駐輪場,10,1,1323
35.166342,136.957039,477.愛知学院大学歯学部附属病院,9,1,3117
31.91619,131.44056,吉村町孫堀ポート,5,1,3852
34.656205,135.501841,E-01.ボンホステル,19,1,7816
34.678963,135.512412,B-66.＆AND HOSTEL SHINSAIBASHI,6,2,1872
34.68215,135.49211,D-20.コーナン西本町店,14,2,7949
31.79025,131.4775,白浜キャンプ場ポート,6,1,3846
34.657827,135.498086,E-04.ファミリーマート浪速敷津東店,2,2,7834
35.524976,139.697495,Z23.NA川崎南町,0,11,1583
35.636269,139.709073,J1-34.田道広場公園,8,12,11032
34.650606,135.472614,P-03.UR 千島,13,1,7771
34.616758,135.525257,R-28.南田辺住宅,10,1,617
36.055099,136.213385,06.福井商工会議所,6,1,1417
31.591425,130.546895,K1-30.平田公園前,8,1,3588
35.437421,139.633259,155.千歳公園,10,4,1959
34.66347,135.454534,O-04.NTT西日本港ビル,8,1,7805
34.654463,135.478977,P-19.SHINTORA大阪支店前,5,2,3932
35.645726,139.784496,H1-155.メブクス豊洲,23,4,435
35.491065,139.537793,【A-017】上白根コミュニティハウス,4,3,2235
34.688687,135.199261,21.神戸サンボ―ホール前,4,1,2171
34.70544,135.55472,L-09.古市1丁目13番2,10,2,1771
31.89241,131.41544,ラーメンきむら大淀店ポート,4,1,3855
35.540589,139.752918,Z20.川崎キングスカイフロント 東急 REI ホテル,16,11,10858
35.71634,139.672198,N3-22.新井薬師北自転車駐輪場,4,13,3706
34.705475,135.504039,A-04.イビスバジェット大阪梅田,20,2,7828
34.39775,132.47377,039.広島JPビルディング,10,1,3241
35.152157,136.916643,465.ファミリーマート昭和鶴舞二丁目店,3,1,2930
34.652031,135.53388,N-14.はたけもり,4,1,136
33.24371,131.59697,18.大分みらい信用金庫 ATMコーナー 春日出張所,3,1,85018
35.4203,139.51777,【I-027】西が岡三丁目公園前遊歩道,4,3,3736
35.304307,132.645922,I05.GARB CLIFF TERRACE Izumo,3,1,3312
35.438123,139.62208,154.富士見川公園,6,4,1958
35.63403,139.784319,H1-70.有明スポーツセンター,25,4,10434
36.070834,136.233104,19.えちぜん鉄道 福井口駅,4,1,2695
35.685385,139.790221,B1-30.菱和パレス日本橋浜町,1,2,3373
35.692927,139.686633,D6-33.パークタワー西新宿,6,5,3790
34.73628,135.49996,K-02.クリスタルグランツ新大阪,11,2,1807
35.175242,136.985238,331.ドコモショップ名東平和が丘店,1,1,1940
31.88418,131.40518,宮崎産業経営大学ポート,8,1,3858
34.687074,135.505204,B-46.UR 船場淡路町,5,1,7770
34.710384,135.49789,A-08.NTT西日本豊崎ビル,7,1,7868
34.616164,135.533139,R-29.針中野駅,5,1,619
35.697521,139.813216,G5-06.錦糸町駅北口地下自転車駐車場,0,15,2815
34.689073,135.498288,B-26.GSパーク銀泉本社前駐車場,11,2,7895
35.132194,136.892812,428.日比野駅高架下ステーション,23,1,2785
34.639725,135.538927,R-03.ローソン東住吉東部市場前店,5,2,7798
35.61847,139.70019,J1-47.本町みなみ街かど公園,18,12,613
34.457,135.46198,ヤマザキ・メゾン・ド・ファム,9,1,2172
35.72617,139.803075,F3-04.デラモット浅草エスト,9,18,2437
34.65823,135.506622,E-23.ジョーシン日本橋店,6,2,1456
35.540579,139.754506,K1-121.東京広域ポート（川崎LiSE）,13,7,643
35.62926,139.757314,C5-57.FORECAST品川LABO,19,3,3786
34.683173,135.466501,J-02.nedoco OSAKA WEST,1,1,7825
34.615485,135.520256,R-24.山坂団地,5,1,462
34.39436,132.45595,048.広島県民文化センター,22,1,3245
35.129276,136.881149,458.KEIZ中川運河店,9,1,2910
36.58359,136.635317,64.ローソン金沢駅西本町店,10,1,89065
34.658636,135.533901,N-01.ドコモショップ桃谷店,12,2,7843
35.47697,139.545265,【A-018】鶴ヶ峰交差点付近,4,3,2705
35.165468,136.957535,427.名鉄協商パーキング末盛通第2,4,1,2800
35.581347,139.662265,K1-122.東急新丸子駅駐輪場,6,7,644
35.059563,134.000785,005.アルネ津山　北側駐輪場,7,1,2396
35.525854,139.717848,Z24.総合川崎臨港病院,2,11,2196
34.457375,135.452679,クレスト,11,1,2173
38.262756,140.854986,26.宮城県美術館,0,1,26
35.7547,139.601497,T2-85.泉新公園,4,9,2174
35.666075,139.748008,C1-50.NTT虎ノ門ビル,29,3,10671
34.69292,135.806377,05.海龍王寺駐輪場,2,1,75006
35.436872,139.623198,159.阪東橋公園,8,4,1963
34.669815,135.498586,B-16.グランドサウナ心斎橋,4,2,543
35.193044,136.924533,555.EsTRUTH Plus NORTH-NAGOYA,3,1,3892
34.710672,135.57483,M-04.鶴見緑地　いのちの塔前,6,1,7783
34.668422,135.502207,B-85.道頓堀法善寺ビル,13,2,3367
35.571478,139.702779,K1-46.池上駅前自転車駐車場,12,7,10533
24.33925,124.158657,I-02.八重山郵便局,8,1,3166
38.269996,140.871194,146.デュオヒルズ上杉勾当台公園,10,1,2738
35.14697,136.890978,407.JR尾頭橋駅,4,1,2577
35.720261,139.792374,F4-03.ルクシェール浅草,5,18,2586
34.637709,135.554884,U-01.大阪シティ信用金庫 加美北支店,5,2,7977
34.671131,135.529037,F-15.真田山公園,9,1,1467
35.69217,139.84357,H1-221.宇井ビル,4,4,3375
35.68765,139.79622,H1-222.遠萬ビル,5,4,3374
34.397138,132.44087,071.ファミリーマート広島天満町店,3,1,3267
34.700345,135.526614,G-19.たから荘,7,2,1318
43.067753,141.32706,68.エアリービル,24,1,3168
34.652647,135.453982,O-12.ファミリーマート福崎店,4,2,2436
31.8986,131.41838,中村東①駐輪場ポート,1,1,3860
34.712445,135.508751,A-05.ファミリーマート天六本庄東店,4,2,7832
35.745607,139.573947,T2-87.南大泉四丁目児童遊園,4,9,2175
34.713434,135.502264,A-44.プラウドタワー梅田豊崎,4,2,1517
34.66078,135.49151,E-43.エステムコート難波5ブロード,11,2,3056
34.628048,135.52579,R-31.地下鉄田辺駅,17,2,661
34.642003,135.489712,I-05.ファミリーマート西成松店,12,2,7992
31.90158,131.41879,中村西②駐輪場ポート,5,1,3862
34.691593,135.484,C-15.JCHO大阪病院,19,1,778
34.608789,135.511157,S-03.サイカパーク長居公園通り前,24,2,1198
35.594501,139.701404,K1-157.稲荷坂児童公園,3,7,2828
34.668307,135.463334,O-08.ファミリーマート弁天町駅前店,1,2,261
34.985783,135.768498,KT083-鳥居屋,7,1,2377
35.746956,139.600798,T2-86.石神井町八丁目緑地,3,9,2176
35.7211,139.574669,T2-71.わかば児童公園,6,9,1732
35.755106,139.621675,T1-02.ホテルカデンツァ東京,19,9,10359
31.80219,131.46879,青島屋ポート,6,1,3863
34.709654,135.516038,A-15.ローソン国分寺一丁目東店,7,2,7907
34.68421,135.806154,08.奈良センタービル,11,1,75009
35.190288,136.936239,540.名鉄協商パーキング大曽根駅前,0,1,3590
35.165978,136.940315,491.メイクス今池プライム,0,1,3170
34.686564,135.448824,J-12.UR伝法団地,7,2,262
34.686564,135.448824,J-12.UR伝法団地,7,2,262
35.66291,139.782564,B4-06.月島駅地下駐輪場,11,2,10157
34.73777,135.50156,K-03.宮原一丁目16番42,8,2,1850
35.147757,136.850329,411.ウッディ調剤薬局,2,1,2580
35.670308,139.743242,C3-17.セブン-イレブン 港区溜池山王店,53,3,10375
34.684771,135.442462,J-20.ファミリーマート酉島二丁目店,9,2,322
35.129997,136.909941,408.JR熱田駅,5,1,2578
35.418202,139.523156,【I-022】領家三丁目交差点,5,3,3700
34.682882,135.437997,J-16.ファミリーマート此花酉島店,3,2,295
35.742755,139.568335,T2-89.南大泉三丁目児童遊園,3,9,2178
35.663681,139.785651,B4-21.月島駅前第一駐輪場,22,2,10978
34.626514,135.53111,R-26.今川駅,3,1,523
35.175191,136.915203,429.TENAS泉,3,1,2764
35.668945,139.806387,H1-211.フェイストーキョー,2,4,2897
35.663579,139.687435,M5-20.富ヶ谷214,17,8,2868
35.68591,139.68483,D6-32.AXAS初台,14,5,3709
33.23512,131.61123,109.コンパルホール,4,1,2974
35.57761,139.70014,K1-153.アロー池上店,9,7,2583
34.66314,135.48131,P-17.エステージ難波WEST,7,2,3074
31.78608,131.48756,青島サンクマールポート,1,1,3866
37.910489,139.060105,41.花園１丁目駐輪場,21,1,3095
35.047758,135.748632,KT101-新大宮広場,6,1,2410
35.573902,139.720631,K1-172.南部中央ハイツ,4,7,3558
34.645844,135.558842,N-18.巽東緑地,5,1,1462
34.677927,135.508245,B-48.中央区南船場1丁目14番2号,6,2,7787
31.8415,131.39968,宮崎大学清武キャンパス　正門外来駐車場ポート,5,1,3865
35.522866,139.730191,Z25.ローソン池上新町店,4,11,3890
36.396323,138.249146,U-02.上田駅温泉口,11,1,2723
36.567493,136.65625,32.金沢商工会議所,14,1,89032
35.704188,139.731964,D2-18.AXAS神楽坂Sta.,3,5,3710
35.562324,139.690486,K1-22.矢口特別出張所,6,7,10399
34.645049,135.518819,Q-02.阿倍野区松崎町1（地下鉄天王寺駅）,16,2,7857
35.188897,136.890234,557.名古屋市西区役所,3,1,3917
35.15947,136.889018,537.メイクス名駅南Ⅱ,1,1,3592
33.24572,131.58874,11.さんふらわあ大分港,10,1,85011
34.959051,135.762242,KT093-Ryukoku Student Home光輝,8,1,2388
35.62454,139.71695,I1-127.ARKMARK目黒不動前,1,10,3708
35.488815,139.543207,【A-016】古道カフェ ヱンルゥト 中白根二丁目,3,3,2234
34.984706,135.925625,ST003-JR瀬田駅前 龍谷大学バス停,32,2,2761
35.674468,139.741328,A5-06.APA HOTEL PRIDE 赤坂国会議事堂前,3,1,10758
35.152599,136.90901,536.メイクスデザイン上前津,2,1,3591
34.682591,135.539119,L-05.ローソン森之宮二丁目店,6,2,7717
31.801427,131.467761,青島ゲストハウス風樹ポート,3,1,3923
38.274128,140.87731,154.鈴木アパート,5,1,3451
34.70438,135.51271,A-67.プラ・ディオ天満セレニテ,9,2,2595
34.695109,135.49217,A-80.NTTデータ堂島ビル,13,2,3519
34.67668,135.504287,B-92.クレグラン南船場,4,2,3934
36.067275,136.225669,16.福井県国際交流会館,1,1,2638
35.603422,139.742498,I1-105.ステージ品川,10,10,2581
34.650871,135.475707,P-01.千島ガーデンモール,14,2,7909
34.827294,134.688249,21.駅リンくん姫路店内,3,1,2165
34.683222,135.549928,L-03.ファミリーマート東中浜六丁目店,9,2,224
33.229594,131.617269,09.南蛮BVNGO交流館,6,1,85009
35.750414,139.600011,T2-13.セブン-イレブン 練馬石神井町8丁目店,2,9,10435
34.683136,135.49426,D-01.クリスタルグランツ西本町,5,2,2538
35.555286,139.729097,K1-161.セブン-イレブン大田区西糀谷4丁目店,4,7,2913
35.68268,139.8353,H1-194.セブン-イレブン江東北砂5丁目店,15,4,1844
34.436306,135.447333,ららぽーと和泉駐輪場,13,1,3369
34.621317,135.531171,R-07.ファミリーマート駒川中野店,2,2,7720
34.684043,135.83996,15.奈良公園浮雲園地,4,1,75016
35.060662,134.004654,001.津山観光センター,11,1,2392
35.68509,139.671102,N4-07.南台2丁目,17,13,1874
34.67412,135.47071,_D-34.エステムコートディアシティWEST2,3,2,3443
36.068311,136.21764,17.福井春山合同庁舎,6,1,2639
35.693021,139.740317,A1-20.菱和パレス九段,1,1,2402
34.252503,134.028006,010.ザ・チェルシーブレス,4,1,3657
34.649859,135.452347,O-11.伊藤忠食品 天保山物流センター,4,2,1787
35.483069,139.552811,【A-013】横浜市旭プール,5,3,1930
33.23801,131.6024,93. オアシスひろば21-A,3,1,144
36.566517,136.65187,10.文化ホール,16,1,89010
34.695949,135.483747,C-09.ランドマーク福島 西側,0,2,7730
35.654289,139.75557,C1-80.浜松町262ビル,9,3,1758
34.68587,135.507558,_B-68.船場変電所,5,2,1518
35.476389,139.629294,151.反町公園,15,4,1955
34.3442,132.46309,016.グランドプリンスホテル広島,26,1,3215
35.454733,139.616099,150.戸部公園-2,5,4,1954
35.673486,139.598919,L1-20.シャンブル北烏山,11,17,2582
34.671798,135.476188,D-14.九条南1丁目駐車場,9,2,7889
35.022376,135.961675,【他ポートへの返却不可】03.スマート駅リンくん草津,5,1,691
34.686852,135.543756,L-11.中浜1丁目96番19,8,2,1791
31.80603,131.4611,ANAホリデイ・インリゾート宮崎ポート,7,1,3864
34.662615,135.509674,B-54.ファミリーマート日本橋二丁目東店,4,2,7990
35.643105,139.753039,C5-44.ブランズタワー芝浦,3,3,519
31.81416,131.45097,青島水光苑ポート,5,1,3869
35.172935,136.931712,365.葵3丁目,6,1,2107
34.71487,135.51585,A-68.プラ・ディオ長柄,5,2,2594
31.80724,131.4579,こどものくにポート,7,1,3868
26.52685,127.93063,23.沖縄かりゆしリゾートエグゼス恩納,5,1,2797
34.726589,135.493905,K-12.昭光寺,5,2,2593
34.968352,135.732613,KT392-京都市吉祥院老人デイサービスセンター,10,1,3766
34.682338,135.485672,D-02.地下鉄阿波座駅10番出口,2,2,7932
34.932115,135.749491,KT103-ミヤコテック駐輪場,8,1,2560
35.549465,139.711157,K1-151.PATH仲六郷,10,7,2209
34.6472,135.52811,N-24.株式会社大阪生野地方卸売市場,10,2,2597
34.968888,135.74462,KT108-清和園 鳥羽ホーム,13,1,2419
35.666461,139.717474,C3-04.青南いきいきプラザ,1,3,10129
35.58768,139.734515,I1-88.セブン-イレブン品川南大井3丁目店,1,10,10993
35.001429,135.748859,KT016-Rakuten STAY URBAN京都四条大宮,11,1,2153
34.635219,135.510435,Q-14.Blessed Sun Abeno,5,1,3532
31.79975,131.46737,青島駅東口ポート,2,1,3870
31.79975,131.46737,青島駅東口ポート,2,1,3870
34.625694,135.56282,U-02.大阪シティ信用金庫 平野支店,4,2,415
35.690902,139.796874,G4-21.長尾ビル,4,15,3189
34.33571,134.043695,008.シーバイボニーズ,4,1,3655
34.739313,135.492585,K-11.熊木モータープール,10,2,2537
34.670539,135.535508,H-06.ローソン東小橋二丁目店,3,2,7716
34.696506,135.487265,C-03.ローソン福島五丁目店,5,2,7845
34.641814,135.48567,I-02.ローソン西成松三丁目店,11,2,7793
35.690602,139.766916,A3-47.ホテルヴィラフォンテーヌ東京大手町,22,1,2401
35.61815,139.7308,I1-123.エステムプラザ品川大崎駅前レジデンシャル,6,10,3559
35.641631,139.74671,C5-53.suito芝浦,13,3,2763
35.191204,136.890907,379.浄心南自転車駐車場,0,1,2310
34.72832,135.49456,K-27.エステムコート新大阪5ソレックス,6,2,3440
35.116575,136.901124,524.パルティーレ神宮南,0,1,3566
34.829975,134.691225,02.姫路駅北,12,1,1973
36.557653,136.655177,19.竪町広場,0,1,89019
36.575763,136.637299,56.長田・金沢彩の庭ホテル,0,1,172
34.68472,135.802907,12.ミ・ナーラ,16,1,75013
34.64346,135.49801,I-10.ティアラコートWEST,12,2,2599
34.692186,135.483846,C-08.プリエ福島,1,1,7726
36.06874,136.194816,13.福井工業大学,6,1,1949
35.645254,139.754765,C5-20.ローソン芝浦二丁目店,4,3,10330
31.88615,131.4124,宮崎トヨタ南バイパス店ポート,4,1,3828
31.91976,131.4315,オーパス宮崎店ポート,3,1,3822
35.166924,136.913092,045.名鉄協商パーキング池田公園PB,1,1,87040
35.594544,139.760423,I1-38.ローソン 八潮三丁目店,88,10,10623
35.705311,139.814178,G5-04.コスモ錦糸町,4,15,2589
35.616836,139.674072,J1-60.中根1丁目浜野プランニング,7,12,2643
34.983678,135.762082,KT128-PIECE HOSTEL KYOTO,10,1,2450
34.66619,135.4905,E-47.エステムプラザ難波WEST2プレディア,15,2,3053
35.008748,135.755785,KT106-京都信用金庫 三条支店,6,1,2417
34.651402,135.509859,F-13.天王寺動物園事務所来客用駐車場,10,1,1469
34.712741,135.518496,A-30.UR さざなみプラザ,16,1,7767
35.167823,136.908088,439.栄,11,1,2854
34.971121,135.735551,KT372-アリス鍼灸整骨院,6,1,3676
31.83163,131.41487,宮崎大学木花キャンパス　守衛室ポート,0,1,3871
34.680877,135.529576,B-60.もりのみやキューズモールBASE,5,2,1319
35.718607,139.613731,O1-05.今川一丁目公園,2,14,3938
35.651803,139.749834,C1-83.友愛会館,3,3,2645
34.386583,132.46419,015.フジグラン広島,15,1,3214
35.649507,139.735269,C2-30.セジョリ南麻布,1,3,2790
34.72686,135.49147,K-28.エステムコート新大阪14アイシー,9,2,3441
34.352297,134.04747,003.高松シンボルタワー,10,1,3650
34.659365,135.528196,F-18.ビエラ桃谷,3,1,1762
36.544785,136.654136,47.セブンイレブン金沢泉野町店,2,1,89050
35.657866,139.751068,C1-17.港区役所,6,3,10075
34.808335,134.682511,22.姫路中央病院附属クリニック,16,1,2624
35.689055,139.795204,H1-209.飯塚 新大橋3丁目,2,4,2588
35.647704,139.693671,J1-59.第44興和ビル,3,12,1630
34.831511,134.691442,05.大手前通,3,1,1976
34.68755,135.508662,B-32.ルミノール北浜セレニテ,3,2,7958
34.738383,135.498151,K-09.NLC新御堂ビル,6,1,2309
34.94629,135.762783,KT104-京都信用金庫 北伏見支店,6,1,2414
34.734621,135.502587,K-07.JR新大阪駅東口,3,1,2184
34.71708,135.55043,W-02.プラ・ディオ森小路セレニテ,7,2,2596
34.784525,134.662131,25.姫路港前,18,1,2627
37.9242,139.05958,16.大かま,16,1,951
36.579579,136.646037,41.金沢駅西,15,1,89041
36.577185,136.647628,01.金沢駅(県立音楽堂横）,92,1,89001
35.598674,139.722279,I1-106.J.GRAN Court 品川西大井 WEST,5,10,2584
35.57838,139.70098,K1-154.大田池上病院,3,7,2641
35.752383,139.594855,T2-03.リヴィンオズ大泉店,10,9,10366
31.92126,131.39782,モナコパレス大橋店ポート,3,1,3831
35.124198,136.912221,111.名鉄協商パーキング神宮前駅西PB,3,1,366
35.666001,139.778102,B3-16.明石町区民館,19,2,10952
36.571198,136.662652,05.金沢蓄音器館,2,1,89005
38.259776,140.912832,147.フォースクエアフィットネスジム 仙台萩野町,15,1,2971
34.338004,134.042993,004.高松をNo.1の街にする会,5,1,3651
35.182828,136.890266,381.浅間町南自転車駐車場,2,1,2312
34.841072,134.688617,12.姫路文学館,15,1,1983
34.39929,132.4602,007.広島城,13,1,3206
34.649324,135.488829,I-09.ローソン長橋三丁目店,2,2,7796
35.417216,139.523046,【I-008】相鉄ローゼン 山手台店,4,3,1160
31.96434,131.44014,モナコパレスゴールド店ポート,5,1,3829
31.83169,131.41346,宮崎大学木花キャンパス　バス停ポート,4,1,3872
36.391752,138.235079,U-12.三好町駅,1,1,2725
35.665221,139.754265,C1-84.新虎安田ビル,15,3,2590
35.600672,139.745674,I1-118.ブランズシティ品川勝島,24,10,2914
34.679336,135.505381,B-49.ファミリーマート南久宝寺町二丁目店,10,2,7760
35.165259,136.905987,440.ナディアパーク,20,1,2856
38.256589,140.870435,145.プラウド一番町一丁目,4,1,2563
34.82656,134.698409,07.アクリエひめじ,0,1,1978
34.659465,135.489182,E-22.スプランディッド難波2,1,2,7961
31.90764,131.43422,後田川緑道①ポート,4,1,3845
26.53014,127.93415,21.オリエンタルホテル沖縄リゾート＆スパ,5,1,2792
35.17301,136.895461,377.桜通丸の内ステーション,9,1,2618
34.645998,135.507289,I-25.天王寺山王駐輪場,10,2,3438
35.564161,139.695187,K1-124.矢口2丁目,10,7,652
34.713215,135.546131,L-12.成育5丁目89番、87番7、87番6,15,2,1831
35.697642,139.774867,A3-04.秋葉原公園,12,1,10016
34.674847,135.477895,D-28.City Spire九条2,13,2,1577
34.700004,135.53167,G-03.ファミリーマート東野田四丁目店,11,2,7898
35.643606,139.713099,M2-02.アメリカ橋公園,32,8,10378
35.71171,139.821291,G2-08.墨田区押上SKハイツ,7,15,2682
35.435281,139.543116,【T-019】名瀬下第八公園付近,6,3,2712
35.579488,139.720829,K1-40.大田文化の森,7,7,10508
34.841811,134.696982,09.姫路市立城内図書館,15,1,1980
34.733203,135.48994,K-10.ホリデイ・イン&スイーツ新大阪,4,2,2433
34.677661,135.444021,J-19.ファミリーマート島屋三丁目店,3,2,298
33.27953,131.50654,45.ロイヤルホスト 別府北浜店,3,2,85046
35.712431,139.715418,D3-03.甘泉園公園,3,5,10280
35.603083,139.75229,I1-112.八潮5丁目 4,8,10,2776
26.175565,127.684701,T-08.豊見城郵便局,8,1,2951
35.694532,139.760695,A2-12.神保町三井ビルディング,19,1,10042
33.23196,131.60731,30.大分駅レンタサイクルポート,2,1,85030
35.708596,139.758269,E5-26.本郷4丁目,1,6,10908
35.738257,139.673554,T3-33.江古田駅北公園,1,9,2750
34.690791,135.507664,B-05.EM北浜ビル,15,2,926
37.91801,139.05659,04.万代スクランブル,8,1,3059
35.686521,139.685017,M6-18.セブン-イレブン渋谷本町3丁目店,6,8,2279
34.968199,135.726412,KT242-トヨタカローラ京都吉祥院店,8,1,2653
35.165602,136.963379,479.名鉄協商パーキング本山第8,3,1,3076
35.658135,139.776131,B4-07.勝どき駅地下駐輪場,65,2,10162
35.461531,139.501987,【S-014】まこと幼稚園西門,8,3,2623
35.165242,136.898599,443.科学館,20,1,2863
35.433667,139.657639,166.見晴通交番前,4,4,2336
35.437611,139.663722,169.みなと赤十字病院,17,4,2737
34.721975,135.524841,G-12.UR リバーサイドしろきた,7,1,7764
35.159761,136.898534,448.大須観音,5,1,2860
34.666157,135.479605,P-16.P.ZONE大正駅前第2駐輪場,9,2,2755
35.690311,139.62178,O4-07.ローソン杉並成田西三丁目店,6,14,1813
43.063875,141.348996,47.北海道庁赤れんが庁舎前,10,1,86054
33.24007,131.59961,24.クローバー公園,7,1,85024
35.486451,139.533359,【A-019】今宿東町526地先,9,3,2707
31.92442,131.4249,江平五差路ポート,6,1,3850
35.562418,139.687586,K1-156.下丸子多摩川公園,23,7,2826
34.68376,135.806637,41.ノボテル奈良,14,1,3119
34.599032,135.526116,R-17.東住吉スポーツセンター,10,1,442
34.671151,135.487582,D-35.エステムコート南堀江3CHURA,6,2,3445
31.93131,131.43244,JAみやざき宮崎支店ポート,7,1,3840
34.66045,135.50637,E-44.エステムコート難波3ラグース,5,2,3057
35.629284,139.690878,J1-62.目黒区中央町１丁目,14,12,2745
35.617422,139.664456,J1-28.宮前公園,2,12,10889
31.92971,131.41155,ＵＭＫテレビ宮崎南側ポート,4,1,3811
35.011803,135.77784,KT149-a-un(お宿),5,1,2472
34.657623,135.471504,P-18.中三マンション,6,2,3444
35.604708,139.754295,I1-109.八潮5丁目 1,4,10,2773
35.127352,136.92436,372.iiNE MARSHE,5,1,2765
34.669561,135.460386,O-01.コーナン弁天町店,8,2,7925
35.052506,135.7925,KT145-京都トヨタ修学院店,9,1,2467
34.399696,132.466332,025.広島県立美術館,12,1,3225
36.051868,136.184979,【臨時】福井運動公園,5,1,2842
35.458287,139.609236,178.ベイサイド8227,2,4,3353
34.666552,135.488247,E-10.ローソン桜川二丁目店,11,2,985
36.581424,136.632034,65.ローソン金沢若宮町店,1,1,89066
34.676478,135.517784,B-76.Metrosa谷町六丁目North,1,2,2876
36.585894,136.66839,66.ローソン金沢神宮寺二丁目店,1,1,89067
34.67406,135.47061,_D-33.エステムコートディアシティWEST1,2,2,3442
35.021139,135.787745,KT161-くろ谷金戒光明寺北側駐車場,9,1,2490
35.459262,139.562568,【A-023】市沢橋下,4,3,2710
34.40897,132.45161,150.広島銀行横川支店,3,1,3364
34.834568,134.69217,11.姫路城前,19,1,1982
34.832229,134.700558,13.姫路商工会議所,22,1,1984
34.665778,135.473745,P-15.S-FORT大正リヴィエール,5,2,2754
34.718552,135.523703,G-13.UR リバーサイドともぶち第二,0,1,7765
26.168281,127.696643,T-03.豊見城団地 改良住宅,3,1,2887
43.071527,141.331,49.ローソン札幌桑園店,9,1,170
35.175421,137.012216,534.名鉄協商パーキング本郷駅前,6,1,3675
31.915,131.42309,橘通東①ポート,0,1,3819
35.659829,139.793243,H1-81.豊洲IHIビル（北側）,20,4,10558
35.173852,136.99077,462.名鉄協商パーキングよもぎ台3丁目,0,1,2973
35.69942,139.673964,N3-18.藤和シティコープ新中野3,5,13,1169
33.24411,131.60234,31.大分銀行 勢家支店跡地,2,1,85031
35.668757,139.790156,H1-96.越中島公園,10,4,10704
33.22699,131.63528,70.豊和銀行 下郡支店,5,1,85077
36.565477,136.663783,34.兼六駐車場,25,1,89034
35.164596,136.916773,425.メイクス矢場町,1,1,2879
35.001139,135.749175,KT055-ロカリタ四条大宮店,2,1,2286
35.204584,136.930746,466.グラシア上飯田,3,1,2948
35.707753,139.831553,G4-17.立花4-23-4,6,15,2791
35.142625,136.90288,454.COLLECT MARK 金山(1),1,1,2906
34.390845,132.463314,012.東新天地駐輪場,18,1,3211
35.154128,136.912013,426.メイクス鶴舞Ⅱ,3,1,2880
35.652913,139.644825,L1-10.宮坂2-4-10,12,17,1672
33.25895,131.53424,108.高崎山おさる館前,8,1,2736
34.71651,135.4757,K-17.エグゼ大阪NORTH GATE1,5,2,2901
34.644274,135.549644,N-08.ローソン巽中四丁目店,7,2,7795
34.996875,135.758817,KT177-平井旗株式会社 アクションホール,4,1,2520
35.600081,139.728193,I1-72.セブン-イレブン大井店,18,10,10893
35.142251,136.903377,455.COLLECT MARK 金山(2),4,1,2907
35.128727,136.908447,190.名鉄協商パーキング熱田神宮北,3,1,891
35.154374,136.916765,452.鶴舞公園西ステーション,12,1,2905
26.52576,127.9303,22.沖縄かりゆしビーチリゾート・オーシャンスパ,10,1,2796
35.73166,139.748625,E4-03.昭和小学校北側（不忍通り）,30,6,10250
35.169448,136.896735,280.名古屋インターシティ,17,1,1428
36.569846,136.653221,30.松ケ枝緑地,13,1,89030
35.636644,139.751798,C5-34.五色橋ビル,7,3,10920
35.667677,139.823552,H1-176.Nodex東陽町,14,4,1309
35.698507,139.806219,G4-19.レガスタ錦糸町,4,15,2899
33.24615,131.60678,32.D-plaza,8,1,85032
35.718881,139.824909,G1-03.プロスタイルウェルス押上ノースアイル,4,15,2870
35.654958,139.795718,H1-51.豊洲交通広場　東,50,4,10276
31.89892,131.4001,宮崎市福祉文化公園ポート,7,1,3859
34.799564,134.677428,26.飾磨市民センター,0,1,3062
34.389259,132.461848,044.ローソン広島三川町店,15,1,3240
35.65072,139.75469,C1-87.エステムプラザ芝公園2,4,3,3561
34.974424,135.715178,KT371-スカイラーク桂,7,1,3674
35.638498,139.785175,H1-224.ライブドアアーバンスポーツパーク西,9,4,3401
34.726016,135.50304,K-16.西中島3丁目364番2,7,1,2836
35.021227,135.758575,KT163-安達くみひも館,8,1,2497
31.91326,131.43015,大原簿記公務員専門学校ポート,4,1,3835
35.683448,139.728425,D1-04.四谷見附公園,15,5,10181
35.675843,139.763329,A4-03.東京国際フォーラム（メトロD5出口）,6,1,10024
35.667069,139.713423,C3-35.ワールド北青山ビル,16,3,1525
35.693029,139.711327,D6-11.ホテルリステル新宿,2,5,10201
35.657477,139.796629,H1-16.豊洲三丁目公園,53,4,10107
26.53204,127.93028,24.KARIYUSHIリゾート on The Beach,5,1,2798
35.586665,139.728134,K1-167.Luz大森2,2,7,3563
35.699132,139.74462,A1-08.飯田橋サクラテラス（早稲田通り）,25,1,10036
36.563918,136.65685,16.しいのき迎賓館・玉泉院丸庭園,11,1,89016
34.636735,135.509684,Q-11.清風情報工科学院,8,2,2262
35.656565,139.775073,B4-11.ダンスキューブ勝どき,14,2,10339
35.660659,139.756358,C1-85.富士ソフト汐留ビル,6,3,2746
35.456143,139.634437,030.クイーンズパーク,29,4,2025
31.9386,131.43021,宮崎神宮駅前ポート,3,1,3820
35.89534,136.19881,越前たけふ駅,15,2,2678
36.402258,138.248609,U-04.上田市役所,2,1,2724
38.240771,140.891571,148.しまかげビル,12,1,2981
35.010612,135.741602,KT381-JR二条駅(西口),17,1,3750
35.661158,139.728533,C2-02.六本木ヒルズ,27,3,10082
34.687091,135.485107,A-18.中之島センタービル南側,18,2,7918
35.708238,139.815286,G2-14.ノースリバースカイ,4,15,3480
35.064392,135.785563,KT181-地下鉄国際会館駅前,10,1,2525
34.71662,135.47565,K-18.エグゼ大阪NORTH GATE2,2,2,2902
36.552686,136.621474,38.西金沢駅東口,11,1,89038
38.252584,140.866625,25.瑞鳳殿,1,1,25
35.462635,139.532381,【A-004】ジョイナステラス二俣川,18,3,830
35.63851,139.823534,H1-153.三井リンクラボ新木場1,17,4,206
36.566031,136.654564,11.尾山神社前,22,1,89011
34.66146,135.55685,N-26.グランマーレ小路駅前1,8,2,2921
35.65083,139.7547,C1-86.エステムプラザ芝公園1,1,3,3560
35.022526,135.758826,KT164-護王神社,8,1,2499
34.71319,135.50104,A-77.エステムコート梅田・茶屋町3ネクスタ,8,2,3154
35.706182,139.723394,D3-04.鶴巻南公園,9,5,10281
34.38902,132.46323,134.スマイルホテル広島,7,1,1634
36.49249,138.15289,C-02.戸倉駅駐輪場,5,2,818
35.573137,139.733012,K1-186.コスモリード大森西,10,7,3939
35.458145,139.633418,177.みなとみらいセンタービル,4,4,3129
35.140763,136.924932,457.名鉄協商パーキング滝子第5,4,1,2882
35.158753,136.905883,449.上前津,1,1,2858
35.640311,139.788022,H1-225.ライブドアアーバンスポーツパーク東,6,4,3402
35.563092,139.693548,K1-16.ファミリーマート 矢口二丁目店,6,7,10334
35.555702,139.740802,K1-105.東糀谷二丁目児童公園,4,7,234
35.17035,136.927398,468.名鉄協商パーキング葵3丁目第9,1,1,2972
35.67942,139.77004,B2-21.八重洲二丁目北地区広場,21,2,1750
34.396708,132.469937,106.Hotel FLEX,2,1,3306
35.72738,139.799512,F3-07.日本堤1丁目駐輪場,3,18,2995
35.172204,137.049516,198.イオンモール長久手,4,1,965
35.182148,136.95882,368.テルッツォ赤坂,3,1,2187
34.700956,135.474961,C-22.ファミリーマート福島海老江店,5,2,3068
35.683332,139.608235,O6-02.富士見ヶ丘南自転車駐車場,5,14,602
34.813557,134.692049,32.ローソン姫路南条北店,19,1,3107
43.059313,141.326856,17.札幌開発建設部,29,1,86018
35.6866,139.70014,M5-17.小田急サザンタワー,8,8,461
35.164868,136.91851,504.メイクス新栄,3,1,3385
43.072333,141.356205,46.りんゆう観光,12,1,86052
34.37655,132.43734,135.マックスバリュエクスプレス舟入南店,11,1,1687
35.707552,139.727834,D3-18.ヴォーガコルテ早稲田弐番館,4,5,2996
35.745925,139.625016,T2-94.石神井川（富士見台4-21）,3,9,2965
35.725773,139.790372,F4-04.クレイシア入谷竜泉,4,18,3031
35.745172,139.620758,T2-95.石神井川（富士見台4-45）,6,9,2966
35.600707,139.703216,K1-43.北馬込わくわく公園,0,7,10511
35.545459,139.719489,K1-64.多摩川グリーンスクエア,10,7,10676
35.684641,139.844243,H1-77.ライフ東砂店,12,4,10535
34.725036,135.560752,W-03.GSパーク旭区清水三丁目,9,2,3019
35.561499,139.71123,K1-82.西蒲田公園（駐輪場入口横）,13,7,10930
35.05886,134.03129,009.東津山駅前,6,1,3122
35.724286,139.730954,E3-03.大塚公園,20,6,10241
34.66467,135.46433,O-20.エスリード弁天町クレール,7,2,3643
35.14446,136.957561,478.名鉄協商パーキング杁中第3,0,1,3127
34.40382,132.46223,146.広島県国民健康保険団体連合会,9,1,2970
35.618661,139.71857,I1-122.エルフォルテ 五反田,3,10,3359
34.472744,135.451913,池田下町スーパーコスモ横,7,1,2949
34.653361,135.542291,N-09.ローソン生野田島一丁目店,21,2,7835
37.905802,139.06448,43.南笹口１丁目,7,1,3098
35.679067,139.834364,H1-220.モノボックス北砂,3,4,3403
34.984249,135.749072,KT183-Super-pouvoir★KYOTO,8,1,2529
34.66631,135.46434,O-16.エスリード弁天町パークプレイス,5,2,3130
34.661589,135.454445,O-06.大阪シティ信用金庫 港支店,11,2,7971
36.581056,136.656564,48.セブンイレブン金沢京町店,6,1,89051
35.173078,136.88817,464.第2名古屋三交ビル,6,1,2954
35.461693,139.512063,【A-006】NTT希望ヶ丘ビル,5,3,866
35.565685,139.736195,K1-115.旧呑川緑地（大森中三丁目）,9,7,302
35.650627,139.687228,J1-51.池尻大橋駅東口駐輪場,3,12,669
34.66836,135.48296,E-48.エステムコート難波6エント,3,2,3158
34.4549,135.44555,【バッテリー交換可】和泉中央Shopモール,11,1,2201
35.407575,139.526065,【T-023】goodroom residence 戸塚,12,3,3875
36.588257,136.632698,54.ファミリーマート金沢中央市場店,3,1,89056
34.641604,135.470117,P-05.大阪シティ信用金庫 恩加島支店,7,2,7976
34.662739,135.499107,E-29.エディオンアリーナ大阪,3,2,1661
31.59699,130.5623,K1-17.桜島桟橋,9,1,1548
35.605617,139.73472,I1-03.大井町駅中央口（西側）,39,10,10416
37.909074,139.063347,42.新潟駅南口交差点,5,1,3097
35.433927,139.48291,【I-006】上飯田地区センター,7,3,993
35.7143,139.75133,E1-13.エルアージュ小石川,3,6,10497
35.654726,139.737491,C2-11.一の橋,30,3,10219
35.145473,136.919281,486.名鉄協商パーキング村雲町,1,1,3128
35.606728,139.69351,K1-163.大田区北千束2丁目,30,7,3048
34.669159,135.473595,D-22.フォレオ大阪ドームシティ,9,2,7734
35.70223,139.82654,H1-216.EC KAMEIDO TOKYO EAST3,2,4,3018
35.70223,139.82654,H1-216.EC KAMEIDO TOKYO EAST3,2,4,3018
34.836093,134.701638,33.ローソン姫路五軒邸店,15,1,3108
35.563415,139.735293,K1-162.セブン-イレブン 大田区北糀谷1丁目店,4,7,2991
35.661158,139.740036,C2-32.麻布台ヒルズ,11,3,3029
35.446166,139.500633,【S-002】薬クリエイト瀬谷南阿久和店,6,3,1210
34.693733,135.466509,C-04.パーキング八坂,9,2,7877
26.431787,127.75816,O-9.ベストウェスタン沖縄恩納ビーチ,6,1,3434
34.67725,135.51215,B-88.エステムコート心斎橋EAST3エクシード,4,2,3521
35.605146,139.734694,I1-04.大井町歩道橋,10,10,10417
36.573362,136.647113,51.セブンイレブン金沢芳斉2丁目店,6,1,89054
35.173355,136.910131,268.アーバンネット名古屋ビル,12,1,1377
35.618357,139.626191,L1-06.NTT瀬田ビル,8,17,1668
35.183092,136.914367,484.名鉄協商パーキング清水口第3,6,1,3126
34.627049,135.511217,Q-06.UR サンヴァリエあべの阪南,16,1,7773
38.270858,140.855465,149.スパイスキング仙台八幡店,0,1,2982
35.70207,139.82654,H1-214.EC KAMEIDO TOKYO EAST1,1,4,2997
35.18931,136.934705,489.コインランドリー乾ちゃん,3,1,3143
34.683282,135.515973,B-83.パナシアビル,4,2,3157
34.687294,135.484693,A-27.中之島センタービル北側,10,2,7750
26.63883,142.15968,母島沖港,5,1,3087
34.66742,135.46804,O-15.クリスタルグランツBAYフロンティア,12,2,3153
35.543327,139.703223,K1-152.アットホームスクエア前,12,7,2239
35.6431,139.618534,L1-26.千蔵,0,17,3051
34.996849,135.728107,KT011-イオンモール京都五条(南東側),30,1,2136
34.668551,135.490976,E-49.セイコーパーキング前,11,2,3131
35.160191,136.985787,282.星が丘テラスEAST,3,1,1474
35.148896,136.884327,230. CreCer(クレセール),5,1,1226
35.155749,136.894389,430.重工大須病院(北側),14,1,3061
34.700612,135.515203,A-16.ドーミー大阪天満,5,2,7911
34.605004,135.520035,S-01.UR サンヴァリエ東長居,16,1,7775
34.618983,135.509607,Q-07.UR サンヴァリエ西田辺,15,1,7774
35.677175,139.676769,M6-01.幡ヶ谷駅高架下第一,34,8,10393
34.39834,132.44387,148.NTT西日本十日市ビル,1,1,3114
35.594515,139.691219,K1-103.雪谷特別出張所,5,7,232
35.585178,139.726339,K1-76.グリーンベルト,0,7,10849
34.96914,135.768842,KT028-京阪伏見稲荷駅西,30,1,2134
35.700486,139.774254,A3-13.富士ソフトビル（駐車場入口横）,20,1,10037
35.701454,139.650518,O5-05.モンテ・ベルテ,2,14,871
35.744891,139.631352,T3-37.石神井川（貫井5-25）,6,9,2964
37.903683,139.05683,44.米山5丁目NIPPO前,6,1,3099
34.633599,135.512426,Q-08.大阪シティ信用金庫 阿倍野支店,5,2,7973
35.69562,139.79206,G4-02.両国ビューホテル2,6,15,917
35.657526,139.704367,M3-06.渋谷第一生命ビル,2,8,10492
35.198472,136.890801,472.MIYUKI MALL,5,1,3123
34.38491,132.4308,149.セブン-イレブン広島南観音2丁目店,14,1,3152
34.38074,132.47201,110.NTT西日本比治山ビル,25,1,3137
34.72866,135.50559,V-07.エステムコート新大阪9グランブライト2,4,2,3156
34.66979,135.53521,H-23.エスリード大阪城南グランデュクス,4,2,3496
35.66305,139.8087,H1-112.ファミリーマート江東塩浜二丁目店,30,4,10746
34.61599,135.538754,R-01.UR サンヴァリエ針中野,15,1,7776
34.391104,132.452878,009.平和記念公園,12,1,3208
35.670674,139.775993,B2-05.ＮＴＴ東日本築地ビル,3,2,10057
35.71408,139.810588,G2-06.ディアレイシャス押上スカイヴィレッジ,5,15,1730
33.24293,131.65529,67.高城駅駐輪場,10,1,85074
35.771708,139.583551,T2-57.大泉公園（第二）,6,9,1134
31.600577,130.562087,K1-18.鹿児島駅前,11,1,1550
34.469504,135.459755,【バッテリー交換可】車検センター,3,1,2825
34.65202,135.49581,E-50.エステムコート難波サウスプレイス6ラグジー,5,2,3159
35.154019,136.879462,297.ファミリーマート中川舟戸店,5,1,1608
34.69794,135.52559,G-31.エスリード京橋WEST,5,2,3497
35.50981,139.566249,【M-001】鴨居駅南口第三駐輪場,14,3,838
35.468406,139.619251,116.横浜駅西口第２駐車場,9,4,2067
35.453626,139.642432,010.横浜赤レンガ倉庫,39,4,2008
35.121637,136.936265,505.名鉄協商パーキング新瑞橋第8,7,1,3459
34.980099,135.756958,KT026-京都第一ホテル,11,1,2148
35.532054,139.542937,【M-008】北八朔農産物直売所,7,3,1458
35.478933,139.638926,141.NTT神奈川新町ビル,20,4,1431
35.000435,135.7761,KT385-第8パールハイツ安井 (B1F 地下駐輪場),3,1,3757
34.679664,135.591201,Z-02.フレスポ長田,25,1,7808
35.451442,139.61438,162.食選館 マルヤマ藤棚店,6,4,2213
35.632735,139.683899,J1-46.五本木西みどり街かど公園,1,12,612
34.710561,135.579541,M-02.鶴見緑地　駅前広場,8,1,7781
35.472589,139.480428,【S-004】瀬谷駅北口第五駐輪場（Ａ区画）,10,3,1315
35.611368,139.720424,I1-60.文庫の森第二,10,10,10783
34.632116,135.563265,U-08.フレグランス,7,1,3595
34.955721,135.755765,KT081-竹田駅西駐車場(くるっとパーク),15,1,2375
35.473642,139.473247,【S-012】瀬谷本郷公園,12,3,2233
35.462794,139.563716,【A-022】環２市沢下町バス停前,8,3,2709
35.522957,139.538029,【M-014】市営谷津田原ハイツ,7,3,2801
33.23522,131.63105,73.裏川緑地,8,1,85080
34.616072,135.487644,T-01.UR 住吉,16,1,7777
35.70214,139.78034,F1-07.LEXE秋葉原EAST,5,18,3672
35.454987,139.641577,055.マリン&ウォークヨコハマ,7,4,2046
35.708291,139.753335,E1-05.春日地下自転車駐車場,13,6,10231
34.406508,132.448808,153.セブン-イレブン広島横川新橋西店,5,1,3437
33.23742,131.6037,68.大分信用金庫 西新町支店,3,1,85075
35.526486,139.516547,【M-004】十日市場駅北口駐輪場,8,3,1074
35.455152,139.640658,104.カップヌードルミュージアムパーク,133,4,2092
34.708724,135.534343,_G-17.大阪シティ信用金庫 都島本通支店,10,2,191
35.608624,139.73715,I1-129.メイプルコート南品川,5,10,3970
35.645162,139.785386,H1-128.豊洲市場（5街区）,64,4,10898
35.457826,139.487922,【S-015】南台駐輪場,3,3,2740
35.612357,139.721484,I1-59.文庫の森第一,12,10,10782
36.548589,136.657386,69.ファミリーマート金沢寺町店,1,1,89073
34.931906,135.743911,KT192-吉田商事本社,8,1,2544
36.07465,136.218235,10.田原町駅広場,12,1,1421
35.65554,139.77102,B4-22.リビオレゾン勝どきNEX,30,2,161
35.659287,139.807358,H1-46.セブン-イレブン 江東枝川2丁目店,0,4,10264
35.026773,135.751306,KT063-Vine Oak General,7,1,2329
33.24581,131.61625,86.天神島児童公園,5,1,85035
36.594204,136.626491,72.石川県庁,18,1,851
43.074146,141.34787,64.まいばすけっと北11条西4丁目店,20,1,2732
34.691803,135.59,Z-03.フレスポ東大阪,19,1,7810
35.465175,139.583275,H-008.宮崎地下道広場,7,4,1463
35.475844,139.564913,H-011.西谷駅南口駐輪場,10,4,2739
35.527925,139.525213,【M-007】セブン-イレブン横浜西八朔町店,5,3,1354
35.47244,139.573425,H-004.セブン-イレブン横浜東川島町店,6,4,895
35.47044,139.480976,【S-001】瀬谷駅北口駐輪場,9,3,1077
34.68092,135.54114,H-24.エスリード大阪城アクシス,10,2,3646
34.685016,135.189986,09.メリケンパーク,8,1,3508
35.458864,139.486384,【S-010】市営南台ハイツ,5,3,1624
34.676948,135.557649,H-11.ファミリーマート深江北一丁目店,11,2,119
35.509963,139.563993,【M-003】鴨居駅南口第二駐輪場,8,3,924
35.399776,139.535463,【T-005】戸塚駅東口第二駐輪場,15,3,834
35.405372,139.534069,【T-001】戸塚駅東口駐輪場,38,3,797
35.377897,139.528481,【SK-001】金井公園,1,3,1594
35.462579,139.624539,130.横濱ゲートタワー,7,4,479
35.459948,139.622293,077.ふれあい歩道橋下,4,4,2066
34.950464,135.753102,KT194- i・テクノロジー,10,1,2546
35.003797,135.706254,KT111-京都信用金庫 梅津支店,5,1,2423
35.410572,139.494565,【I-012】和泉町作右衛門公園,6,3,2606
35.459844,139.62692,171.横浜ブルーアベニュー,14,4,2894
35.382515,139.501966,【T-014】ドコモショップ戸塚深谷店,9,3,1636
34.73871,135.521696,V-08.JR淡路駅,6,1,3759
33.24662,131.63864,78.ルネックスパーク萩原店,8,1,85085
35.459558,139.623183,076.高島交番横,8,4,2065
35.174671,136.889152,040.名鉄協商パーキング那古野2丁目,2,1,87035
35.002971,135.770747,KT117-陣の花,7,1,2439
43.070944,141.352806,69.札幌駅北口さつきた8・1前,28,1,3169
35.566751,139.745821,K1-173.大森東特別出張所,4,7,3538
34.6536,135.49555,E-55.エスプレイス難波サウスゲート,6,2,3647
35.006939,135.734315,KT109-絃 壬生西大竹町,5,1,2420
35.027961,135.775012,KT089-アベニール出町柳,12,1,2383
35.02733,135.730532,KT141-イズミヤ白梅町店(1F),6,1,2463
35.406109,139.519703,【T-020】矢部町1828-74,12,3,2608
35.481445,139.64434,136.GRC 横浜ベイリサーチパーク,9,4,1079
34.997974,135.777325,KT085-京都銀行 東山支店(GSパーク),8,1,2379
35.626169,139.78065,H1-230.シティサーキット東京ベイ北,17,4,3579
35.007306,135.749369,KT062-Vine Oak Daisy,4,1,2328
35.437303,139.549468,【T-021】ハーフェレ ジャパン,10,3,2893
34.65254,135.49541,E-54.エステムコート難波サウスプレイス3ラ・パーク2,5,2,3761
43.069119,141.332392,60.イオン札幌桑園ショッピングセンター,24,1,1591
35.428665,139.506861,【I-001】TSUTAYA BOOKSTORE 弥生台,4,3,794
35.744312,139.62017,T2-100.クレール ロジュマン,21,9,3582
34.956177,135.767278,KT080-青風,3,1,2372
34.996096,135.750521,KT077-ホテルリブマックス京都五条,5,1,2367
35.432844,139.556342,【T-003】東戸塚駅西口第二駐輪場,4,3,799
33.24139,131.59329,69.豊和銀行 本店,0,1,85076
43.060671,141.365815,39.札幌市民ギャラリー,20,1,86039
35.671282,139.675307,M5-03.代々木大山公園,14,8,10392
43.070534,141.351329,32.札幌第一合同庁舎前,19,1,86032
36.396175,136.460755,30.沖町１号公園【簡易ポート】,4,1,3915
34.65692,135.50711,E-52.エステムコート難波サウスプレイス,9,2,3523
34.686764,135.503327,B-86.ステラ淀屋橋ビル,5,2,3520
43.061654,141.347954,20.北1条通アーバンネット札幌ビル前南側,22,1,86021
34.994026,135.76638,KT076-ホテルリブマックス京都鴨川前,8,1,2366
35.011434,135.715241,KT073-大衆酒場 天 太秦天神川店,11,1,2354
35.60838,139.726587,I1-101.下神明駅前,29,10,1757
34.999519,135.766837,KT074-ホテルリブマックス京都寺町通,10,1,2364
34.988778,135.760332,KT031-京阪京都ビル,20,1,2138
43.047793,141.356342,22.札幌パークホテル,6,1,86023
35.016975,135.752205,KT162-FUJIYA,10,1,2495
35.025853,135.754416,KT064-Vine Oak Wisdom,2,1,2330
35.631192,139.79401,H1-18.東京ビッグサイト,19,4,10109
43.065731,141.350638,35.駅前通MMS札幌駅前ビル前,11,1,86049
34.987732,135.74555,KT139-Umekoji Potel Kyoto,7,1,2461
35.069453,135.749369,KT398-KYOTO HILLS 奥之院,4,1,3911
33.21246,131.59398,83.大分銀行 南支店,4,1,85026
43.061047,141.351816,54.駅前通札幌大通西4ビル前,12,1,664
36.57101,136.667063,08.徳田秋聲記念館,9,1,89008
34.981758,135.760594,KT088-HOTEL IMAGINE KYOTO,9,1,2382
33.22999,131.61292,92.線路敷ボードウォーク広場,4,1,143
33.23803,131.61222,80.大分県庁,3,1,85087
36.40207,136.441253,04.小松市末広体育館（義経アリーナ）【拠点ポート】,8,1,1440
33.24645,131.58477,81.かんたん港園,1,1,85016
43.065348,141.323925,51.ローソン札幌北6条西二十丁目店,20,1,183
35.718997,139.816325,G2-15.メイクスデザイン東向島,0,15,3564
33.23074,131.60369,82.大分銀行 ソーリン支店,4,1,85019
34.988494,135.767904,KT029-京阪七条駅前(1番出口),24,1,2143
34.961979,135.767964,KT203-りゅうこく国際ハウス,12,1,2557
35.577433,139.680752,K1-98.鵜の木松山公園,7,7,197
33.21961,131.58444,89.城南東児童公園,7,1,85053
34.67652,135.51768,B-90.エステムコート大阪城南2,3,2,3763
35.015209,135.770077,KT086-石長松菊園,8,1,2380
35.033792,135.735842,KT065-デトム・ワン衣笠,8,1,2331
36.401718,136.412634,02.小松空港【拠点ポート】,5,1,1389
34.621277,135.477329,T-09.ファミリーマート北加賀屋店,5,2,3439
35.414554,139.487227,【I-011】相鉄いずみ中央駅駐輪場,5,3,2114
33.23902,131.59054,90.大分県立図書館,5,1,85055
35.65928,139.744767,C1-15.東京タワー,16,3,10087
34.67657,135.51878,B-89.エステムコート大阪城南,3,2,3762
43.060368,141.355281,56.西2丁目線丸井今井前,19,1,735
35.171221,136.929078,260.ホテル メルパルク名古屋,4,1,1305
43.07487,141.350519,30.セントラル札幌北ビル,9,1,86030
35.043983,135.759011,KT071-京都中央信用金庫 北烏丸支店,10,1,2351
35.550479,139.739538,K1-110.萩中集会所裏,2,7,272
35.442932,139.636154,146.関東学院大学 関内キャンパス,8,4,1452
34.996653,135.757399,KT397-佐藤重,9,1,3887
33.23344,131.59954,13.レンブラントホテル大分,7,1,85013
43.056442,141.33425,42.南1条通NTT東日本札幌病院前,21,1,86043
43.06182,141.35415,40.札幌市役所,14,1,86040
35.017586,135.748204,KT075-ホテルリブマックス京都二条城北,7,1,2365
34.939783,135.765245,KT200-京阪丹波橋西ビル,7,1,2552
43.070524,141.361275,05.デ・アウネさっぽろビル,15,1,86053
35.65718,139.698687,M3-11.渋谷道玄坂東急ビル,7,8,10723
35.688132,139.714969,D1-17.クラッシィタワー新宿御苑,5,5,3971
33.31207,131.48885,54.大分香りの博物館,0,2,85058
35.689984,139.725261,D1-08.新宿歴史博物館,4,5,10514
34.956156,135.770257,KT206-京阪藤森駅前(東口/南改札),15,1,2622
33.2332,131.60503,95.大分駅高架下西駐輪場,7,1,235
34.41901,132.46052,159.大芝公園交通ランド,5,1,3764
33.24247,131.64078,99.大分銀行日岡・津留・萩原支店,9,1,1173
35.61543,139.707114,I1-128.スクエア荏原,4,10,3954
34.967419,135.731813,KT144-京都トヨタ クラフトセンター,7,1,2466
34.67902,135.82603,43.ドコモショップ奈良やすらぎ通り店,3,1,3448
35.567922,139.746181,K1-30.テクノFRONT森ケ崎,28,7,10451
35.668044,139.785801,B4-19.コーシャタワー佃,14,2,10934
33.22844,131.61375,96.バイシクルフレンドリーステーション,2,1,236
34.665192,135.498271,E-18.地下鉄なんば駅31番出口,6,2,7930
34.941416,135.758648,KT136-チッタリーベラ,12,1,2458
36.338403,136.43538,18.こまつドーム 駐輪場【簡易ポート】,0,1,1406
34.65744,135.50927,E-58.エステムコート四天王寺夕陽丘2,6,2,3978
35.035336,135.738504,KT140-夢 路,4,1,2462
35.643137,139.588347,L1-29.野川緑地広場,10,17,3581
35.024869,135.74042,KT124-三軒町(北野商店街西),10,1,2492
35.015792,135.742055,KT119-YADO TENKU 京都二条,5,1,2442
34.986749,135.761792,KT120-THE THOUSAND KYOTO,25,1,2441
35.632148,139.79017,H1-05.相鉄グランドフレッサ 東京ベイ有明,20,4,10096
34.657358,135.451203,O-23.OP TOWER I,3,2,3953
36.297476,136.424462,21.里山自然学校こまつ滝ヶ原【簡易ポート】,0,1,1409
35.030314,135.742589,KT112-京都信用金庫 西陣支店,8,1,2424
36.40362,136.449511,13.八の辻広場(八日市町）【簡易ポート】,0,1,1401
35.60913,139.632484,L1-30.二子玉川公園,7,17,3625
35.034645,135.781513,KT153-元田中駅前(南東側),9,1,2476
35.62531,139.78119,H1-231.シティサーキット東京ベイ南,7,4,3580
35.646375,139.740061,C4-09.ケーヨーデイツー三田店,5,3,10947
36.40152,136.526105,16.ハニベ巌窟院【簡易ポート】,0,1,1404
35.026384,135.74559,KT132-西陣IVY,7,1,2454
34.991135,135.7404,KT131-Stay SAKURA Kyoto 丹波口,10,1,2453
35.014714,135.77455,KT148-秋築町,10,1,2470
34.698414,135.489506,C-13.アパホテル大阪梅田,4,1,267
34.989,135.718825,KT313-ヘアクリエーションタカギ,5,1,3610
36.081518,136.218017,【臨時】福井県護国神社,2,1,3556
36.600208,136.616076,71.無量寺・アピタタウン金沢ベイ,21,1,780
35.419228,139.488557,【I-023】和泉中央北5-1-5地先,6,3,3741
35.713026,139.788338,F2-06.レガスタ浅草,5,18,3628
34.986861,135.77326,KT151-HOTEL KYOTOLOGY,8,1,2474
35.717357,139.757817,E4-02.向丘地域活動センター,9,6,10243
36.589306,136.674271,75.石川県立武道館,5,1,1194
34.987757,135.762593,KT168-キーゾーン高倉塩小路店,4,1,2509
35.077425,135.765666,KT167-叡電 二軒茶屋駅前,11,1,2502
35.01402,135.67877,KT224-嵐山ビジターズステーション＆カフェ,6,1,2609
34.984279,135.764473,KT158-河原町八条(くるっとパーク),7,1,2486
31.84023,131.40074,宮崎大学清武キャンパス　総合教育研究棟ポート,0,1,3861
34.3979,132.428764,126. もみじ銀行己斐本町ATM,17,1,626
36.568716,136.639568,39.金沢市民芸術村,0,1,89039
36.508889,138.141667,C-03.千曲駅駐輪場,6,2,819
38.259632,140.866842,65.カスタリア大町,3,1,67
35.045479,135.743521,KT234-今宮神社(D-Parking),5,1,2635
35.027279,135.699926,KT212-京都市宇多野ユースホステル,14,1,2571
35.014488,135.77271,KT138-Suminagi 新先斗町,4,1,2460
34.348541,134.045808,011.テックパーキング錦町１丁目３,3,1,3658
34.991534,135.779161,KT150-プチ・ソワレ,4,1,2473
34.932852,135.766828,KT199-桃山御陵前(Choei パーくん桃山駐輪場),5,1,2551
36.530747,138.114479,C-05.千曲市役所,7,2,823
35.020711,135.692019,KT147-サンメンバーズ京都嵯峨,7,1,2469
36.532941,138.127805,C-04.屋代駅駐輪場,4,2,820
33.23403,131.5878,118.王子山の手公園,5,1,3593
35.698068,139.682781,N3-05.中野坂上駅地下駐輪場,19,13,10963
34.981562,135.776843,KT154-泉涌寺,12,1,2477
34.981438,135.749547,KT135-KYOSTAYいろは 東寺本館,6,1,2457
35.748153,139.58765,T2-10.勤労福祉会館,3,9,10373
34.340443,134.050011,012.テックパーキング瓦町２丁目第１,2,1,3659
34.809743,134.691038,36.ローソン姫路南条一丁目店,11,1,3635
35.709903,139.694729,D3-19.AXAS高田馬場,3,5,3626
36.405016,136.423213,27.スカイパークこまつ共生の丘【簡易ポート】,2,1,2698
34.932313,135.749082,KT143-京都トヨタ伏見店,6,1,2465
34.35095,134.037963,013.テックパーキング浜ノ町第１,4,1,3660
34.976698,135.729484,KT146-京都トヨタ本社,8,1,2468
34.834127,134.683787,37.姫路船場別院 本徳寺東,8,1,3636
34.706332,135.487728,A-37.東通ビル,3,1,486
34.677544,135.49997,B-20.日本生命御堂筋ビル,8,2,7860
35.614687,139.71279,I1-125.ひらさん広場,5,10,3878
35.071979,135.769666,KT205-京都精華大学 学生食堂れあた,9,1,2559
35.676603,139.829736,H1-121.南砂5丁目,16,4,10848
36.553907,136.655908,35.新竪町・桜橋,3,1,89035
34.823902,134.702719,38.アビオしらさぎ,7,1,3637
35.203339,136.950535,564.名鉄協商パーキング金屋1丁目,5,1,3966
35.013551,135.732298,KT329-東洋精機製作所,4,1,3377
35.019875,135.697852,KT210-ヴィラトワベル,7,1,2569
35.053809,135.743025,KT227-大宮交通公園,4,1,2612
36.611315,136.604932,44.kuru.ru. 大野バイシクルベース,3,1,89044
34.962999,135.767028,KT202-龍谷大学 成就館(深草キャンパス),12,1,2555
35.072468,135.770024,KT204-京都精華大学 本館,20,1,2558
35.700052,139.673715,N3-13.中部すこやか福祉センター,5,13,647
35.462033,139.630055,044.高島中央公園,24,4,2037
34.926842,135.759281,KT198-京阪中書島駅前(北改札口),30,1,2550
34.992305,135.720551,KT114-京都信用金庫 西京極支店,12,1,2426
35.676475,139.804741,H1-41.深川北スポーツセンター,0,4,10212
35.038908,135.759476,KT236-京都信用金庫 鞍馬口支店,4,1,2642
35.430289,139.555123,【T-002】東戸塚駅西口駐輪場,5,3,798
34.995313,135.740737,KT169-京都リサーチパークKISTIC東側,13,1,2510
31.89478,131.42102,宮交シティポート,15,1,3876
34.941541,135.766109,KT201-京阪丹波橋駅前(北改札口),23,1,2553
35.57229,139.70498,K1-182.AXAS池上Sta．,7,7,3877
34.818702,134.692951,39.サラト本社駐輪場,12,1,3638
34.691388,135.176857,16.ジオ神戸中山手通前,0,1,3517
36.554072,136.644416,26.野町駅,0,1,89026
35.028541,135.755926,KT238-今出川新町(くるっとパーク),12,1,2649
33.24074,131.58971,120.つばさ児童公園,0,1,3683
34.69335,135.205045,28.HATゆめ公園,3,1,3639
35.001277,135.759225,KT306-京都小川ビル・SoloTime 京都店,11,1,3138
34.947476,135.762922,KT277-カナートモール伏見,8,1,2935
35.005608,135.772978,KT275-縄手通新橋駐車場 精算機横側(くるっとパーク),2,1,2940
33.25585,131.55601,113.たのうらら,11,1,2987
35.017243,135.722036,KT333-プレミール車道,6,1,3393
35.057452,135.741036,KT118-大宮西山ノ前町,7,1,2440
35.044143,135.737766,KT229-佛教大学 ７号館南,18,1,2615
35.66646,139.752138,C1-78.CIRCLES新橋,9,3,1385
35.716776,139.577975,T2-58.立野公園,4,9,1135
35.63894,139.66534,L1-34.ARKMARK三軒茶屋,7,17,3879
34.998522,135.758223,KT322-8ART WORK STUDIO,6,1,3345
34.989067,135.735744,KT267-プレジャーコート1,4,1,2833
34.672815,135.498492,B-02.アメリカ村,4,1,7806
33.22882,131.57928,106.虹ヶ丘西児童公園,6,1,2733
35.542079,139.70903,K1-176.六郷土手第２駐車場・第２バイク駐輪場,28,7,3703
34.996593,135.749471,KT300-アパホテル 京都五条大宮,6,1,3110
35.039066,135.748896,KT235-今宮神社御旅所前(D-Parking),10,1,2636
35.040887,135.756858,KT247-小山南大野町,11,1,2661
31.960174,131.437453,宮崎トヨタ花ヶ島店,5,1,3797
35.014121,135.769102,KT260-チャプター京都 トリビュートポートフォリオホテル,12,1,2686
36.59625,136.6265,50.セブンイレブン金沢石川県庁前店,10,1,89058
35.041158,135.78154,KT215-イズミヤ高野店,9,1,2464
35.018919,135.742736,KT239-爲國淳史税理士事務所,7,1,2650
36.562019,136.652486,14.香林坊せせらぎ,3,1,89014
35.657682,139.697165,M3-01.渋谷マークシティ,12,8,10382
34.997626,135.756657,KT324-プチハウス新町,2,1,3351
36.406143,136.461121,05.アル・プラザ小松【拠点ポート】,2,1,1392
35.739633,139.570457,T2-88.南大泉かたまち緑地,4,9,2179
35.026615,135.7276,KT219-北野西白梅町(くるっとパーク),9,1,2598
35.640215,139.755971,C5-15.セブン-イレブン 港区芝浦ふ頭店,1,3,10221
34.999383,135.76281,KT245-コワーキング∞ラボ京創舎,1,1,2656
36.547777,136.68,73.石川県立図書館,7,1,874
33.23462,131.59436,112.大分銀行春日出張所,3,1,2986
34.69549,135.208626,29.脇浜海岸通り公園ポート,5,1,3640
35.584217,139.759232,K1-133.東京港野鳥公園,11,7,996
35.117631,136.900957,561.名鉄協商パーキング千年1丁目,4,1,3967
35.713223,139.721699,E2-07.肥後細川庭園,12,6,10505
34.938642,135.748584,KT233-川十株式会社,4,1,2631
35.667259,139.745643,C1-57.虎ノ門ツインビルディング,31,3,10868
34.684949,135.507436,B-21.ニッセイ備後町ビル,9,2,7861
33.23238,131.60755,111.要町バスターミナル西B,8,1,2985
36.572064,136.656882,29.かなざわはこまち,11,1,89029
34.684618,135.198324,36.神戸税関前ポート,14,1,3968
34.981326,135.76001,KT272-ホテル晴輝 京都ステーション 裏側,4,1,2852
35.018548,135.681648,KT266-JR嵯峨嵐山駅前(名鉄協商パーキング),12,1,2822
35.405876,139.494807,【I-030】泉ヶ丘幼稚園,4,3,3965
35.681089,139.800777,H1-55.深川江戸資料館,38,4,10294
35.02394,135.705198,KT211-鳴滝窯・陶芸教室,2,1,2570
35.018517,135.734655,KT283-ソフィア円町,4,1,2931
35.007788,135.728025,KT282-西院上花田町(右京税務署南側),9,1,2936
34.927294,135.75446,KT258-シュンビン,10,1,2671
35.045844,135.747069,KT299-ハーティーライフかみとも,7,1,3047
35.014919,135.761256,KT339-More御所南,2,1,3408
34.953116,135.768026,KT256-ジュワイユ・ゆうき,10,1,2669
36.593627,136.627882,42.NTTドコモ西都ビル,40,1,89070
36.553237,136.62046,49.西金沢駅西口,9,1,218
36.400174,136.44874,26.猫橋交差点【拠点ポート】,2,1,2697
35.208134,136.948448,551.名鉄協商パーキング新守山駅西第3,4,1,3687
35.000533,135.748356,KT254-新日勝ビル,4,1,2667
33.23882,131.59356,116.ひばり公園交差点,3,1,3348
35.586015,139.752107,K1-159.臨海斎場,5,7,2896
36.598866,136.657854,93.城北市民運動公園,19,1,1394
34.994841,135.715236,KT265-西京極総合運動公園(市民スポーツ会館前),10,1,2783
34.976886,135.759559,KT261-OMOTENASHI,5,1,2716
35.038401,135.791858,KT296-ペットショップ ピーターパン,4,1,3037
35.561469,139.711465,K1-178.西蒲田公園（公園入口横）,11,7,3704
34.709411,135.216404,30.王子動物園,11,1,3641
35.01563,135.721795,KT332-プレミール馬塚,3,1,3392
34.99294,135.727195,KT316-五力工房,4,1,3193
35.666349,139.741781,C3-36.第35興和ビル,4,3,2363
34.95046,135.745587,KT284-鴨LABO(カモラボ),4,1,2932
35.72104,139.818281,G2-10.すみだ生涯学習センター,3,15,2819
33.2377,131.596,115.南春日,0,1,3347
35.024881,135.791294,KT255-SHARE HOUSEフラットボレロ浄土寺,2,1,2668
35.054511,135.747884,KT298-つるかめ製麺所(西側),10,1,3039
35.596733,139.73804,I1-66.南大井文化センター駐車場,0,10,10856
35.126985,136.911023,543.名鉄協商パーキング神宮前北,1,1,3686
35.46474,139.564659,H-019.川島町657-2地先,8,4,3717
35.005719,135.755,KT336-興和セントラルビル,2,1,3396
36.402922,136.452116,01.小松駅（團十郎芸術劇場うらら）【拠点ポート】,15,1,1388
36.400261,136.456242,29.日の出ふれあい公園【簡易ポート】,2,1,2700
33.23475,131.59687,117.河野電気,1,1,3428
34.966301,135.741622,KT281-上鳥羽北村山町,4,1,2909
34.978533,135.702391,KT263-阪急桂駅前(西口/南西),11,1,2744
35.015415,135.757936,KT335-S.R 丸太町,8,1,3395
36.419694,136.433208,28.小松グリーンホテル【簡易ポート】,0,1,2699
34.9972,135.71798,KT303-京都光華女子大学 駐輪場,10,1,3078
34.969186,135.770912,KT257-京都信用金庫 稲荷支店,4,1,2670
35.017671,135.755144,KT279-京都中央信用金庫 府庁前支店,7,1,2939
35.699885,139.749825,A1-21.東京しごとセンター,7,1,3603
34.962752,135.93949,ST002-龍谷大学 瀬田キャンパス9号館,9,2,2760
35.07204,135.779172,KT360-京都精華大学 木野寮,7,1,3574
35.670336,139.771911,B3-02.サンクンガーデン,0,2,10058
35.480418,139.550959,【A-024】白根3-12-17地先,5,3,3722
34.981959,135.769799,KT159-京阪東福寺駅(北側),13,1,2488
34.687945,135.499652,B-01.大阪ガス,16,1,7802
36.559986,136.683003,108.アルビスくらす杜の里店,9,1,1682
35.68023,139.834836,H1-207.砂銀ビル,7,4,2431
35.012249,135.764465,KT343-京都建設会館,4,1,3432
35.468783,139.622833,181.トレゾ横浜,1,4,3481
36.551162,136.712183,E13_臨時 角間キャンパス北地区駐車場,24,1,1685
35.054394,135.729017,KT345-四季育む宿 然林房,10,1,3462
35.437993,139.636388,174.東京電力パワーグリッド株式会社中事務所,5,4,3077
34.712438,135.509424,A-01.HUBchari事務局,2,1,7801
35.43649,139.625903,059.南吉田小学校交差点,23,4,2024
36.355927,136.425238,07.粟津駅【拠点ポート】,9,1,1395
35.003526,135.717365,KT362-ドコモショップ四条外大前店①(正面),1,1,3576
35.009094,135.701769,KT346-Maenota ワインショップ,8,1,3463
34.965556,135.941489,ST001-龍谷大学 瀬田キャンパス駐輪場,30,2,2759
34.98839,135.756081,KT262-FIRST,2,1,2722
36.408438,136.445753,03.小松市役所【拠点ポート】,6,1,1390
34.981324,135.75986,KT271-ホテル晴輝 京都ステーション 正面,2,1,2853
36.333531,136.42963,19.日本自動車博物館【簡易ポート】,0,1,1407
35.440248,139.524308,【I-016】相鉄文化会館,11,3,3596
35.526238,139.72907,Z08.ファミリーマート観音二丁目店,7,11,10678
36.618424,136.605225,E07_臨時 石川県金沢港大野からくり記念館,2,1,89068
34.942751,135.761087,KT347-コテドパルク住吉,9,1,3464
36.331333,136.44639,09.粟津温泉総湯【拠点ポート】,7,1,1397
36.54614,136.703719,E14_臨時 角間キャンパス南地区駐車場,13,1,1686
35.05418,135.749187,KT342-ノースヴィレッジ・アラ,5,1,3426
34.981673,135.763779,KT269-Guest House えにし 横側,10,1,2850
35.063228,135.741958,KT365-西賀茂大道口町(今原公園北東),2,1,3585
35.686847,139.765151,A4-02.東京サンケイビル,43,1,10033
31.917636,131.42537,カリーノ宮崎ポート,5,1,6128
33.23562,131.60937,139.トキハ本店,40,1,6129
35.50881,139.691558,【TR-016】リパーク横浜栄町通2丁目第2,5,3,7288
35.150605,136.921115,805.H･S TOWN,4,1,7289
35.172635,136.895938,814.名鉄協商パーキング桜通錦,12,1,7290
35.202622,136.907059,809.ローソン北区金城町二丁目店,4,1,7291
35.194081,136.991945,810.ローソン名東区猪高町店,3,1,7292
35.17458,137.011974,811.ローソン名東区本郷二丁目店,3,1,7293
35.671008,139.720904,C3-44.ユニマットパーキング南青山２丁目第３,1,3,7295
35.661922,139.720803,C2-36.ユニマットパーキング西麻布２丁目第１,10,3,7296
35.550474,139.744428,K1-266.セブン‐イレブン大田区羽田１丁目店,5,7,7298
35.679919,139.83364,H1-298.砂町銀座通り,6,4,7299
38.274362,140.892175,201.花の湯隣,7,1,7301
38.262821,140.889299,202.ラポール日泉,0,1,7302
34.833819,134.700411,62.ファミリーマート姫路壱丁町店,9,1,7304
35.026146,135.72571,KT588-北野壱番館,4,1,7305
35.439782,139.606991,MN-004.清水ヶ丘187-18,4,4,7306
35.693074,139.810726,G5-11.リヴシティ錦糸町参番館,11,15,7309
35.174183,136.880523,815.名鉄協商パーキング牛島第10,0,1,7310
34.37684,132.49406,224.ローソン広島仁保新町,5,1,7312
34.38477,132.4424,225.ローソン広島舟入本町店,8,1,7313
34.3801,132.44301,226.ローソン広島舟入川口町店,3,1,7314
34.37917,132.42715,227.ローソン広島南観音店,4,1,7315
34.387984,132.43895,228.ローソン広島観音本町一丁目店,6,1,7316
35.048932,135.735695,KT589-アウル鷹峯Ⅱ,5,1,7317
35.068454,135.777034,KT590-岩倉幡枝町,9,1,7318
34.809926,134.675135,63.ファミリーマート姫路亀山店,11,1,7319
34.80085,134.678643,64.ファミリーマート姫路玉地店,0,1,7320
34.656356,133.908485,M095.ファミリーマート岡山新屋敷店,17,1,7322
34.673387,133.917653,M066.ノートルダム清心女子大学,18,1,7323
38.260339,140.870603,204.藤崎芭蕉の辻ビルディング,3,1,7326
34.961441,135.7677,KT591-アーバンホテル京都(地下駐車場B1F),9,1,7327
35.158948,137.001354,782.ファイブヒルズ,7,1,7330
35.151754,136.89393,806.ヤマガタヤビル,4,1,7332
35.696094,139.804844,G6-07.パラッツォ,2,15,7333
35.707317,139.793614,F1-09.蔵前ミハマビル,3,18,7334
35.69573,139.640888,O5-14.梅里中央公園,5,14,7335
35.608047,139.698859,I1-167.リパーク旗の台6丁目,30,10,7336
35.68968,139.773003,B1-44.日本橋室町四丁目,51,2,7337
34.72902,135.544305,W-10.ファミリーマート大阪工大前店,5,2,7339
34.660836,133.906429,M094.遊プラザ,5,1,7341